t_s,T1,T2,T3,T4
0.00,986.335,994.671,1011.860,1003.557
0.04,985.413,995.539,1011.470,1003.854
0.08,986.130,995.869,1011.833,1003.822
0.12,986.982,995.327,1013.095,1004.089
0.16,987.650,994.718,1013.244,1004.569
0.20,986.973,995.053,1012.699,1004.379
0.24,986.005,995.901,1011.838,1003.829
0.28,985.725,995.972,1011.556,1003.913
0.32,986.408,995.103,1012.564,1003.946
0.36,987.285,994.259,1012.916,1003.687
0.40,986.624,994.025,1012.514,1003.658
0.44,985.764,994.575,1011.555,1003.428
0.48,985.311,995.133,1011.429,1003.074
0.52,986.217,994.864,1012.048,1003.316
0.56,986.977,994.199,1012.937,1003.981
0.60,987.237,994.365,1012.973,1004.016
0.64,986.436,995.343,1011.971,1003.926
0.68,985.524,996.111,1011.641,1004.117
0.72,986.589,996.028,1012.477,1004.063
0.76,987.682,995.211,1013.672,1004.410
0.80,987.874,994.737,1013.357,1004.901
0.84,986.744,995.503,1012.442,1004.431
0.88,985.757,996.436,1011.670,1003.809
0.92,985.864,996.042,1011.604,1004.103
0.96,986.755,994.836,1012.960,1004.056
1.00,987.701,993.986,1013.335,1003.544
1.04,986.638,993.978,1012.431,1003.703
1.08,985.396,994.806,1011.193,1003.565
1.12,985.359,995.562,1011.540,1002.928
1.16,986.611,994.994,1012.683,1003.583
1.20,987.700,994.101,1013.299,1004.606
1.24,987.456,994.734,1013.414,1004.279
1.28,986.514,996.140,1011.967,1004.086
1.32,985.647,996.728,1011.596,1004.702
1.36,986.795,996.376,1012.655,1004.553
1.40,987.937,995.404,1013.805,1004.342
1.44,987.772,994.647,1013.432,1004.797
1.48,986.446,995.108,1011.917,1004.350
1.52,985.095,996.000,1011.391,1003.169
1.56,985.619,995.454,1011.412,1003.212
1.60,986.581,993.826,1012.615,1003.784
1.64,987.239,993.186,1013.325,1003.224
1.68,986.621,993.810,1012.156,1002.994
1.72,985.143,994.852,1011.275,1003.649
1.76,985.636,995.687,1011.316,1003.541
1.80,986.682,995.622,1013.069,1003.702
1.84,988.124,994.850,1013.546,1004.829
1.88,987.593,995.047,1013.145,1005.172
1.92,986.395,996.516,1012.244,1004.230
1.96,985.650,997.021,1011.260,1004.239
2.00,986.185,995.969,1012.259,1004.510
2.04,987.662,994.553,1013.543,1003.877
2.08,987.361,993.770,1013.109,1003.640
2.12,985.823,994.057,1011.474,1003.617
2.16,984.767,995.030,1010.810,1002.742
2.20,985.303,995.028,1011.520,1002.544
2.24,986.745,993.770,1012.564,1003.641
2.28,987.280,993.367,1013.337,1003.866
2.32,986.852,994.575,1012.473,1003.379
2.36,985.537,995.886,1011.457,1004.008
2.40,985.915,996.417,1011.824,1004.476
2.44,987.428,996.093,1013.274,1004.381
2.48,988.074,995.322,1013.906,1004.955
2.52,987.469,995.230,1012.827,1005.210
2.56,985.964,996.240,1011.865,1004.113
2.60,985.476,996.436,1011.398,1003.503
2.64,986.130,994.964,1012.008,1003.897
2.68,987.226,993.516,1013.299,1003.474
2.72,987.110,993.218,1012.740,1002.968
2.76,985.275,993.935,1011.191,1003.222
2.80,984.678,994.976,1010.491,1002.869
2.84,985.508,995.114,1011.855,1002.675
2.88,987.140,994.075,1012.917,1003.841
2.92,987.515,993.769,1013.189,1004.433
2.96,986.731,995.183,1012.595,1003.755
3.00,985.744,996.460,1011.370,1004.009
3.04,985.858,996.476,1012.104,1004.696
3.08,987.908,995.770,1013.327,1004.419
3.12,987.867,995.030,1013.891,1004.688
3.16,987.145,995.060,1012.502,1004.767
3.20,985.793,995.927,1011.672,1003.829
3.24,985.576,996.033,1011.615,1003.399
3.28,986.317,994.738,1011.958,1003.880
3.32,986.804,993.712,1013.105,1003.506
3.36,986.948,993.652,1012.467,1002.908
3.40,985.544,994.160,1011.711,1003.339
3.44,985.460,994.869,1011.197,1003.373
3.48,985.968,995.255,1012.022,1003.204
3.52,986.869,994.832,1012.905,1003.968
3.56,987.555,994.623,1013.066,1004.619
3.60,987.039,995.469,1013.141,1004.328
3.64,986.700,996.415,1011.931,1004.418
3.68,986.074,996.550,1012.289,1004.900
3.72,987.252,996.124,1012.917,1004.501
3.76,987.516,995.327,1013.211,1004.375
3.80,987.015,994.808,1013.055,1004.436
3.84,986.469,995.017,1011.879,1003.810
3.88,985.377,995.288,1011.686,1003.294
3.92,985.975,994.795,1011.595,1003.282
3.96,986.435,993.960,1012.543,1003.439
4.00,986.684,993.692,1012.657,1003.263
4.04,986.252,994.184,1011.719,1003.305
4.08,985.364,994.946,1011.811,1003.469
4.12,986.228,995.340,1011.678,1003.546
4.16,986.567,995.159,1012.975,1004.054
4.20,987.489,994.962,1013.000,1004.451
4.24,986.961,995.358,1012.679,1004.452
4.28,986.273,996.032,1012.365,1004.237
4.32,986.414,996.080,1011.692,1004.274
4.36,986.201,995.538,1012.648,1004.215
4.40,987.139,994.758,1012.643,1003.763
4.44,986.612,994.288,1012.474,1003.656
4.48,985.823,994.297,1011.913,1003.471
4.52,985.823,994.668,1011.381,1002.910
4.56,985.699,994.515,1012.417,1003.153
4.60,987.015,994.126,1012.221,1003.724
4.64,986.591,994.421,1012.778,1003.885
4.68,986.456,995.306,1012.188,1003.795
4.72,986.081,995.905,1011.739,1004.165
4.76,986.395,995.870,1012.638,1004.310
4.80,987.537,995.488,1012.839,1004.297
4.84,987.046,995.146,1013.274,1004.564
4.88,986.894,995.299,1012.228,1004.300
4.92,986.017,995.696,1012.013,1003.804
4.96,986.137,995.431,1012.083,1003.758
5.00,986.542,994.675,1012.162,1003.926
5.04,986.491,994.285,1012.767,1003.485
5.08,986.437,994.323,1011.852,1003.278
5.12,985.406,994.478,1011.521,1003.400
5.16,985.612,994.661,1011.506,1003.085
5.20,986.148,994.525,1012.249,1003.028
5.24,986.892,994.044,1013.014,1003.704
5.28,987.199,994.360,1012.764,1004.133
5.32,986.614,995.524,1012.577,1004.080
5.36,986.411,996.455,1012.153,1004.489
5.40,986.782,996.553,1012.557,1005.001
5.44,987.440,996.226,1013.265,1004.917
5.48,987.527,995.780,1013.117,1004.720
5.52,986.520,995.501,1012.327,1004.507
5.56,985.981,995.396,1011.678,1003.638
5.60,985.733,994.815,1011.904,1003.033
5.64,986.296,993.729,1012.175,1003.133
5.68,986.374,993.159,1012.380,1003.023
5.72,985.962,993.624,1012.033,1002.714
5.76,985.724,994.421,1011.398,1003.027
5.80,985.635,994.914,1011.892,1003.652
5.84,986.875,995.245,1012.456,1003.868
5.88,987.185,995.370,1013.162,1004.433
5.92,987.315,995.683,1013.029,1004.917
5.96,987.182,996.347,1012.660,1004.802
6.00,986.834,996.677,1012.983,1004.763
6.04,987.287,996.326,1012.539,1005.007
6.08,986.887,995.792,1012.965,1004.741
6.12,986.939,995.419,1012.564,1003.944
6.16,986.040,994.862,1011.767,1003.769
6.20,985.612,994.369,1011.995,1003.203
6.24,986.346,993.920,1011.935,1002.600
6.28,986.063,993.404,1012.416,1003.027
6.32,986.323,993.599,1011.822,1003.324
6.36,985.721,994.598,1011.833,1003.120
6.40,986.109,995.312,1012.076,1003.490
6.44,986.594,995.322,1012.219,1004.503
6.48,987.160,995.507,1013.346,1004.491
6.52,987.754,995.874,1013.173,1004.463
6.56,986.906,996.058,1012.729,1005.222
6.60,986.785,996.423,1012.547,1004.859
6.64,986.866,996.450,1012.518,1004.207
6.68,986.695,995.548,1012.751,1004.524
6.72,987.013,994.729,1012.500,1004.247
6.76,986.205,994.608,1012.248,1003.234
6.80,985.479,994.432,1011.070,1002.975
6.84,984.841,994.002,1011.107,1002.888
6.88,985.769,993.570,1011.896,1002.194
6.92,986.336,993.024,1012.093,1002.585
6.96,985.959,993.127,1012.063,1003.339
7.00,985.843,994.437,1011.603,1003.008
7.04,985.748,995.547,1011.910,1003.310
7.08,986.724,995.594,1012.332,1004.554
7.12,987.503,995.625,1013.309,1004.993
7.16,987.594,996.129,1013.580,1004.661
7.20,987.102,996.433,1012.330,1005.084
7.24,986.324,996.537,1012.438,1005.040
7.28,986.828,996.224,1012.296,1004.074
7.32,986.499,995.167,1012.554,1003.986
7.36,986.573,994.081,1012.598,1003.764
7.40,986.476,993.811,1012.067,1002.907
7.44,985.519,993.960,1011.856,1002.733
7.48,985.603,994.044,1011.194,1003.090
7.52,985.715,994.275,1012.057,1003.058
7.56,986.825,994.452,1012.639,1003.277
7.60,986.904,994.605,1012.763,1004.277
7.64,986.938,995.469,1012.653,1004.536
7.68,986.768,996.534,1012.566,1004.425
7.72,986.924,996.750,1012.607,1005.045
7.76,987.267,996.295,1013.044,1005.300
7.80,987.644,996.034,1013.470,1004.613
7.84,987.245,995.664,1012.873,1004.492
7.88,986.406,995.346,1012.147,1004.496
7.92,986.037,995.264,1011.978,1003.527
7.96,986.120,994.799,1011.979,1003.102
8.00,986.133,993.852,1012.225,1003.450
8.04,986.394,993.574,1012.216,1003.112
8.08,986.087,994.082,1012.079,1002.773
8.12,985.746,994.461,1011.643,1003.436
8.16,986.173,994.868,1011.973,1003.767
8.20,986.780,995.310,1013.011,1003.763
8.24,987.414,995.408,1012.770,1004.557
8.28,987.003,995.745,1012.991,1005.102
8.32,987.109,996.520,1012.770,1004.541
8.36,986.768,996.608,1012.244,1004.718
8.40,986.427,996.021,1012.581,1004.893
8.44,987.281,995.372,1012.612,1003.973
8.48,986.410,994.671,1012.741,1003.654
8.52,986.343,994.151,1011.892,1003.571
8.56,985.890,994.205,1012.015,1002.990
8.60,985.903,994.284,1011.910,1002.907
8.64,986.081,994.150,1011.845,1003.435
8.68,986.330,994.421,1012.551,1003.490
8.72,986.807,994.900,1012.481,1003.618
8.76,986.580,995.331,1012.413,1004.367
8.80,986.651,995.805,1012.465,1004.560
8.84,986.873,996.242,1012.482,1004.345
8.88,986.683,996.013,1012.524,1004.632
8.92,986.730,995.530,1012.288,1004.494
8.96,986.426,995.223,1012.617,1003.702
9.00,986.604,994.669,1012.293,1003.409
9.04,986.079,994.110,1011.987,1003.683
9.08,985.982,994.173,1011.975,1003.060
9.12,985.896,994.382,1011.675,1002.798
9.16,985.721,994.235,1011.813,1003.446
9.20,986.371,994.297,1012.248,1003.432
9.24,986.746,994.696,1012.682,1003.386
9.28,986.577,994.992,1012.301,1004.232
9.32,986.388,995.576,1012.040,1004.451
9.36,986.477,996.162,1012.699,1003.968
9.40,987.255,995.814,1012.610,1004.448
9.44,986.898,995.282,1012.978,1005.019
9.48,987.150,995.514,1012.647,1004.047
9.52,986.266,995.638,1012.265,1003.750
9.56,986.124,995.124,1012.055,1004.183
9.60,986.649,994.729,1012.109,1003.676
9.64,986.209,994.525,1012.576,1003.222
9.68,986.048,994.259,1011.350,1003.515
9.72,985.488,994.310,1011.795,1003.148
9.76,986.171,994.405,1012.070,1002.687
9.80,986.248,994.091,1011.799,1003.545
9.84,986.054,994.241,1012.487,1003.718
9.88,986.800,994.976,1012.105,1003.206
9.92,986.112,995.287,1012.531,1004.067
9.96,987.036,995.388,1012.510,1004.649
10.00,987.223,995.849,1013.167,1004.378
10.04,987.277,996.118,1013.052,1004.676
10.08,986.997,996.093,1012.331,1005.193
10.12,986.546,996.267,1012.813,1004.474
10.16,986.856,995.941,1012.228,1003.967
10.20,986.262,994.959,1012.449,1004.266
10.24,986.597,994.342,1012.220,1003.514
10.28,985.883,994.165,1011.807,1002.793
10.32,985.402,993.868,1011.730,1002.859
10.36,986.061,993.714,1011.478,1002.893
10.40,985.889,993.861,1012.714,1002.891
10.44,986.894,994.210,1012.170,1003.437
10.48,986.409,994.880,1012.490,1004.245
10.52,986.664,995.916,1012.585,1004.337
10.56,986.968,996.583,1012.277,1004.649
10.60,986.994,996.479,1013.388,1005.206
10.64,987.995,996.192,1013.094,1005.137
10.68,987.046,996.075,1013.264,1004.885
10.72,986.828,995.952,1012.184,1004.477
10.76,986.093,995.559,1011.843,1004.010
10.80,986.044,994.835,1012.405,1003.402
10.84,986.600,993.911,1011.846,1003.143
10.88,985.637,993.402,1012.265,1003.034
10.92,985.923,993.657,1011.334,1002.515
10.96,985.258,994.022,1011.631,1002.651
11.00,985.961,994.137,1011.991,1003.231
11.04,986.789,994.404,1012.307,1003.640
11.08,986.880,995.017,1013.296,1004.069
11.12,987.345,995.799,1012.408,1004.749
11.16,986.666,996.592,1012.964,1005.094
11.20,987.305,997.018,1012.710,1005.008
11.24,987.211,996.669,1012.929,1005.189
11.28,987.266,995.991,1013.325,1004.962
11.32,987.104,995.467,1012.247,1004.284
11.36,985.654,995.042,1012.069,1003.618
11.40,985.776,994.424,1011.373,1002.924
11.44,985.733,993.567,1012.046,1002.567
11.48,986.142,992.897,1012.132,1002.625
11.52,985.930,993.099,1011.355,1002.715
11.56,985.026,994.034,1011.636,1002.671
11.60,985.865,994.754,1011.320,1003.006
11.64,986.452,994.873,1012.924,1003.939
11.68,987.836,995.080,1013.493,1004.630
11.72,987.796,995.941,1013.269,1005.042
11.76,986.811,997.073,1012.747,1005.370
11.80,986.735,997.638,1011.816,1005.268
11.84,986.684,997.083,1013.184,1004.904
11.88,987.938,995.601,1012.981,1004.654
11.92,986.853,994.427,1012.998,1004.321
11.96,986.242,994.295,1012.141,1003.038
12.00,985.367,994.297,1011.000,1002.624
12.04,984.882,993.813,1011.481,1002.816
12.08,986.114,993.395,1011.588,1002.494
12.12,986.271,993.277,1012.898,1002.601
12.16,986.825,993.683,1012.347,1003.569
12.20,986.272,994.966,1012.017,1004.121
12.24,986.227,996.450,1012.401,1004.088
12.28,987.047,996.830,1012.261,1004.938
12.32,987.459,996.383,1013.778,1005.598
12.36,988.453,996.234,1013.597,1005.141
12.40,986.992,996.285,1012.891,1005.017
12.44,986.232,996.268,1011.873,1004.593
12.48,986.044,995.772,1012.079,1003.653
12.52,986.595,994.504,1012.662,1003.326
12.56,986.719,993.267,1012.279,1003.553
12.60,985.867,993.390,1012.125,1002.829
12.64,985.476,994.130,1011.197,1002.305
12.68,985.281,994.339,1011.479,1003.073
12.72,986.489,994.319,1012.592,1003.623
12.76,987.595,994.676,1013.249,1003.868
12.80,987.147,995.400,1013.088,1004.808
12.84,986.971,996.516,1012.216,1005.167
12.88,986.433,997.440,1012.742,1004.869
12.92,987.456,997.046,1012.694,1005.053
12.96,987.381,995.852,1013.387,1005.356
13.00,987.492,995.261,1013.188,1004.328
13.04,986.412,995.071,1011.953,1003.611
13.08,985.224,994.706,1011.550,1003.407
13.12,985.847,994.185,1011.381,1002.732
13.16,985.959,993.498,1012.595,1002.549
13.20,986.774,993.036,1012.226,1003.103
13.24,986.099,993.721,1012.152,1003.399
13.28,985.924,995.125,1011.971,1003.243
13.32,986.292,995.907,1011.752,1004.073
13.36,986.702,995.932,1013.170,1004.943
13.40,988.236,995.978,1013.281,1004.838
13.44,987.392,996.157,1013.576,1005.134
13.48,987.022,996.423,1012.270,1005.224
13.52,986.103,996.655,1011.932,1004.462
13.56,986.387,995.981,1012.762,1003.776
13.60,987.219,994.375,1012.476,1004.002
13.64,986.638,993.563,1013.221,1003.692
13.68,986.592,994.001,1011.813,1002.734
13.72,984.815,994.539,1011.075,1003.091
13.76,985.360,994.679,1011.553,1003.177
13.80,986.981,994.468,1012.618,1003.157
13.84,987.344,994.145,1013.822,1004.159
13.88,987.540,994.848,1012.360,1004.818
13.92,985.854,996.557,1012.322,1004.346
13.96,986.333,997.329,1011.772,1004.324
14.00,986.958,996.349,1012.920,1005.208
14.04,988.284,995.267,1014.245,1004.920
14.08,987.882,995.052,1012.984,1004.424
14.12,985.647,995.466,1011.884,1004.214
14.16,985.216,995.777,1010.611,1003.436
14.20,985.241,995.009,1011.776,1002.791
14.24,986.966,993.295,1012.783,1002.970
14.28,987.042,992.384,1012.947,1003.339
14.32,985.973,993.467,1011.860,1002.845
14.36,984.885,995.161,1010.556,1002.799
14.40,985.067,995.669,1011.495,1003.552
14.44,987.356,995.108,1012.921,1004.137
14.48,988.170,994.726,1014.365,1004.638
14.52,987.920,995.360,1013.306,1005.072
14.56,986.304,996.820,1011.868,1004.994
14.60,985.747,997.639,1011.804,1004.531
14.64,987.007,996.647,1012.710,1004.579
14.68,988.073,994.776,1014.137,1004.818
14.72,988.030,994.073,1013.478,1004.333
14.76,985.963,994.847,1011.778,1003.578
14.80,984.637,995.622,1010.640,1003.152
14.84,985.263,995.150,1011.276,1003.027
14.88,986.877,993.712,1013.071,1003.175
14.92,987.810,992.895,1013.554,1003.572
14.96,986.663,993.843,1012.272,1003.778
15.00,985.223,995.800,1011.076,1003.536
15.04,985.397,996.731,1011.567,1003.796
15.08,987.277,995.910,1012.923,1004.698
15.12,988.440,994.935,1014.554,1005.124
15.16,988.291,995.276,1013.562,1004.833
15.20,986.143,996.411,1011.788,1004.752
15.24,985.193,997.069,1011.186,1004.259
15.28,986.219,996.187,1012.145,1003.722
15.32,987.588,994.120,1013.861,1003.943
15.36,987.900,993.028,1013.073,1004.013
15.40,985.698,994.004,1011.875,1003.176
15.44,984.742,995.400,1010.508,1002.535
15.48,985.050,995.238,1011.300,1003.253
15.52,987.106,994.143,1013.314,1003.793
15.56,988.338,993.770,1013.671,1003.971
15.60,986.872,994.781,1013.031,1004.409
15.64,985.845,996.481,1011.009,1004.465
15.68,985.289,997.355,1011.665,1004.179
15.72,987.293,996.319,1013.139,1004.430
15.76,988.546,994.539,1014.057,1005.089
15.80,987.761,994.422,1013.595,1004.618
15.84,985.839,995.675,1011.202,1003.645
15.88,984.184,996.249,1010.465,1003.374
15.92,985.581,995.117,1011.484,1003.141
15.96,987.362,993.232,1013.536,1003.048
16.00,987.703,992.321,1013.415,1003.395
16.04,985.951,993.581,1011.505,1003.399
16.08,984.319,995.764,1010.560,1002.834
16.12,985.311,996.258,1011.190,1003.309
16.16,987.434,994.979,1013.553,1004.575
16.20,988.918,994.269,1014.648,1004.913
16.24,988.022,995.347,1013.374,1004.784
16.28,985.728,997.072,1011.495,1004.948
16.32,985.476,997.832,1011.084,1004.631
16.36,986.694,996.626,1013.017,1004.306
16.40,988.477,994.347,1014.088,1004.520
16.44,987.806,993.388,1013.474,1004.340
16.48,985.660,994.522,1011.455,1003.152
16.52,984.240,995.622,1010.160,1002.592
16.56,985.138,994.924,1011.525,1003.011
16.60,987.421,993.406,1013.172,1003.466
16.64,987.707,993.047,1013.736,1003.635
16.68,986.564,994.380,1012.067,1003.797
16.72,985.081,996.298,1011.056,1003.903
16.76,985.790,996.911,1011.857,1004.076
16.80,987.653,995.893,1013.268,1004.767
16.84,988.302,994.892,1014.295,1005.202
16.88,987.671,995.274,1012.911,1004.634
16.92,985.624,996.310,1011.411,1004.080
16.96,985.108,996.350,1011.134,1003.783
17.00,986.394,995.051,1012.397,1003.461
17.04,987.506,993.421,1013.684,1003.503
17.08,987.330,993.007,1012.622,1003.570
17.12,985.177,994.267,1011.436,1003.169
17.16,984.786,995.617,1010.546,1002.730
17.20,985.532,995.335,1011.845,1003.417
17.24,987.708,994.218,1013.657,1004.159
17.28,988.355,994.101,1013.780,1004.422
17.32,986.665,995.464,1012.518,1004.544
17.36,985.583,997.020,1010.930,1004.441
17.40,985.489,997.196,1011.726,1004.296
17.44,987.204,995.669,1012.832,1004.343
17.48,987.875,994.016,1013.747,1004.275
17.52,987.130,993.766,1012.916,1003.656
17.56,985.308,994.634,1010.799,1003.154
17.60,984.197,995.220,1010.685,1002.773
17.64,985.735,994.557,1011.547,1002.683
17.68,986.924,993.209,1013.195,1003.316
17.72,987.531,993.008,1013.220,1003.576
17.76,986.417,994.486,1012.180,1003.589
17.80,985.564,996.213,1011.335,1003.947
17.84,985.942,996.819,1011.799,1004.565
17.88,987.307,996.263,1013.177,1004.827
17.92,988.164,995.433,1013.730,1004.900
17.96,987.488,995.259,1013.173,1004.824
18.00,986.194,995.776,1011.993,1004.243
18.04,985.692,996.019,1011.641,1003.616
18.08,986.226,995.088,1012.113,1003.639
18.12,986.787,993.903,1012.798,1003.680
18.16,986.845,993.628,1012.529,1003.169
18.20,985.647,994.137,1011.635,1003.067
18.24,985.372,994.728,1011.251,1003.118
18.28,985.858,994.857,1012.022,1003.279
18.32,987.025,994.559,1012.753,1003.763
18.36,987.262,994.608,1013.199,1004.342
18.40,986.959,995.440,1012.568,1004.402
18.44,986.164,996.420,1011.871,1004.413
18.48,986.216,996.608,1012.199,1004.469
18.52,987.071,995.815,1012.752,1004.510
18.56,987.346,994.922,1013.232,1004.346
18.60,986.777,994.625,1012.303,1003.936
18.64,985.489,994.865,1011.578,1003.360
18.68,985.547,994.793,1011.483,1002.838
18.72,986.004,994.057,1012.066,1003.128
18.76,986.673,993.498,1012.726,1003.329
18.80,986.919,993.888,1012.591,1003.296
18.84,986.140,994.859,1012.229,1003.784
18.88,986.207,995.820,1011.782,1004.266
18.92,986.577,996.333,1012.765,1004.459
18.96,987.755,996.135,1013.373,1004.842
19.00,987.919,995.800,1013.530,1005.403
19.04,987.356,996.192,1013.096,1005.040
19.08,986.500,996.634,1011.958,1004.468
19.12,985.920,996.233,1012.253,1004.271
19.16,986.974,995.059,1012.539,1003.926
19.20,986.811,993.953,1012.716,1003.609
19.24,986.021,993.690,1011.973,1003.118
19.28,985.278,994.043,1010.883,1002.560
19.32,984.833,994.130,1011.584,1002.457
19.36,986.346,993.712,1011.911,1002.844
19.40,986.776,993.554,1012.958,1003.480
19.44,987.069,994.351,1012.881,1003.840
19.48,986.429,995.774,1011.912,1004.359
19.52,986.213,996.900,1012.549,1004.707
19.56,987.736,996.947,1013.023,1005.076
19.60,987.996,996.346,1014.040,1005.748
19.64,988.162,996.202,1013.490,1005.473
19.68,986.839,996.581,1012.356,1004.719
19.72,985.668,996.409,1011.793,1004.237
19.76,986.134,995.311,1011.611,1003.656
19.80,986.300,993.805,1012.959,1003.019
19.84,987.035,992.731,1012.501,1002.756
19.88,985.861,992.878,1011.898,1002.852
19.92,984.918,994.082,1010.934,1002.619
19.96,984.910,994.985,1010.731,1002.669
20.00,986.021,994.752,1012.616,1003.394
20.04,988.009,994.255,1013.377,1004.295
20.08,987.774,994.850,1013.837,1004.752
20.12,986.968,996.434,1012.321,1004.884
20.16,985.963,997.657,1011.548,1005.047
20.20,986.437,997.418,1012.736,1004.898
20.24,988.159,995.896,1013.408,1004.886
20.28,987.858,994.589,1014.033,1004.781
20.32,986.868,994.599,1012.066,1003.978
20.36,984.632,995.260,1010.627,1003.024
20.40,984.455,994.926,1010.769,1002.450
20.44,986.064,993.401,1011.760,1002.515
20.48,986.746,992.102,1013.395,1002.762
20.52,986.940,992.535,1012.243,1002.774
20.56,985.102,994.375,1011.240,1003.088
20.60,985.051,995.973,1010.916,1003.485
20.64,986.428,996.254,1012.372,1004.152
20.68,988.286,995.542,1014.444,1005.093
20.72,988.937,995.433,1013.995,1005.706
20.76,987.011,996.689,1013.048,1005.437
20.80,986.121,997.861,1011.406,1004.751
20.84,985.788,997.268,1011.852,1004.670
20.88,987.269,995.235,1013.179,1004.283
20.92,987.720,993.473,1013.405,1003.602
20.96,986.353,993.101,1012.403,1003.013
21.00,984.906,993.872,1010.568,1002.487
21.04,984.324,994.444,1010.880,1002.180
21.08,985.916,993.975,1011.904,1002.721
21.12,987.272,993.333,1013.133,1003.630
21.16,987.314,994.004,1013.335,1004.000
21.20,986.610,995.775,1011.857,1004.236
21.24,985.582,997.178,1011.779,1004.695
21.28,986.803,997.255,1012.387,1004.926
21.32,987.904,996.172,1013.773,1005.088
21.36,988.286,995.178,1014.054,1005.097
21.40,987.198,995.288,1012.331,1004.613
21.44,985.071,995.903,1011.494,1003.683
21.48,985.430,995.586,1010.873,1003.009
21.52,985.925,994.005,1012.434,1003.139
21.56,987.306,992.676,1013.185,1003.035
21.60,986.820,992.882,1012.403,1002.964
21.64,985.050,994.295,1011.338,1003.099
21.68,985.129,995.614,1010.557,1003.166
21.72,985.939,995.700,1012.748,1003.665
21.76,988.307,994.872,1013.602,1004.640
21.80,988.189,994.855,1013.859,1005.245
21.84,986.927,996.332,1012.768,1004.848
21.88,986.048,997.531,1011.289,1004.584
21.92,985.878,997.031,1012.386,1004.807
21.96,987.962,995.460,1013.304,1004.525
22.00,988.034,994.159,1014.278,1004.220
22.04,987.089,994.121,1012.530,1004.075
22.08,985.236,995.195,1010.920,1003.426
22.12,984.672,995.744,1011.275,1002.830
22.16,986.480,994.676,1011.749,1003.341
22.20,987.129,993.353,1013.971,1003.909
22.24,987.945,993.645,1013.012,1003.617
22.28,985.709,995.120,1011.645,1003.864
22.32,985.125,996.434,1011.263,1003.944
22.36,986.569,996.425,1012.153,1004.058
22.40,987.769,995.281,1014.247,1004.770
22.44,988.645,994.678,1013.498,1005.143
22.48,986.511,995.691,1012.771,1004.556
22.52,985.603,996.756,1011.111,1003.880
22.56,985.471,996.259,1011.452,1004.020
22.60,987.048,994.692,1013.442,1003.844
22.64,988.141,993.433,1013.332,1003.689
22.68,986.090,993.687,1012.320,1003.716
22.72,985.005,995.032,1010.321,1002.910
22.76,984.347,995.566,1010.908,1002.576
22.80,986.373,994.366,1012.344,1003.318
22.84,987.803,993.147,1013.658,1003.905
22.88,987.585,993.792,1013.636,1003.759
22.92,986.234,995.575,1011.406,1004.083
22.96,984.983,996.997,1011.220,1004.475
23.00,986.644,996.999,1012.443,1004.320
23.04,988.187,995.584,1013.976,1004.885
23.08,988.166,994.587,1013.734,1005.328
23.12,986.711,995.370,1012.174,1004.164
23.16,984.951,996.256,1010.998,1003.250
23.20,985.013,995.443,1010.707,1003.529
23.24,986.228,993.799,1012.609,1003.104
23.28,987.310,992.615,1013.096,1002.504
23.32,986.241,992.618,1012.026,1002.985
23.36,984.848,993.992,1010.864,1002.924
23.40,984.983,995.418,1010.995,1002.520
23.44,986.389,995.222,1012.676,1003.645
23.48,988.145,994.510,1013.646,1005.089
23.52,988.192,995.292,1014.107,1004.936
23.56,987.375,996.952,1012.689,1004.923
23.60,985.958,997.830,1011.552,1005.768
23.64,986.535,997.645,1012.538,1005.063
23.68,987.917,996.235,1013.509,1004.315
23.72,987.584,994.282,1013.627,1004.772
23.76,986.588,993.899,1011.937,1003.813
23.80,984.662,994.651,1010.800,1002.038
23.84,984.253,994.274,1010.637,1002.058
23.88,985.784,992.829,1011.558,1002.692
23.92,986.807,992.243,1013.509,1002.360
23.96,987.056,993.011,1012.541,1002.856
24.00,985.677,994.714,1011.617,1004.097
24.04,985.768,996.731,1011.652,1004.217
24.08,986.907,997.419,1012.616,1004.687
24.12,988.103,996.590,1014.013,1005.971
24.16,988.699,996.123,1013.811,1005.953
24.20,987.110,996.723,1012.993,1004.880
24.24,985.911,996.808,1011.441,1004.348
24.28,985.663,995.738,1011.670,1004.008
24.32,986.538,994.120,1012.654,1003.067
24.36,986.667,992.769,1012.252,1002.653
24.40,985.336,992.499,1011.896,1002.503
24.44,985.346,993.375,1010.913,1001.926
24.48,984.911,994.061,1011.412,1002.456
24.52,986.280,994.167,1012.222,1003.514
24.56,987.623,994.623,1013.302,1004.124
24.60,987.573,995.678,1013.593,1004.901
24.64,987.141,997.038,1012.202,1005.647
24.68,986.316,998.054,1012.512,1005.436
24.72,987.575,997.721,1013.066,1005.072
24.76,987.964,996.044,1013.705,1005.564
24.80,987.714,994.994,1013.393,1004.911
24.84,986.476,995.075,1012.123,1003.405
24.88,984.956,994.913,1011.150,1003.032
24.92,985.233,994.069,1010.970,1002.871
24.96,985.820,993.194,1012.311,1002.221
25.00,986.473,992.607,1012.222,1002.405
25.04,985.620,992.948,1011.589,1003.061
25.08,985.318,994.401,1011.347,1002.722
25.12,985.824,995.394,1011.671,1003.121
25.16,986.821,995.280,1012.977,1004.602
25.20,988.094,995.450,1013.647,1005.077
25.24,987.848,996.364,1013.612,1005.021
25.28,987.019,997.192,1012.633,1005.505
25.32,986.834,997.428,1012.329,1005.481
25.36,987.075,996.949,1013.173,1004.782
25.40,987.539,995.600,1012.993,1004.595
25.44,986.821,994.462,1012.745,1004.264
25.48,986.240,994.300,1012.113,1003.018
25.52,985.538,994.182,1011.473,1002.628
25.56,985.337,993.721,1011.591,1003.023
25.60,986.297,993.610,1012.149,1002.762
25.64,986.436,993.841,1012.495,1003.000
25.68,986.255,994.403,1011.901,1003.879
25.72,986.129,995.418,1012.208,1003.951
25.76,986.837,996.140,1012.679,1004.061
25.80,987.355,996.008,1012.950,1005.152
25.84,987.438,996.032,1013.189,1005.324
25.88,987.166,996.506,1012.756,1004.526
25.92,986.399,996.378,1012.162,1004.539
25.96,986.251,995.551,1011.989,1004.418
26.00,986.370,994.782,1012.238,1003.368
26.04,986.122,993.910,1012.282,1002.848
26.08,985.964,993.196,1011.650,1002.946
26.12,985.418,993.321,1011.709,1002.543
26.16,985.744,993.884,1011.612,1002.300
26.20,985.803,994.070,1011.771,1003.309
26.24,986.464,994.495,1012.428,1003.820
26.28,987.105,995.349,1012.892,1003.884
26.32,987.025,995.968,1012.889,1004.842
26.36,987.144,996.487,1012.497,1005.400
26.40,987.038,997.022,1013.099,1004.888
26.44,987.411,996.721,1012.968,1004.914
26.48,987.236,995.819,1012.873,1005.225
26.52,987.035,995.430,1013.060,1004.247
26.56,986.460,995.167,1011.980,1003.539
26.60,985.337,994.556,1011.409,1003.558
26.64,985.566,994.038,1011.596,1002.719
26.68,985.969,993.475,1012.076,1002.196
26.72,986.112,992.913,1012.003,1002.909
26.76,986.014,993.342,1012.033,1003.098
26.80,986.107,994.641,1012.173,1002.912
26.84,986.416,995.432,1012.303,1004.045
26.88,987.197,995.859,1012.955,1005.158
26.92,987.831,996.590,1013.511,1005.142
26.96,987.600,997.136,1013.103,1005.454
27.00,986.898,997.139,1012.594,1005.765
27.04,986.937,996.894,1012.566,1004.781
27.08,986.813,995.898,1012.760,1004.104
27.12,986.660,994.384,1012.420,1004.020
27.16,986.134,993.647,1011.916,1003.090
27.20,985.373,993.606,1011.638,1002.066
27.24,985.138,993.346,1011.143,1002.368
27.28,985.623,993.171,1011.619,1002.708
27.32,986.138,993.584,1012.403,1002.656
27.36,986.535,994.266,1012.090,1003.389
27.40,986.365,995.155,1012.522,1004.366
27.44,987.265,996.271,1012.822,1004.542
27.48,987.320,996.860,1013.071,1005.262
27.52,987.514,996.953,1013.141,1005.852
27.56,987.567,997.001,1013.102,1005.320
27.60,987.074,996.666,1013.044,1004.836
27.64,987.026,995.752,1012.632,1004.633
27.68,986.655,994.908,1012.586,1003.985
27.72,986.252,994.405,1012.091,1003.179
27.76,985.657,993.931,1011.673,1002.900
27.80,985.675,993.610,1011.732,1002.735
27.84,986.036,993.581,1011.972,1002.635
27.88,986.189,993.773,1012.317,1003.081
27.92,986.464,994.406,1012.195,1003.680
27.96,986.584,995.371,1012.467,1004.039
28.00,986.885,996.140,1012.716,1004.552
28.04,987.207,996.457,1012.819,1005.199
28.08,987.405,996.621,1013.202,1005.166
28.12,987.443,996.535,1013.047,1004.988
28.16,986.909,996.151,1012.720,1004.888
28.20,986.585,995.668,1012.249,1004.272
28.24,986.313,995.075,1012.406,1003.485
28.28,986.353,994.185,1012.194,1003.319
28.32,985.988,993.592,1011.836,1003.203
28.36,985.606,993.753,1011.799,1002.555
28.40,985.652,993.973,1011.519,1002.580
28.44,985.940,993.929,1012.131,1003.250
28.48,986.896,994.286,1012.793,1003.608
28.52,987.071,995.069,1012.845,1004.141
28.56,986.904,996.066,1012.631,1004.876
28.60,986.897,996.883,1012.629,1005.125
28.64,987.282,997.135,1013.056,1005.114
28.68,987.756,996.589,1013.430,1005.353
28.72,987.497,995.919,1013.209,1005.266
28.76,986.901,995.780,1012.501,1004.305
28.80,985.923,995.480,1011.980,1003.653
28.84,985.877,994.622,1011.635,1003.397
28.88,985.931,993.732,1012.073,1002.887
28.92,986.117,993.210,1012.049,1002.482
28.96,985.759,993.180,1011.615,1002.699
29.00,985.456,993.758,1011.606,1002.826
29.04,985.853,994.516,1011.698,1002.972
29.08,986.364,994.916,1012.525,1003.757
29.12,987.375,995.188,1012.992,1004.574
29.16,987.438,995.922,1013.232,1004.896
29.20,987.044,996.759,1012.613,1005.104
29.24,986.577,997.140,1012.091,1005.175
29.28,986.690,996.691,1012.905,1004.721
29.32,987.620,995.539,1013.131,1004.347
29.36,987.053,994.427,1012.931,1004.328
29.40,986.129,994.375,1011.917,1003.472
29.44,985.356,994.649,1011.215,1002.532
29.48,985.283,994.140,1011.630,1002.844
29.52,986.340,993.433,1012.000,1003.137
29.56,986.545,993.528,1012.914,1002.962
29.60,986.709,994.213,1012.287,1003.370
29.64,985.899,995.209,1011.703,1004.294
29.68,986.231,996.269,1012.366,1004.140
29.72,987.476,996.434,1012.981,1004.447
29.76,987.654,995.819,1013.586,1005.622
29.80,987.838,995.977,1013.165,1005.246
29.84,986.779,996.658,1012.845,1004.350
29.88,986.357,996.362,1011.897,1004.596
29.92,986.278,995.401,1012.054,1004.420
29.96,986.662,994.642,1012.965,1003.170
30.00,986.607,993.757,1012.029,1003.091
30.04,985.327,993.386,1011.590,1003.263
30.08,985.398,993.964,1011.058,1002.192
30.12,985.197,994.094,1011.490,1002.302
30.16,986.168,993.581,1012.246,1003.406
30.20,987.136,993.863,1012.742,1003.652
30.24,986.781,995.060,1013.221,1003.746
30.28,987.094,996.106,1012.068,1004.806
30.32,986.544,996.930,1012.981,1005.439
30.36,987.868,997.346,1013.140,1005.128
30.40,987.567,996.857,1013.343,1005.592
30.44,987.312,996.211,1013.133,1005.443
30.48,986.987,995.934,1012.163,1004.169
30.52,985.661,995.288,1012.331,1003.504
30.56,986.167,994.090,1011.323,1003.294
30.60,985.733,993.240,1012.467,1002.564
30.64,986.293,992.970,1012.051,1002.210
30.68,985.599,993.106,1011.311,1002.884
30.72,985.343,994.071,1011.934,1002.903
30.76,986.409,994.966,1011.622,1003.076
30.80,986.352,995.212,1013.061,1004.421
30.84,988.012,995.547,1013.176,1004.964
30.88,987.467,996.490,1013.380,1005.092
30.92,987.114,997.144,1012.794,1005.413
30.96,986.996,997.251,1012.167,1005.427
31.00,986.646,996.678,1013.072,1004.732
31.04,987.427,995.474,1012.476,1004.174
31.08,986.226,994.276,1012.625,1003.890
31.12,986.056,993.826,1011.746,1002.810
31.16,985.393,993.670,1011.399,1002.166
31.20,985.373,993.289,1011.938,1002.597
31.24,986.447,993.258,1011.770,1002.908
31.28,986.091,993.987,1012.627,1003.150
31.32,986.600,995.013,1012.078,1003.794
31.36,986.417,995.894,1012.309,1004.639
31.40,987.067,996.571,1013.075,1004.799
31.44,987.790,996.694,1012.885,1005.201
31.48,986.919,996.473,1013.251,1005.538
31.52,987.255,996.400,1012.378,1004.630
31.56,986.252,995.955,1012.537,1004.038
31.60,986.527,994.841,1012.204,1003.880
31.64,986.337,993.940,1012.021,1003.322
31.68,985.645,993.696,1012.149,1002.570
31.72,985.670,993.545,1010.983,1002.536
31.76,984.916,993.543,1011.545,1002.714
31.80,986.048,993.805,1011.561,1002.487
31.84,985.964,993.992,1012.343,1003.129
31.88,986.776,994.343,1012.416,1003.858
31.92,986.738,995.284,1012.279,1004.175
31.96,986.470,996.268,1012.796,1004.412
32.00,987.157,996.549,1012.191,1004.972
32.04,986.837,996.395,1013.166,1005.114
32.08,987.632,996.116,1013.066,1004.606
32.12,987.007,995.644,1012.710,1004.557
32.16,986.327,995.240,1012.413,1004.249
32.20,986.195,995.057,1011.715,1003.383
32.24,985.644,994.483,1011.965,1003.084
32.28,986.087,993.709,1011.927,1003.053
32.32,986.334,993.424,1012.518,1002.829
32.36,986.523,993.725,1012.451,1003.016
32.40,986.147,994.482,1011.786,1003.774
32.44,985.930,995.576,1012.160,1003.936
32.48,986.886,996.182,1012.438,1004.119
32.52,987.207,995.942,1013.231,1005.088
32.56,987.788,995.871,1013.315,1005.222
32.60,987.195,996.322,1012.905,1004.680
32.64,986.484,996.411,1012.186,1004.608
32.68,986.187,995.873,1011.918,1004.417
32.72,986.348,995.077,1012.432,1003.584
32.76,986.652,994.053,1012.368,1003.136
32.80,986.009,993.354,1012.174,1003.204
32.84,985.725,993.608,1011.596,1002.676
32.88,985.269,994.124,1011.220,1002.471
32.92,985.444,994.231,1011.477,1003.069
32.96,986.433,994.193,1012.333,1003.391
33.00,987.075,994.509,1013.059,1003.671
33.04,987.073,995.109,1012.757,1004.445
33.08,986.717,996.136,1012.504,1004.837
33.12,986.872,996.944,1012.743,1004.755
33.16,987.384,996.801,1013.241,1005.177
33.20,987.950,996.159,1013.529,1005.491
33.24,987.665,995.982,1013.201,1005.005
33.28,986.421,996.057,1012.305,1004.366
33.32,985.896,995.702,1011.486,1003.879
33.36,985.800,994.741,1011.897,1003.317
33.40,986.408,993.598,1012.408,1002.819
33.44,986.437,992.897,1012.451,1002.777
33.48,985.925,993.220,1011.832,1002.845
33.52,985.376,994.296,1011.239,1002.835
33.56,985.499,995.065,1011.775,1003.239
33.60,986.829,995.138,1012.630,1004.023
33.64,987.692,995.178,1013.608,1004.730
33.68,987.770,995.804,1013.304,1005.039
33.72,986.897,996.814,1012.459,1005.190
33.76,986.411,997.377,1012.442,1005.035
33.80,987.214,996.781,1012.718,1004.830
33.84,987.424,995.500,1013.519,1004.771
33.88,987.389,994.674,1012.868,1004.261
33.92,985.818,994.638,1011.637,1003.426
33.96,984.888,994.686,1011.048,1002.646
34.00,985.360,993.986,1011.358,1002.465
34.04,986.279,992.970,1012.495,1002.686
34.08,986.817,992.743,1012.666,1002.935
34.12,986.082,993.871,1011.841,1003.213
34.16,985.265,995.413,1011.148,1003.533
34.20,985.698,996.213,1011.611,1003.879
34.24,987.141,995.813,1013.105,1004.456
34.28,988.141,995.189,1013.688,1005.035
34.32,987.386,995.474,1013.154,1004.981
34.36,986.327,996.405,1012.077,1004.332
34.40,985.997,996.535,1011.552,1004.168
34.44,986.168,995.501,1012.385,1004.190
34.48,987.320,994.339,1012.869,1003.602
34.52,986.529,993.714,1012.688,1003.318
34.56,985.814,993.911,1011.311,1003.144
34.60,984.911,994.458,1011.189,1002.678
34.64,985.610,994.493,1011.574,1002.693
34.68,986.454,993.885,1012.280,1003.479
34.72,987.003,993.891,1013.239,1003.731
34.76,987.282,994.852,1012.800,1003.868
34.80,986.266,996.009,1012.180,1004.690
34.84,986.388,996.872,1012.114,1004.930
34.88,987.355,996.923,1013.172,1004.681
34.92,987.993,996.052,1013.912,1005.292
34.96,988.031,995.510,1013.156,1005.437
35.00,986.334,996.041,1012.421,1004.315
35.04,985.600,996.203,1011.035,1003.517
35.08,985.311,994.986,1011.608,1003.544
35.12,986.733,993.435,1012.696,1002.914
35.16,986.900,992.612,1012.667,1002.604
35.20,985.537,992.964,1011.678,1002.908
35.24,984.997,994.318,1010.633,1002.593
35.28,985.009,995.149,1011.506,1002.711
35.32,986.653,994.716,1012.257,1003.901
35.36,987.466,994.457,1013.529,1004.545
35.40,987.656,995.328,1013.324,1004.314
35.44,986.518,996.418,1012.069,1004.801
35.48,986.125,997.022,1012.103,1005.029
35.52,987.155,996.764,1012.860,1004.582
35.56,987.912,995.583,1013.758,1004.777
35.60,987.667,994.725,1013.266,1004.958
35.64,986.284,995.204,1011.900,1003.921
35.68,985.000,995.703,1011.076,1003.001
35.72,985.326,994.806,1011.214,1003.155
35.76,986.427,993.358,1012.780,1003.114
35.80,987.325,992.791,1012.896,1002.785
35.84,985.952,993.438,1011.887,1003.214
35.88,984.894,994.871,1010.688,1003.261
35.92,985.062,995.829,1011.201,1003.058
35.96,986.759,995.245,1012.944,1003.801
36.00,988.264,994.293,1013.722,1004.912
36.04,987.589,994.936,1013.597,1004.737
36.08,986.383,996.566,1011.684,1004.227
36.12,985.212,997.172,1011.188,1004.567
36.16,986.353,996.265,1012.346,1004.356
36.20,987.830,994.698,1013.520,1003.916
36.24,987.346,993.575,1013.401,1003.997
36.28,986.198,993.997,1011.457,1003.488
36.32,984.584,995.118,1011.116,1002.600
36.36,985.364,995.007,1011.173,1002.830
36.40,986.535,993.859,1012.668,1003.711
36.44,987.685,993.534,1013.767,1003.606
36.48,987.395,994.490,1012.735,1003.852
36.52,985.852,995.946,1012.154,1004.643
36.56,986.626,997.110,1011.952,1004.663
36.60,987.160,997.046,1013.347,1005.015
36.64,988.129,996.133,1013.492,1005.680
36.68,987.562,995.818,1013.189,1005.154
36.72,986.434,996.087,1012.397,1003.963
36.76,985.693,995.585,1011.106,1003.795
36.80,985.545,994.475,1012.193,1003.352
36.84,987.053,993.424,1012.606,1002.542
36.88,986.289,992.824,1012.349,1003.012
36.92,985.433,993.440,1011.378,1003.041
36.96,985.228,994.791,1011.076,1002.396
37.00,985.578,995.058,1012.119,1003.266
37.04,987.427,994.571,1012.708,1004.504
37.08,987.553,995.000,1013.825,1004.523
37.12,987.414,996.136,1012.708,1004.556
37.16,986.171,996.943,1011.774,1005.267
37.20,986.297,997.076,1012.362,1004.825
37.24,987.472,996.258,1012.956,1004.237
37.28,987.345,994.715,1013.461,1004.667
37.32,986.908,994.190,1012.105,1004.110
37.36,985.152,994.765,1011.612,1002.662
37.40,985.103,994.606,1010.823,1002.461
37.44,985.556,993.504,1011.715,1003.122
37.48,986.891,993.009,1013.300,1002.705
37.52,987.175,993.442,1012.346,1003.074
37.56,985.464,994.665,1011.877,1004.140
37.60,986.014,996.275,1011.441,1003.811
37.64,986.547,996.697,1012.756,1004.199
37.68,988.006,995.828,1013.726,1005.527
37.72,988.426,995.618,1013.674,1005.569
37.76,987.007,996.516,1013.098,1004.642
37.80,986.216,996.881,1011.294,1004.579
37.84,985.560,996.133,1011.955,1004.464
37.88,986.978,994.838,1012.788,1003.381
37.92,987.112,993.446,1012.919,1003.237
37.96,986.050,992.951,1012.079,1003.364
38.00,985.220,993.935,1010.856,1002.367
38.04,984.647,994.689,1011.391,1002.157
38.08,986.416,994.103,1011.956,1003.404
38.12,987.283,993.817,1013.536,1004.150
38.16,987.742,994.917,1013.320,1004.042
38.20,986.552,996.365,1012.040,1004.847
38.24,986.042,997.367,1012.156,1005.262
38.28,987.414,997.386,1012.865,1004.863
38.32,987.938,996.230,1013.935,1005.262
38.36,987.836,995.207,1013.259,1005.326
38.40,986.377,995.453,1011.912,1003.967
38.44,984.945,995.571,1011.266,1002.905
38.48,985.332,994.356,1010.955,1002.973
38.52,986.055,992.847,1012.500,1002.619
38.56,986.762,992.323,1012.630,1002.128
38.60,985.698,992.830,1011.408,1002.759
38.64,984.728,994.277,1011.046,1002.911
38.68,985.682,995.486,1011.362,1002.877
38.72,986.643,995.331,1012.878,1004.227
38.76,987.960,995.059,1013.398,1005.226
38.80,987.745,995.973,1013.563,1004.811
38.84,986.838,997.007,1012.586,1004.911
38.88,986.439,997.132,1011.727,1005.389
38.92,986.558,996.583,1012.951,1004.663
38.96,987.640,995.397,1012.894,1003.958
39.00,986.577,994.082,1012.638,1004.178
39.04,985.923,993.874,1011.753,1003.089
39.08,985.302,994.215,1011.242,1002.067
39.12,985.070,993.723,1011.460,1002.709
39.16,986.118,993.229,1011.567,1003.065
39.20,986.185,993.641,1012.868,1002.604
39.24,986.728,994.269,1012.035,1003.370
39.28,986.000,995.045,1012.091,1004.516
39.32,986.746,996.261,1012.771,1004.207
39.36,987.583,996.677,1012.933,1004.676
39.40,987.465,996.282,1013.616,1005.963
39.44,988.063,996.551,1013.059,1005.409
39.48,986.860,996.918,1013.125,1004.578
39.52,986.687,996.323,1012.073,1004.867
39.56,986.491,995.363,1012.273,1004.412
39.60,986.575,994.688,1013.043,1003.100
39.64,986.552,993.770,1011.664,1003.168
39.68,985.269,993.435,1011.967,1003.203
39.72,985.877,993.921,1011.370,1002.193
39.76,985.163,994.070,1011.506,1002.661
39.80,985.951,993.880,1012.031,1003.415
39.84,987.002,994.263,1012.642,1003.364
39.88,986.999,994.964,1013.274,1003.936
39.92,986.919,995.758,1011.885,1005.076
39.96,986.059,996.865,1012.436,1004.832
40.00,987.099,997.129,1012.627,1004.320
40.04,987.515,995.950,1013.352,1005.258
40.08,987.955,995.096,1013.771,1005.137
40.12,987.153,995.428,1012.276,1004.030
40.16,984.989,995.741,1011.315,1003.659
40.20,985.299,995.165,1010.867,1003.265
40.24,986.054,993.919,1012.475,1002.633
40.28,986.944,992.641,1012.717,1002.774
40.32,986.118,992.663,1011.906,1003.102
40.36,985.111,994.131,1011.404,1002.498
40.40,985.351,995.217,1011.045,1002.795
40.44,986.073,995.067,1012.422,1004.185
40.48,987.949,994.948,1013.367,1004.520
40.52,987.656,995.515,1013.761,1004.648
40.56,987.314,996.396,1012.627,1005.209
40.60,986.484,997.199,1012.316,1005.308
40.64,986.836,997.251,1012.809,1004.735
40.68,987.517,996.134,1012.907,1004.845
40.72,987.194,994.893,1013.259,1004.734
40.76,986.806,994.623,1012.204,1003.563
40.80,985.210,994.662,1011.220,1002.910
40.84,984.869,994.179,1010.951,1002.729
40.88,985.845,993.412,1011.893,1002.330
40.92,986.526,992.767,1012.892,1002.553
40.96,986.725,993.051,1012.212,1003.351
41.00,985.855,994.629,1012.054,1003.530
41.04,986.014,996.244,1011.748,1003.814
41.08,986.787,996.618,1012.516,1004.913
41.12,987.868,996.318,1013.958,1005.556
41.16,988.753,996.339,1013.746,1005.381
41.20,987.081,996.707,1013.171,1005.526
41.24,986.516,996.972,1011.594,1004.951
41.28,985.844,996.534,1012.158,1004.018
41.32,986.873,994.896,1012.824,1003.572
41.36,987.141,993.201,1012.552,1003.635
41.40,985.779,993.060,1012.354,1002.783
41.44,985.323,993.912,1010.503,1001.991
41.48,984.214,994.136,1011.037,1002.637
41.52,986.178,993.828,1011.894,1002.881
41.56,987.051,993.746,1013.202,1003.268
41.60,987.246,994.298,1013.130,1004.171
41.64,986.730,995.748,1011.857,1004.712
41.68,985.844,997.275,1012.507,1004.598
41.72,987.224,997.317,1012.215,1004.947
41.76,987.344,996.218,1013.661,1005.554
41.80,988.299,995.477,1013.779,1004.788
41.84,987.231,995.379,1012.840,1004.267
41.88,985.713,995.441,1011.709,1004.209
41.92,985.497,995.348,1010.860,1003.379
41.96,985.396,994.561,1012.211,1002.613
42.00,986.744,993.101,1011.956,1002.920
42.04,986.035,992.548,1012.420,1003.021
42.08,985.720,993.551,1011.565,1002.239
42.12,985.076,994.569,1010.974,1002.712
42.16,985.699,994.795,1012.255,1003.641
42.20,987.830,994.914,1013.085,1004.075
42.24,987.669,995.361,1013.954,1004.897
42.28,987.654,996.392,1012.702,1005.510
42.32,986.549,997.588,1012.400,1005.268
42.36,986.725,997.755,1012.524,1005.037
42.40,987.475,996.438,1012.998,1005.198
42.44,987.618,995.044,1013.775,1004.673
42.48,987.090,994.533,1012.341,1003.722
42.52,985.110,994.500,1011.357,1003.110
42.56,984.816,994.300,1010.688,1002.473
42.60,985.250,993.504,1011.480,1002.160
42.64,986.327,992.542,1012.649,1002.422
42.68,986.874,992.549,1012.261,1002.926
42.72,985.512,994.016,1011.858,1003.269
42.76,985.561,995.818,1011.131,1003.377
42.80,986.246,996.349,1012.450,1004.272
42.84,988.068,995.901,1013.931,1005.319
42.88,988.862,995.896,1014.098,1005.615
42.92,987.492,996.792,1013.463,1005.536
42.96,986.614,997.618,1011.638,1005.283
43.00,985.744,997.336,1012.072,1004.765
43.04,986.975,995.713,1012.585,1004.005
43.08,987.093,993.669,1013.115,1003.644
43.12,986.512,992.809,1012.490,1002.925
43.16,985.206,993.259,1010.758,1002.145
43.20,983.981,993.856,1010.653,1001.973
43.24,985.347,993.716,1010.987,1002.233
43.28,986.378,993.240,1012.938,1002.937
43.32,987.596,993.545,1013.167,1003.638
43.36,986.725,995.012,1012.279,1004.435
43.40,985.864,996.958,1011.971,1004.581
43.44,986.808,997.709,1012.267,1004.913
43.48,987.700,996.866,1013.926,1005.733
43.52,988.863,995.947,1013.954,1005.710
43.56,987.356,996.014,1013.338,1004.963
43.60,986.085,996.292,1011.506,1004.196
43.64,985.185,995.769,1011.281,1003.663
43.68,986.224,994.356,1012.475,1002.924
43.72,987.132,992.788,1012.826,1002.908
43.76,986.261,992.465,1012.324,1003.028
43.80,985.190,993.823,1010.914,1002.508
43.84,984.782,995.049,1011.064,1002.483
43.88,986.198,994.913,1012.116,1003.677
43.92,987.817,994.532,1013.713,1004.568
43.96,988.166,995.214,1013.925,1004.749
44.00,987.002,996.620,1012.312,1005.229
44.04,986.012,997.756,1011.900,1005.264
44.08,986.853,997.571,1012.670,1004.818
44.12,987.890,995.930,1013.493,1005.004
44.16,987.692,994.531,1013.467,1004.818
44.20,986.511,994.563,1012.257,1003.484
44.24,985.023,994.890,1010.989,1002.731
44.28,984.869,994.289,1010.908,1002.818
44.32,986.097,993.378,1012.233,1002.569
44.36,986.806,992.818,1012.887,1002.654
44.40,986.422,993.289,1012.036,1003.346
44.44,985.507,994.815,1011.594,1003.491
44.48,985.793,996.149,1011.636,1003.557
44.52,986.785,996.118,1012.552,1004.610
44.56,987.871,995.601,1013.814,1005.265
44.60,988.267,995.847,1013.690,1004.956
44.64,986.954,996.464,1012.816,1005.014
44.68,986.348,996.787,1011.711,1004.914
44.72,986.094,996.430,1012.255,1004.240
44.76,986.989,995.126,1012.770,1003.745
44.80,986.865,993.726,1012.733,1003.798
44.84,986.266,993.486,1012.054,1003.082
44.88,985.051,994.065,1011.207,1002.364
44.92,985.050,994.205,1011.004,1002.595
44.96,985.772,993.836,1012.006,1003.030
45.00,987.054,993.746,1012.968,1003.174
45.04,987.045,994.300,1012.812,1003.910
45.08,986.333,995.458,1012.081,1004.523
45.12,986.136,996.778,1011.755,1004.377
45.16,986.421,996.906,1012.531,1004.595
45.20,987.640,995.870,1013.045,1005.020
45.24,987.674,995.109,1013.721,1004.753
45.28,987.243,995.183,1012.710,1004.053
45.32,985.598,995.432,1011.383,1003.983
45.36,985.279,995.331,1011.438,1003.380
45.40,986.303,994.535,1012.109,1002.845
45.44,986.593,993.346,1012.646,1003.352
45.48,986.446,993.191,1012.200,1003.313
45.52,985.555,994.315,1011.507,1002.665
45.56,985.133,995.039,1011.145,1003.041
45.60,985.951,994.905,1011.994,1003.833
45.64,987.442,994.715,1013.448,1003.849
45.68,987.782,994.860,1013.365,1004.434
45.72,986.706,995.721,1012.427,1005.052
45.76,986.194,996.929,1011.957,1004.431
45.80,986.358,996.970,1012.239,1004.349
45.84,987.206,995.621,1013.064,1004.929
45.88,987.836,994.621,1013.431,1004.414
45.92,986.809,994.667,1012.569,1003.658
45.96,985.337,994.969,1011.136,1003.493
46.00,985.092,994.966,1011.151,1003.026
46.04,986.209,994.262,1012.431,1002.737
46.08,987.066,993.261,1012.805,1003.471
46.12,986.749,993.511,1012.668,1003.726
46.16,986.147,995.062,1012.015,1003.283
46.20,985.879,996.104,1011.727,1003.944
46.24,986.709,996.104,1012.625,1004.891
46.28,988.068,995.932,1013.720,1004.926
46.32,987.890,995.947,1013.605,1005.062
46.36,986.897,996.257,1012.291,1005.246
46.40,985.829,996.653,1011.926,1004.377
46.44,986.389,996.105,1012.044,1003.602
46.48,986.634,994.354,1012.662,1003.975
46.52,986.843,993.297,1012.726,1003.450
46.56,986.148,993.607,1011.897,1002.430
46.60,984.867,994.072,1010.992,1002.671
46.64,985.075,994.243,1011.109,1002.976
46.68,986.425,994.263,1012.560,1002.815
46.72,987.396,994.057,1013.269,1003.769
46.76,987.298,994.604,1012.867,1004.831
46.80,986.771,996.385,1012.609,1004.536
46.84,986.494,997.560,1012.248,1004.767
46.88,986.962,997.131,1012.615,1005.671
46.92,987.913,996.293,1014.009,1005.268
46.96,988.238,995.700,1013.643,1004.611
47.00,986.788,995.311,1012.439,1004.750
47.04,985.627,995.450,1011.539,1003.895
47.08,985.571,995.309,1011.379,1002.724
47.12,985.834,993.955,1012.274,1003.029
47.16,986.858,992.768,1012.482,1003.247
47.20,986.421,993.152,1012.531,1002.654
47.24,985.519,994.279,1011.481,1002.884
47.28,985.479,995.149,1011.166,1003.664
47.32,986.400,995.575,1012.757,1003.895
47.36,987.831,995.489,1013.351,1004.498
47.40,987.658,995.576,1013.487,1005.378
47.44,987.283,996.487,1012.967,1005.061
47.48,986.761,997.229,1012.192,1004.710
47.52,986.340,996.771,1012.491,1005.013
47.56,987.266,995.659,1012.617,1004.533
47.60,986.975,994.714,1013.253,1003.684
47.64,986.614,994.029,1012.128,1003.478
47.68,985.442,993.988,1011.197,1003.148
47.72,984.991,994.257,1011.528,1002.329
47.76,985.819,993.881,1011.305,1002.504
47.80,985.934,993.307,1012.512,1003.301
47.84,987.069,993.682,1012.597,1003.145
47.88,986.376,994.730,1012.410,1003.594
47.92,986.213,995.783,1011.938,1004.530
47.96,986.507,996.582,1012.221,1004.694
48.00,987.316,996.679,1013.365,1004.702
48.04,987.983,996.013,1013.349,1005.381
48.08,987.441,995.808,1013.322,1005.242
48.12,986.919,996.189,1012.496,1004.200
48.16,985.943,995.984,1011.761,1004.113
48.20,985.797,995.067,1011.764,1003.948
48.24,986.478,994.166,1012.352,1002.876
48.28,986.362,993.309,1012.619,1002.736
48.32,986.149,993.079,1011.756,1003.159
48.36,985.590,993.959,1011.764,1002.769
48.40,985.701,994.873,1011.638,1002.928
48.44,986.187,995.024,1011.988,1004.052
48.48,987.159,995.169,1013.246,1004.381
48.52,987.733,995.682,1013.230,1004.474
48.56,987.022,996.206,1012.909,1005.177
48.60,986.845,996.778,1012.349,1005.141
48.64,986.811,996.880,1012.614,1004.560
48.68,986.861,996.008,1012.860,1004.676
48.72,987.166,994.937,1012.535,1004.408
48.76,986.342,994.520,1012.803,1003.406
48.80,986.165,994.334,1011.576,1002.989
48.84,985.329,994.014,1011.551,1003.196
48.88,985.824,993.945,1011.816,1002.743
48.92,986.189,993.923,1012.064,1002.804
48.96,986.232,993.925,1012.484,1003.528
49.00,986.719,994.597,1012.073,1003.774
49.04,986.314,995.588,1012.670,1003.893
49.08,986.792,996.055,1012.131,1004.608
49.12,986.817,996.199,1012.716,1004.967
49.16,987.358,996.198,1013.323,1004.576
49.20,987.494,995.868,1012.773,1004.759
49.24,986.581,995.584,1012.806,1004.851
49.28,986.787,995.617,1012.083,1003.880
49.32,985.985,995.257,1012.304,1003.628
49.36,986.357,994.452,1012.132,1003.734
49.40,986.594,994.032,1012.367,1003.260
49.44,986.318,994.065,1012.701,1003.055
49.48,986.384,994.285,1011.662,1003.631
49.52,985.753,994.919,1012.223,1003.719
49.56,986.581,995.493,1012.293,1003.544
49.60,986.799,995.395,1012.615,1004.420
49.64,987.066,995.387,1013.176,1004.788
49.68,987.459,995.883,1012.825,1004.345
49.72,986.551,996.121,1012.721,1004.628
49.76,986.767,996.028,1011.962,1004.781
49.80,986.449,995.806,1012.820,1004.101
49.84,987.079,995.167,1012.756,1003.806
49.88,986.739,994.418,1012.327,1004.149
49.92,986.021,994.466,1012.285,1003.526
49.96,985.859,994.846,1011.308,1002.828
50.00,985.298,994.504,1011.939,1003.266
50.04,986.700,993.988,1012.298,1003.385
50.08,986.833,994.016,1012.739,1003.369
50.12,986.292,994.594,1012.295,1003.799
50.16,986.155,995.440,1011.591,1003.972
50.20,986.196,995.963,1012.732,1003.943
50.24,987.470,995.684,1012.730,1004.581
50.28,987.313,995.391,1013.308,1005.034
50.32,987.237,995.820,1012.863,1004.445
50.36,986.287,996.149,1011.712,1004.276
50.40,985.650,995.809,1012.021,1004.186
50.44,986.835,994.981,1012.206,1003.528
50.48,986.603,994.001,1013.070,1003.430
50.52,986.693,993.542,1012.031,1003.474
50.56,985.639,994.171,1011.766,1003.009
50.60,985.475,994.834,1011.592,1002.901
50.64,986.042,994.745,1011.602,1003.623
50.68,986.731,994.577,1013.229,1003.870
50.72,987.679,994.850,1012.928,1003.991
50.76,986.768,995.469,1012.865,1004.706
50.80,986.790,996.351,1012.288,1004.734
50.84,986.690,996.812,1012.506,1004.599
50.88,987.060,996.306,1013.115,1004.890
50.92,987.637,995.515,1012.860,1004.859
50.96,986.900,995.255,1013.277,1004.153
51.00,986.656,995.185,1011.807,1003.795
51.04,985.122,994.968,1011.429,1003.730
51.08,985.645,994.616,1011.491,1002.748
51.12,986.063,993.719,1012.103,1002.564
51.16,986.284,992.877,1012.571,1003.155
51.20,986.551,993.281,1011.983,1002.988
51.24,985.634,994.600,1012.186,1002.961
51.28,986.081,995.469,1011.391,1003.950
51.32,986.376,995.833,1012.581,1004.599
51.36,987.625,996.044,1013.399,1004.524
51.40,987.756,995.947,1013.081,1005.095
51.44,986.919,996.148,1013.111,1005.303
51.48,986.990,996.591,1012.055,1004.441
51.52,986.077,996.235,1012.700,1004.247
51.56,987.197,995.100,1012.531,1004.269
51.60,986.949,994.301,1012.959,1003.877
51.64,986.458,994.280,1012.615,1003.284
51.68,986.078,994.522,1011.294,1003.344
51.72,985.272,994.739,1012.152,1003.397
51.76,986.724,994.706,1011.880,1003.248
51.80,986.441,994.527,1012.956,1003.824
51.84,987.105,994.671,1012.618,1004.150
51.88,986.697,995.439,1012.399,1004.123
51.92,986.305,996.034,1012.546,1004.259
51.96,986.955,996.054,1011.914,1004.655
52.00,986.587,995.803,1013.356,1004.519
52.04,987.602,995.434,1012.590,1004.206
52.08,986.354,995.109,1012.390,1004.378
52.12,985.938,995.115,1011.863,1003.719
52.16,985.845,994.966,1011.324,1003.012
52.20,985.543,994.182,1012.457,1003.100
52.24,987.142,993.397,1012.166,1003.129
52.28,986.168,993.565,1012.773,1003.217
52.32,986.050,994.474,1011.539,1003.327
52.36,985.557,995.387,1011.461,1003.559
52.40,986.319,995.630,1012.826,1003.903
52.44,987.968,995.328,1012.993,1004.606
52.48,987.565,995.395,1013.944,1005.128
52.52,987.600,996.257,1012.735,1004.921
52.56,986.343,997.046,1012.114,1004.871
52.60,986.232,996.858,1012.354,1004.797
52.64,987.277,995.790,1012.529,1004.343
52.68,987.008,994.554,1013.607,1003.972
52.72,987.047,993.965,1011.983,1003.662
52.76,984.936,994.251,1011.418,1003.081
52.80,985.021,994.565,1010.820,1002.254
52.84,985.409,993.862,1011.485,1002.605
52.88,986.519,993.044,1012.893,1003.073
52.92,987.174,993.296,1012.367,1003.152
52.96,985.778,994.631,1012.234,1003.572
53.00,985.899,995.965,1011.204,1003.984
53.04,986.089,996.450,1012.241,1004.398
53.08,987.594,996.045,1013.448,1004.707
53.12,988.099,995.471,1013.218,1005.184
53.16,986.798,995.713,1013.174,1004.842
53.20,986.593,996.255,1011.719,1003.996
53.24,985.609,995.893,1011.994,1004.056
53.28,986.496,994.830,1012.322,1003.859
53.32,986.967,993.959,1012.764,1003.241
53.36,986.419,993.638,1012.772,1003.198
53.40,986.075,994.012,1011.172,1003.365
53.44,985.075,994.865,1011.821,1003.061
53.48,986.225,995.096,1011.731,1003.212
53.52,986.777,994.648,1012.773,1004.169
53.56,987.448,994.710,1013.541,1004.347
53.60,987.243,995.579,1012.230,1004.331
53.64,985.813,996.394,1012.459,1004.577
53.68,986.913,996.526,1012.033,1004.513
53.72,986.850,995.890,1013.050,1004.611
53.76,987.261,995.106,1013.086,1004.429
53.80,986.920,994.852,1012.044,1003.933
53.84,985.353,994.907,1012.108,1003.416
53.88,986.096,994.689,1011.300,1002.994
53.92,985.956,994.053,1012.711,1003.190
53.96,987.000,993.656,1012.463,1003.419
54.00,986.219,994.162,1012.123,1003.517
54.04,985.815,995.172,1011.986,1003.434
54.08,986.367,995.646,1011.677,1003.891
54.12,986.820,995.506,1013.405,1004.507
54.16,988.171,995.466,1013.295,1004.779
54.20,987.166,995.877,1013.308,1005.065
54.24,986.912,996.614,1012.309,1004.795
54.28,986.175,996.800,1011.879,1004.680
54.32,986.427,996.031,1012.710,1004.305
54.36,987.411,994.770,1012.768,1003.951
54.40,986.788,993.904,1013.074,1003.732
54.44,986.290,994.039,1011.651,1003.219
54.48,984.910,994.580,1011.207,1002.847
54.52,985.414,994.594,1011.312,1002.764
54.56,986.234,993.984,1012.119,1003.236
54.60,986.737,993.707,1012.876,1003.478
54.64,986.694,994.310,1012.148,1003.551
54.68,985.844,995.327,1012.163,1003.825
54.72,986.446,995.944,1011.994,1004.171
54.76,987.007,995.953,1013.022,1004.590
54.80,987.763,995.709,1013.482,1004.910
54.84,987.378,995.827,1012.847,1004.987
54.88,986.475,996.265,1012.520,1004.514
54.92,986.440,996.200,1011.979,1004.150
54.96,986.487,995.317,1012.656,1004.117
55.00,986.874,994.425,1012.599,1003.861
55.04,986.368,994.154,1012.080,1003.278
55.08,985.489,994.228,1011.828,1002.956
55.12,985.855,994.228,1011.395,1002.939
55.16,985.841,994.110,1012.229,1003.158
55.20,986.657,994.144,1012.326,1003.374
55.24,986.449,994.574,1012.285,1003.774
55.28,986.181,995.273,1012.125,1003.998
55.32,986.536,995.829,1012.225,1004.067
55.36,986.976,995.793,1012.982,1004.470
55.40,987.501,995.565,1013.053,1004.887
55.44,987.099,995.770,1012.923,1004.696
55.48,986.617,996.109,1012.254,1004.293
55.52,986.289,995.852,1012.208,1004.246
55.56,986.891,995.196,1012.745,1004.040
55.60,986.950,994.552,1012.715,1003.900
55.64,986.377,994.418,1012.261,1003.688
55.68,985.801,994.707,1011.670,1003.303
55.72,985.569,994.809,1011.383,1003.167
55.76,985.867,994.447,1012.003,1003.234
55.80,986.623,994.014,1012.364,1003.306
55.84,986.502,994.033,1012.523,1003.514
55.88,986.303,994.662,1012.133,1003.604
55.92,986.157,995.405,1011.872,1003.797
55.96,986.241,995.703,1012.477,1004.142
56.00,987.307,995.576,1012.601,1004.379
56.04,986.875,995.448,1013.150,1004.633
56.08,987.178,995.606,1012.456,1004.344
56.12,986.232,995.767,1012.228,1004.228
56.16,986.205,995.534,1012.152,1003.991
56.20,986.626,994.992,1012.214,1003.678
56.24,986.509,994.333,1012.876,1003.596
56.28,986.557,994.126,1011.762,1003.521
56.32,985.338,994.472,1011.699,1003.187
56.36,985.696,994.680,1011.615,1002.836
56.40,986.106,994.309,1011.718,1003.323
56.44,986.191,994.054,1012.569,1003.592
56.48,986.746,994.430,1012.069,1003.289
56.52,985.886,994.910,1012.293,1003.646
56.56,986.409,995.254,1011.936,1004.051
56.60,986.628,995.460,1012.650,1004.080
56.64,987.065,995.498,1012.931,1004.237
56.68,986.951,995.470,1012.417,1004.680
56.72,986.476,995.739,1012.719,1004.256
56.76,986.793,995.779,1012.362,1003.956
56.80,986.714,995.236,1012.781,1004.334
56.84,986.930,994.880,1012.606,1004.233
56.88,986.568,995.050,1012.428,1003.677
56.92,986.079,995.104,1012.102,1003.682
56.96,986.364,994.861,1011.988,1003.820
57.00,986.553,994.775,1012.840,1003.648
57.04,987.015,994.711,1012.482,1003.786
57.08,986.404,994.921,1012.433,1004.169
57.12,986.405,995.481,1012.245,1003.951
57.16,986.585,995.707,1012.268,1003.946
57.20,986.713,995.395,1012.989,1004.453
57.24,987.343,995.206,1012.796,1004.415
57.28,986.866,995.417,1012.949,1004.174
57.32,986.717,995.627,1012.384,1004.270
57.36,986.456,995.630,1011.990,1004.364
57.40,986.218,995.526,1012.515,1003.935
57.44,986.836,995.071,1012.140,1003.694
57.48,986.201,994.450,1012.536,1003.883
57.52,986.483,994.359,1012.073,1003.396
57.56,986.019,994.542,1012.019,1003.113
57.60,985.910,994.482,1012.004,1003.491
57.64,986.434,994.550,1011.994,1003.595
57.68,986.440,994.807,1012.736,1003.569
57.72,986.684,995.001,1012.011,1004.037
57.76,986.292,995.321,1012.484,1004.182
57.80,986.878,995.655,1012.657,1003.993
57.84,986.997,995.532,1012.582,1004.474
57.88,986.678,995.451,1012.802,1004.653
57.92,986.908,995.698,1012.308,1004.032
57.96,986.259,995.582,1012.491,1003.956
58.00,986.434,995.034,1011.871,1004.182
58.04,986.238,994.748,1012.392,1003.538
58.08,986.492,994.467,1012.491,1003.111
58.12,986.319,994.099,1011.852,1003.692
58.16,985.880,994.343,1012.238,1003.480
58.20,986.310,994.886,1011.719,1003.042
58.24,985.894,994.882,1012.247,1003.768
58.28,987.005,994.785,1012.670,1004.056
58.32,987.230,995.123,1013.095,1004.049
58.36,986.859,995.623,1012.828,1004.541
58.40,986.620,996.123,1011.848,1004.788
58.44,986.301,996.463,1012.704,1004.303
58.48,987.163,995.899,1012.673,1004.285
58.52,987.142,994.937,1012.950,1004.638
58.56,986.859,994.771,1012.669,1003.952
58.60,985.943,995.052,1011.616,1003.298
58.64,985.312,994.889,1011.658,1003.306
58.68,986.282,994.250,1011.912,1003.202
58.72,986.585,993.773,1012.884,1003.145
58.76,986.719,993.845,1012.356,1003.498
58.80,986.045,994.694,1011.773,1003.697
58.84,985.675,995.623,1011.934,1003.632
58.88,986.609,995.763,1012.115,1004.049
58.92,987.086,995.321,1013.236,1004.684
58.96,987.459,995.277,1012.830,1004.605
59.00,986.560,995.760,1012.517,1004.155
59.04,986.256,995.920,1012.252,1004.115
59.08,986.610,995.454,1012.083,1004.216
59.12,986.667,994.922,1013.009,1003.913
59.16,987.027,994.550,1012.477,1003.665
59.20,986.158,994.561,1012.129,1003.787
59.24,985.830,994.887,1011.783,1003.476
59.28,985.994,994.988,1011.746,1003.249
59.32,986.434,994.562,1012.674,1003.623
59.36,987.201,994.289,1012.740,1003.974
59.40,986.740,994.800,1012.899,1003.954
59.44,986.628,995.652,1012.159,1004.055
59.48,986.239,996.085,1012.150,1004.525
59.52,986.873,996.051,1012.863,1004.504
59.56,987.535,995.647,1013.243,1004.518
59.60,987.304,995.326,1013.182,1004.746
59.64,986.680,995.507,1012.157,1004.427
59.68,986.005,995.837,1012.234,1003.698
59.72,986.448,995.308,1011.927,1003.770
59.76,986.232,994.422,1012.272,1004.008
59.80,986.606,994.153,1012.689,1003.112
59.84,986.349,994.174,1011.816,1003.047
59.88,985.448,994.228,1011.922,1003.626
59.92,986.394,994.683,1011.775,1003.209
59.96,986.183,994.920,1012.505,1003.477
60.00,986.804,994.835,1012.462,1004.262
60.04,986.943,995.219,1012.720,1004.299
60.08,986.824,995.885,1012.899,1004.132
60.12,986.718,996.008,1011.797,1004.731
60.16,986.259,995.985,1012.805,1004.566
60.20,987.472,995.717,1012.882,1003.857
60.24,986.927,994.993,1012.778,1004.500
60.28,986.489,994.782,1012.374,1004.268
60.32,986.143,995.251,1011.738,1003.153
60.36,985.690,995.002,1012.169,1003.291
60.40,986.531,994.161,1011.858,1003.879
60.44,986.506,994.102,1012.945,1003.344
60.48,986.630,994.531,1012.199,1003.187
60.52,985.727,994.834,1011.432,1004.041
60.56,985.929,995.335,1012.356,1003.696
60.60,987.126,995.407,1012.530,1003.557
60.64,986.916,994.897,1013.124,1004.729
60.68,987.204,995.154,1012.557,1004.641
60.72,986.352,996.096,1012.284,1003.806
60.76,986.021,996.051,1011.749,1004.192
60.80,986.372,995.265,1012.140,1004.397
60.84,987.095,994.718,1013.305,1003.444
60.88,987.021,994.240,1012.589,1003.596
60.92,985.938,994.288,1011.854,1004.007
60.96,985.749,995.097,1011.693,1003.097
61.00,986.031,995.231,1011.973,1003.124
61.04,986.553,994.481,1012.486,1004.298
61.08,987.251,994.484,1013.119,1004.038
61.12,987.013,995.249,1012.787,1003.695
61.16,986.023,995.736,1011.776,1004.597
61.20,986.139,996.029,1012.060,1004.426
61.24,987.127,995.931,1013.127,1003.738
61.28,987.592,994.996,1013.293,1004.687
61.32,987.162,994.751,1012.835,1004.933
61.36,986.386,995.741,1012.255,1003.594
61.40,985.736,996.010,1011.573,1003.634
61.44,986.011,995.059,1011.859,1004.345
61.48,986.987,994.400,1013.040,1003.488
61.52,987.033,994.104,1012.671,1003.155
61.56,985.762,994.101,1011.554,1003.904
61.60,985.305,994.914,1011.145,1003.175
61.64,985.612,995.241,1011.742,1002.553
61.68,986.555,994.196,1012.507,1003.784
61.72,987.372,993.720,1013.147,1004.190
61.76,987.105,994.812,1013.030,1003.519
61.80,986.081,995.910,1011.598,1004.178
61.84,985.871,996.369,1011.899,1004.791
61.88,987.474,996.313,1013.486,1004.268
61.92,988.148,995.560,1013.645,1004.940
61.96,987.246,995.269,1012.882,1005.443
62.00,986.337,996.197,1012.196,1003.959
62.04,985.816,996.320,1011.631,1003.479
62.08,986.117,994.880,1012.099,1004.256
62.12,987.131,993.846,1013.129,1003.530
62.16,987.145,993.742,1012.951,1002.807
62.20,985.638,994.024,1011.518,1003.691
62.24,985.342,994.944,1011.104,1003.421
62.28,985.898,995.540,1012.222,1002.842
62.32,986.933,994.757,1012.552,1004.210
62.36,987.208,994.398,1013.110,1004.784
62.40,987.103,995.427,1012.667,1003.691
62.44,985.870,996.106,1011.665,1004.055
62.48,985.888,995.907,1011.764,1004.618
62.52,986.898,995.432,1012.792,1003.818
62.56,987.302,994.700,1013.160,1003.714
62.60,986.605,994.161,1012.257,1004.351
62.64,985.849,994.822,1011.769,1003.410
62.68,985.656,995.375,1011.669,1002.748
62.72,986.022,994.618,1011.991,1003.808
62.76,987.029,994.058,1012.900,1003.936
62.80,987.144,994.522,1013.073,1003.375
62.84,986.250,995.177,1011.882,1004.106
62.88,985.950,995.769,1011.788,1004.376
62.92,986.561,996.112,1012.675,1003.886
62.96,987.393,995.507,1013.022,1004.427
63.00,987.444,994.939,1013.506,1004.992
63.04,987.318,995.466,1012.682,1004.330
63.08,985.990,996.148,1011.888,1004.018
63.12,985.757,995.901,1011.803,1004.225
63.16,986.797,995.132,1012.471,1003.812
63.20,986.970,994.293,1013.188,1003.605
63.24,986.570,993.951,1011.970,1003.728
63.28,985.524,994.520,1011.752,1003.182
63.32,985.645,994.955,1011.517,1002.838
63.36,986.047,994.562,1011.957,1003.585
63.40,986.793,994.201,1013.078,1003.850
63.44,987.416,994.626,1012.647,1003.691
63.48,986.120,995.353,1012.425,1004.294
63.52,986.401,996.071,1011.770,1004.424
63.56,986.574,996.287,1012.710,1004.193
63.60,987.413,995.665,1013.211,1004.616
63.64,987.485,995.131,1012.936,1004.927
63.68,986.644,995.497,1012.847,1004.099
63.72,986.244,995.753,1011.437,1003.741
63.76,985.325,995.239,1011.732,1003.930
63.80,986.433,994.505,1012.171,1003.229
63.84,986.596,993.750,1012.679,1002.949
63.88,986.256,993.435,1012.119,1003.382
63.92,985.684,994.097,1011.379,1003.107
63.96,985.363,994.956,1011.901,1002.752
64.00,986.550,994.847,1011.994,1003.681
64.04,987.048,994.613,1013.273,1004.535
64.08,987.687,995.330,1013.278,1004.322
64.12,986.974,996.276,1012.631,1004.739
64.16,986.471,996.797,1012.370,1005.264
64.20,987.069,996.870,1012.539,1004.848
64.24,987.364,996.202,1013.672,1004.560
64.28,987.650,995.129,1012.620,1004.911
64.32,986.105,994.954,1012.307,1004.138
64.36,985.717,995.192,1011.535,1002.703
64.40,985.306,994.391,1011.032,1003.005
64.44,985.696,993.250,1012.290,1003.024
64.48,986.918,993.004,1012.328,1002.280
64.52,985.817,993.355,1012.160,1002.921
64.56,985.554,994.293,1011.130,1003.573
64.60,985.694,995.577,1011.804,1003.262
64.64,986.783,995.744,1013.044,1003.950
64.68,988.128,995.284,1013.212,1005.396
64.72,987.533,995.870,1013.973,1005.319
64.76,987.496,997.091,1012.482,1004.678
64.80,986.153,997.227,1012.245,1005.328
64.84,986.936,996.542,1012.748,1005.029
64.88,987.835,995.558,1013.288,1004.077
64.92,986.953,994.476,1013.363,1004.232
64.96,986.441,994.216,1011.356,1003.897
65.00,984.642,994.815,1011.386,1002.537
65.04,985.368,994.473,1010.997,1002.259
65.08,985.946,993.144,1012.204,1003.181
65.12,987.075,992.815,1013.284,1002.995
65.16,987.015,993.862,1012.367,1003.083
65.20,985.424,995.286,1011.799,1004.198
65.24,986.092,996.591,1011.173,1004.392
65.28,986.525,996.887,1013.163,1004.385
65.32,988.408,995.859,1013.644,1005.221
65.36,987.945,995.307,1013.543,1005.629
65.40,986.887,996.114,1012.922,1004.341
65.44,985.971,996.534,1011.197,1003.938
65.48,985.270,995.626,1011.917,1004.218
65.52,987.249,994.360,1012.717,1003.249
65.56,986.965,993.372,1013.165,1003.083
65.60,986.037,993.261,1011.834,1003.475
65.64,985.230,994.414,1010.776,1002.718
65.68,984.849,995.164,1011.704,1002.516
65.72,986.809,994.442,1012.016,1003.714
65.76,987.323,994.039,1013.799,1004.443
65.80,987.878,995.048,1013.231,1004.058
65.84,986.278,996.357,1011.828,1004.732
65.88,985.790,997.117,1012.058,1005.014
65.92,987.467,996.912,1012.660,1004.467
65.96,987.571,995.599,1014.063,1004.973
66.00,987.969,994.728,1012.975,1004.997
66.04,986.193,995.261,1012.280,1003.763
66.08,985.237,995.653,1011.122,1003.079
66.12,985.282,994.748,1011.038,1003.379
66.16,986.348,993.559,1013.072,1002.883
66.20,987.624,992.953,1012.840,1002.772
66.24,985.973,993.341,1012.354,1003.682
66.28,985.621,995.038,1011.134,1003.378
66.32,985.610,996.293,1011.724,1003.293
66.36,986.926,995.789,1012.947,1004.695
66.40,988.309,995.180,1013.599,1005.393
66.44,987.829,995.845,1014.031,1004.713
66.48,986.982,996.683,1011.969,1004.859
66.52,985.662,996.884,1011.800,1005.105
66.56,986.734,996.365,1012.603,1004.041
66.60,987.383,994.910,1013.082,1003.908
66.64,986.962,993.647,1013.051,1004.198
66.68,986.272,993.983,1011.676,1003.103
66.72,984.742,994.784,1011.199,1002.382
66.76,985.243,994.441,1010.991,1003.007
66.80,986.268,993.698,1012.505,1003.256
66.84,987.338,993.656,1013.319,1003.135
66.88,986.779,994.274,1012.183,1003.962
66.92,985.575,995.621,1011.708,1004.277
66.96,986.188,996.699,1011.823,1003.797
67.00,986.794,996.246,1012.946,1004.595
67.04,987.890,995.184,1013.422,1005.246
67.08,987.730,995.274,1013.595,1004.421
67.12,986.794,995.852,1012.432,1004.115
67.16,985.625,995.924,1011.259,1004.546
67.20,985.825,995.699,1012.132,1003.680
67.24,987.104,994.751,1012.667,1003.122
67.28,986.611,993.495,1012.824,1004.066
67.32,986.475,993.731,1012.017,1003.386
67.36,985.484,994.855,1011.590,1002.517
67.40,985.386,994.980,1011.557,1003.423
67.44,986.708,994.589,1012.228,1004.097
67.48,987.284,994.735,1013.727,1003.773
67.52,987.475,995.172,1012.598,1004.336
67.56,986.250,995.891,1012.322,1005.016
67.60,986.702,996.778,1012.487,1004.321
67.64,987.117,996.531,1012.672,1004.536
67.68,987.051,995.482,1013.144,1005.274
67.72,987.330,995.259,1012.734,1004.250
67.76,986.315,995.363,1012.594,1003.394
67.80,985.950,994.817,1011.568,1003.866
67.84,986.025,994.369,1012.066,1003.526
67.88,986.573,994.246,1012.662,1002.765
67.92,986.480,993.945,1011.901,1003.591
67.96,985.827,994.260,1012.090,1003.804
68.00,986.304,995.235,1011.802,1003.049
68.04,986.012,995.358,1012.330,1003.775
68.08,987.034,994.970,1012.516,1004.590
68.12,987.216,995.255,1013.237,1004.197
68.16,987.206,995.774,1013.166,1004.191
68.20,986.922,995.902,1011.989,1005.123
68.24,986.146,996.240,1012.572,1004.677
68.28,987.050,996.246,1012.281,1003.751
68.32,986.502,995.128,1012.865,1004.439
68.36,987.063,994.334,1012.642,1004.199
68.40,986.510,994.593,1012.264,1003.098
68.44,985.388,994.670,1011.692,1003.232
68.48,985.803,994.449,1011.130,1003.481
68.52,986.069,994.340,1013.146,1002.946
68.56,987.539,994.108,1012.595,1003.432
68.60,986.334,994.328,1012.597,1004.588
68.64,986.538,995.734,1012.246,1003.864
68.68,986.395,996.588,1011.828,1003.989
68.72,986.358,996.065,1012.817,1005.139
68.76,987.906,995.601,1012.767,1004.739
68.80,987.023,995.526,1013.736,1004.051
68.84,987.050,995.289,1012.011,1004.447
68.88,985.770,995.303,1011.875,1004.261
68.92,986.188,995.415,1012.374,1003.059
68.96,986.583,994.590,1011.957,1003.543
69.00,986.233,993.804,1012.703,1003.990
69.04,986.856,994.209,1012.144,1002.995
69.08,985.667,994.805,1012.165,1003.202
69.12,986.137,994.874,1011.643,1004.052
69.16,986.498,995.149,1012.499,1003.847
69.20,987.157,995.335,1013.394,1003.789
69.24,987.668,995.245,1012.817,1004.922
69.28,986.862,995.799,1013.191,1005.146
69.32,987.107,996.813,1012.227,1004.315
69.36,986.186,996.715,1012.457,1004.775
69.40,987.257,995.757,1013.046,1004.883
69.44,987.812,995.069,1013.168,1004.193
69.48,986.384,994.823,1012.766,1004.045
69.52,985.924,994.922,1010.856,1003.662
69.56,984.819,994.976,1011.703,1002.807
69.60,986.293,994.131,1011.928,1002.656
69.64,986.586,993.036,1012.634,1003.418
69.68,986.742,993.309,1012.871,1003.186
69.72,986.307,994.695,1011.536,1003.144
69.76,985.016,995.722,1011.699,1004.017
69.80,986.639,996.038,1011.748,1004.193
69.84,987.111,995.759,1013.724,1004.349
69.88,988.187,995.233,1013.344,1004.927
69.92,987.008,995.513,1012.560,1005.031
69.96,986.008,996.453,1012.336,1003.981
70.00,986.407,996.293,1011.492,1003.925
70.04,986.203,994.988,1013.079,1004.450
70.08,987.911,994.185,1012.891,1003.653
70.12,986.407,994.180,1012.719,1003.434
70.16,985.549,994.607,1011.355,1003.610
70.20,985.460,995.143,1011.059,1003.100
70.24,985.850,994.879,1012.624,1003.052
70.28,987.310,993.992,1012.309,1003.945
70.32,986.718,994.089,1013.180,1004.002
70.36,986.696,995.225,1012.190,1003.470
70.40,985.852,995.936,1011.570,1004.171
70.44,986.189,995.933,1012.537,1004.545
70.48,987.627,995.644,1012.908,1004.177
70.52,987.132,995.188,1013.505,1004.553
70.56,987.092,995.189,1012.177,1004.591
70.60,985.936,995.736,1012.071,1003.830
70.64,985.898,995.657,1011.791,1003.530
70.68,986.398,994.680,1011.964,1003.867
70.72,986.544,993.961,1012.991,1003.498
70.76,986.701,993.978,1011.907,1003.008
70.80,985.162,994.288,1011.515,1003.289
70.84,985.469,994.696,1011.172,1003.035
70.88,985.866,994.665,1011.907,1002.966
70.92,986.675,994.142,1012.807,1003.588
70.96,987.207,994.096,1012.605,1004.045
71.00,986.491,995.097,1012.649,1003.917
71.04,986.274,996.098,1011.697,1004.148
71.08,986.064,996.278,1012.188,1004.639
71.12,987.349,995.861,1013.271,1004.410
71.16,987.943,995.288,1013.380,1004.586
71.20,986.914,995.140,1012.977,1004.837
71.24,986.290,995.819,1011.552,1003.999
71.28,985.505,995.969,1012.060,1003.443
71.32,986.697,994.886,1012.263,1003.826
71.36,986.981,993.857,1012.865,1003.947
71.40,986.638,994.063,1012.758,1003.213
71.44,985.886,994.678,1011.041,1003.232
71.48,984.847,995.015,1011.685,1003.565
71.52,986.802,994.939,1012.133,1003.228
71.56,987.032,994.406,1013.397,1003.912
71.60,987.330,994.453,1012.770,1004.550
71.64,986.130,995.632,1011.614,1004.109
71.68,985.401,996.522,1011.991,1003.614
71.72,986.962,995.786,1012.141,1004.239
71.76,987.181,994.639,1013.699,1004.769
71.80,987.782,994.617,1012.941,1003.929
71.84,985.982,995.267,1012.033,1003.762
71.88,985.633,995.569,1011.658,1003.885
71.92,986.433,995.335,1011.875,1003.690
71.96,986.780,994.690,1013.417,1003.768
72.00,987.545,994.246,1012.589,1004.122
72.04,986.178,994.814,1012.409,1004.029
72.08,985.912,995.719,1011.674,1003.522
72.12,985.940,995.685,1011.498,1003.879
72.16,986.424,994.980,1012.938,1004.102
72.20,987.621,994.475,1012.858,1003.757
72.24,986.568,994.541,1012.910,1003.897
72.28,986.250,995.070,1011.634,1003.965
72.32,985.659,995.658,1011.702,1003.630
72.36,986.186,995.412,1012.458,1003.645
72.40,987.179,994.590,1012.411,1004.128
72.44,986.692,994.400,1013.040,1004.011
72.48,986.438,994.982,1011.663,1003.471
72.52,985.290,995.339,1011.610,1003.560
72.56,986.201,995.083,1012.235,1003.562
72.60,987.239,994.498,1012.888,1003.776
72.64,987.113,994.338,1013.462,1004.164
72.68,987.005,995.090,1012.128,1004.191
72.72,985.899,996.151,1012.241,1004.148
72.76,986.595,996.392,1012.178,1004.389
72.80,987.075,995.766,1012.790,1004.768
72.84,987.295,995.308,1013.490,1004.504
72.88,987.251,995.247,1012.393,1004.145
72.92,985.846,995.283,1012.234,1004.016
72.96,986.058,995.245,1011.520,1003.602
73.00,985.938,994.767,1012.142,1003.298
73.04,986.688,994.050,1012.660,1003.377
73.08,986.728,993.760,1012.289,1003.553
73.12,985.931,994.364,1012.208,1003.392
73.16,985.897,995.173,1011.422,1003.343
73.20,985.922,995.314,1012.214,1003.824
73.24,987.282,995.117,1013.107,1004.143
73.28,987.700,995.075,1013.352,1004.560
73.32,987.024,995.635,1012.833,1004.835
73.36,986.338,996.541,1011.829,1004.607
73.40,985.941,996.693,1011.960,1004.270
73.44,986.767,995.675,1012.565,1004.226
73.48,987.126,994.371,1012.980,1004.054
73.52,986.650,993.942,1012.443,1003.402
73.56,985.566,994.230,1011.554,1002.892
73.60,985.222,994.391,1011.176,1002.824
73.64,985.835,994.195,1011.937,1002.951
73.68,986.768,993.886,1012.697,1003.340
73.72,986.836,994.136,1012.585,1003.827
73.76,986.416,995.193,1012.291,1003.970
73.80,986.306,996.169,1012.047,1004.210
73.84,986.598,996.321,1012.430,1004.699
73.88,987.389,995.977,1013.296,1004.814
73.92,987.788,995.666,1013.346,1004.725
73.96,986.970,995.621,1012.747,1004.752
74.00,986.200,995.879,1011.847,1004.218
74.04,985.870,995.664,1011.795,1003.574
74.08,986.287,994.676,1012.216,1003.470
74.12,986.644,993.639,1012.508,1003.441
74.16,986.307,993.542,1012.286,1002.983
74.20,985.561,994.092,1011.337,1002.828
74.24,985.089,994.545,1011.169,1003.048
74.28,985.989,994.618,1011.908,1003.139
74.32,986.758,994.388,1012.898,1003.625
74.36,987.333,994.473,1012.921,1004.228
74.40,986.835,995.403,1012.765,1004.390
74.44,986.634,996.448,1012.159,1004.483
74.48,986.501,996.738,1012.533,1004.910
74.52,987.424,996.302,1012.975,1004.963
74.56,987.574,995.727,1013.510,1004.751
74.60,987.352,995.389,1013.025,1004.500
74.64,986.321,995.371,1011.984,1004.242
74.68,985.643,995.414,1011.760,1003.528
74.72,986.013,994.805,1011.836,1003.179
74.76,986.415,993.787,1012.604,1003.342
74.80,986.765,993.395,1012.636,1003.282
74.84,986.233,994.038,1011.985,1003.120
74.88,985.559,994.951,1011.591,1003.402
74.92,985.899,995.453,1011.607,1003.802
74.96,986.696,995.429,1013.014,1004.038
75.00,987.820,995.150,1013.306,1004.501
75.04,987.438,995.354,1013.163,1004.972
75.08,986.560,996.267,1012.473,1004.678
75.12,986.331,996.810,1011.642,1004.327
75.16,986.261,996.133,1012.799,1004.438
75.20,987.674,994.907,1012.827,1004.283
75.24,986.918,994.278,1013.212,1003.866
75.28,986.383,994.472,1011.964,1003.398
75.32,985.288,994.838,1010.999,1003.281
75.36,985.062,994.799,1011.614,1003.009
75.40,986.567,994.176,1011.903,1002.954
75.44,986.395,993.536,1012.995,1003.520
75.48,986.873,993.907,1012.174,1003.509
75.52,985.865,995.061,1011.792,1003.425
75.56,985.634,995.758,1011.793,1003.873
75.60,986.833,995.700,1012.327,1004.253
75.64,987.455,995.335,1013.719,1004.488
75.68,987.797,995.291,1013.066,1004.791
75.72,986.524,995.880,1012.269,1004.737
75.76,985.941,996.488,1011.902,1004.039
75.80,986.285,995.963,1011.921,1003.961
75.84,986.630,994.585,1012.854,1004.082
75.88,987.214,993.856,1012.758,1003.460
75.92,986.120,993.987,1012.045,1003.086
75.96,985.163,994.417,1011.074,1003.150
76.00,985.210,994.687,1011.035,1002.838
76.04,985.914,994.362,1012.326,1002.900
76.08,987.055,993.724,1012.679,1003.593
76.12,986.937,994.025,1012.801,1003.911
76.16,986.419,995.334,1012.498,1003.798
76.20,986.444,996.308,1011.844,1004.343
76.24,986.665,996.458,1012.971,1005.054
76.28,988.090,996.249,1013.484,1005.008
76.32,987.834,996.063,1013.585,1005.158
76.36,987.025,996.105,1012.621,1005.136
76.40,986.051,996.370,1011.614,1004.308
76.44,985.699,995.857,1011.997,1003.485
76.48,986.676,994.269,1012.160,1003.447
76.52,986.409,992.998,1012.782,1003.249
76.56,986.293,993.118,1011.997,1002.421
76.60,985.145,993.796,1011.061,1002.513
76.64,984.808,994.336,1010.986,1003.001
76.68,986.084,994.587,1011.932,1002.976
76.72,987.082,994.419,1013.365,1003.624
76.76,987.763,994.545,1013.049,1004.777
76.80,986.953,995.900,1012.912,1004.848
76.84,986.673,997.335,1012.448,1004.634
76.88,986.941,997.368,1012.503,1005.432
76.92,987.750,996.513,1013.831,1005.589
76.96,988.445,995.885,1013.772,1004.892
77.00,986.879,995.607,1012.811,1004.734
77.04,985.824,995.626,1011.479,1004.098
77.08,985.558,995.352,1011.539,1002.943
77.12,986.031,994.062,1012.200,1002.930
77.16,986.610,992.756,1012.235,1003.219
77.20,986.042,993.001,1012.348,1002.550
77.24,985.625,994.022,1011.289,1002.440
77.28,985.130,994.666,1011.259,1003.454
77.32,986.491,995.057,1012.357,1003.696
77.36,987.493,995.272,1013.324,1004.140
77.40,987.546,995.491,1013.358,1005.172
77.44,987.207,996.406,1012.670,1005.246
77.48,986.632,997.322,1012.600,1004.698
77.52,986.947,996.960,1012.417,1004.986
77.56,987.110,995.772,1013.063,1005.080
77.60,987.421,995.010,1013.199,1003.957
77.64,986.456,994.602,1012.068,1003.558
77.68,985.289,994.318,1011.461,1003.379
77.72,985.458,994.237,1011.321,1002.541
77.76,985.758,993.696,1012.096,1002.475
77.80,986.549,993.114,1012.259,1003.231
77.84,986.526,993.643,1012.434,1003.333
77.88,986.122,994.978,1012.290,1003.351
77.92,986.339,995.895,1011.704,1004.262
77.96,986.682,996.238,1012.957,1004.938
78.00,988.115,996.371,1013.666,1004.919
78.04,987.880,996.267,1013.359,1005.486
78.08,986.874,996.479,1012.501,1005.461
78.12,986.287,996.816,1012.021,1004.214
78.16,986.229,995.889,1012.349,1003.803
78.20,986.761,994.153,1012.556,1004.020
78.24,986.866,993.358,1012.708,1003.132
78.28,985.719,993.613,1011.683,1002.492
78.32,984.748,993.959,1010.524,1002.718
78.36,985.136,994.163,1011.621,1002.577
78.40,986.823,993.966,1012.710,1002.863
78.44,987.326,993.819,1013.107,1004.208
78.48,986.997,994.994,1012.780,1004.582
78.52,986.477,996.870,1012.030,1004.302
78.56,986.234,997.415,1012.290,1005.054
78.60,987.658,996.685,1013.076,1005.546
78.64,988.017,995.937,1013.972,1005.060
78.68,987.573,995.557,1013.153,1004.603
78.72,986.276,995.490,1011.908,1004.308
78.76,985.419,995.387,1011.553,1003.491
78.80,985.791,994.673,1011.720,1002.830
78.84,986.331,993.391,1012.383,1002.979
78.88,986.533,992.822,1012.420,1003.029
78.92,985.842,993.553,1011.591,1002.682
78.96,984.914,994.637,1010.980,1002.844
79.00,985.509,995.045,1011.528,1003.322
79.04,987.067,994.841,1013.015,1003.804
79.08,987.937,994.744,1013.770,1004.589
79.12,987.548,995.548,1012.862,1005.089
79.16,986.204,996.981,1012.064,1004.842
79.20,986.187,997.514,1011.950,1004.594
79.24,987.075,996.367,1012.769,1004.905
79.28,987.632,994.868,1013.570,1004.686
79.32,987.128,994.345,1012.770,1003.754
79.36,985.565,994.546,1011.483,1003.146
79.40,984.900,994.524,1011.095,1002.839
79.44,985.820,994.031,1011.839,1002.621
79.48,986.681,993.325,1012.767,1003.065
79.52,986.864,993.440,1012.593,1003.595
79.56,986.256,994.760,1012.140,1003.555
79.60,985.878,996.064,1011.593,1003.931
79.64,986.185,996.379,1012.172,1004.649
79.68,987.565,996.009,1013.430,1004.758
79.72,988.082,995.580,1013.920,1004.951
79.76,987.268,995.664,1012.628,1005.150
79.80,985.739,996.324,1011.547,1004.320
79.84,985.585,996.243,1011.738,1003.325
79.88,986.488,994.631,1012.129,1003.614
79.92,986.769,993.093,1013.066,1003.579
79.96,986.666,993.165,1012.234,1002.560
80.00,985.031,993.959,1011.266,1002.546
80.04,985.070,994.514,1011.009,1003.075
80.08,986.134,994.682,1012.140,1003.200
80.12,987.281,994.563,1013.522,1003.805
80.16,987.765,994.772,1012.798,1004.874
80.20,986.434,996.093,1012.640,1004.861
80.24,986.496,997.330,1011.830,1004.337
80.28,986.276,996.898,1012.371,1004.999
80.32,987.608,995.624,1013.407,1004.932
80.36,987.974,994.854,1013.468,1004.146
80.40,986.278,994.668,1012.368,1003.996
80.44,985.337,994.965,1010.677,1003.437
80.48,984.825,994.927,1011.568,1002.497
80.52,986.342,993.776,1011.944,1002.683
80.56,986.634,992.692,1012.738,1003.433
80.60,986.657,993.328,1012.651,1002.954
80.64,985.789,994.808,1011.348,1003.087
80.68,985.297,995.769,1011.662,1004.054
80.72,986.996,995.993,1012.608,1004.359
80.76,987.838,995.778,1013.771,1004.788
80.80,987.870,995.698,1013.298,1005.387
80.84,986.925,996.439,1012.607,1005.006
80.88,986.296,996.964,1012.244,1004.322
80.92,986.522,996.196,1012.043,1004.464
80.96,986.953,994.848,1013.010,1004.282
81.00,987.109,994.131,1012.871,1003.437
81.04,986.196,994.003,1011.936,1003.174
81.08,985.351,994.233,1011.380,1003.135
81.12,985.434,994.475,1011.521,1002.836
81.16,986.238,994.272,1012.276,1003.017
81.20,986.846,993.976,1012.727,1003.805
81.24,986.877,994.507,1012.651,1004.024
81.28,986.321,995.695,1012.066,1003.946
81.32,985.869,996.325,1011.598,1004.359
81.36,986.518,996.104,1012.544,1004.404
81.40,987.506,995.388,1013.159,1004.253
81.44,987.210,994.779,1013.025,1004.461
81.48,986.602,994.921,1012.354,1003.991
81.52,985.857,995.411,1011.685,1003.446
81.56,985.810,995.162,1011.812,1003.558
81.60,986.286,994.442,1012.205,1003.685
81.64,986.701,994.108,1012.464,1003.279
81.68,986.284,994.158,1012.374,1003.270
81.72,985.969,994.463,1011.713,1003.572
81.76,985.988,994.980,1012.196,1003.472
81.80,986.748,995.175,1012.630,1003.746
81.84,987.121,995.085,1012.690,1004.575
81.88,986.863,995.519,1012.919,1004.574
81.92,986.909,996.178,1012.302,1004.225
81.96,986.263,996.149,1012.365,1004.589
82.00,986.853,995.682,1012.375,1004.502
82.04,986.732,995.221,1012.790,1003.858
82.08,986.629,994.697,1012.238,1003.692
82.12,985.811,994.379,1011.760,1003.588
82.16,985.663,994.385,1011.667,1002.844
82.20,985.731,994.139,1011.689,1002.735
82.24,985.942,993.688,1012.035,1003.226
82.28,986.334,993.801,1012.195,1003.167
82.32,986.379,994.443,1012.364,1003.187
82.36,986.349,995.003,1012.112,1004.011
82.40,986.468,995.619,1012.154,1004.447
82.44,986.732,996.173,1012.690,1004.260
82.48,987.224,996.042,1012.901,1004.634
82.52,987.282,995.680,1012.852,1005.059
82.56,986.906,995.778,1012.837,1004.428
82.60,986.681,995.842,1012.336,1003.925
82.64,986.191,995.241,1012.038,1004.230
82.68,986.315,994.741,1012.354,1003.696
82.72,986.519,994.375,1012.344,1003.072
82.76,986.009,994.006,1011.908,1003.386
82.80,985.799,994.093,1011.725,1003.296
82.84,986.000,994.494,1012.082,1002.783
82.88,986.242,994.514,1012.072,1003.475
82.92,986.534,994.514,1012.448,1004.115
82.96,987.019,995.195,1012.954,1003.834
83.00,987.080,995.727,1012.570,1004.355
83.04,986.583,996.065,1012.715,1005.138
83.08,987.354,996.449,1012.898,1004.644
83.12,987.389,996.374,1013.299,1004.701
83.16,987.163,995.785,1012.705,1005.301
83.20,986.625,995.762,1012.257,1004.422
83.24,986.137,995.687,1012.307,1003.307
83.28,986.090,994.593,1011.780,1003.691
83.32,986.159,993.674,1012.248,1003.446
83.36,986.375,993.653,1012.281,1002.415
83.40,985.698,993.742,1011.564,1002.871
83.44,985.407,994.004,1011.434,1003.374
83.48,986.014,994.710,1011.961,1002.882
83.52,986.542,994.864,1012.564,1003.534
83.56,986.974,994.800,1012.746,1004.717
83.60,987.290,995.580,1013.080,1004.426
83.64,986.893,996.484,1012.611,1004.450
83.68,986.499,996.546,1012.204,1005.211
83.72,987.027,996.351,1012.875,1004.741
83.76,987.403,995.806,1013.195,1004.214
83.80,986.971,994.966,1012.755,1004.552
83.84,986.451,994.773,1012.306,1003.977
83.88,986.056,995.023,1011.979,1003.007
83.92,985.766,994.566,1011.700,1003.383
83.96,986.125,994.017,1012.022,1003.519
84.00,986.547,994.067,1012.524,1002.909
84.04,986.279,994.285,1012.322,1003.358
84.08,986.272,994.638,1011.920,1003.981
84.12,986.400,995.401,1012.610,1003.794
84.16,987.184,995.833,1012.789,1004.161
84.20,987.075,995.724,1012.712,1005.228
84.24,986.983,996.120,1012.956,1004.843
84.28,987.163,996.503,1012.815,1004.206
84.32,986.868,995.911,1012.767,1004.917
84.36,986.929,995.386,1012.609,1004.749
84.40,986.613,995.390,1012.384,1003.531
84.44,985.841,994.950,1011.921,1003.476
84.48,985.892,994.164,1011.543,1003.550
84.52,986.100,993.893,1012.404,1002.678
84.56,986.284,993.709,1012.010,1002.753
84.60,985.797,993.719,1011.702,1003.518
84.64,985.998,994.516,1012.205,1003.140
84.68,986.578,995.165,1012.164,1003.414
84.72,986.526,995.230,1012.645,1004.658
84.76,987.225,995.668,1012.768,1004.663
84.80,987.118,996.326,1013.085,1004.327
84.84,986.991,996.264,1012.566,1005.068
84.88,986.856,996.031,1012.570,1005.030
84.92,986.995,995.970,1012.937,1003.993
84.96,986.674,995.293,1012.231,1004.123
85.00,986.143,994.578,1012.197,1004.070
85.04,986.435,994.472,1012.207,1002.914
85.08,985.779,994.157,1011.776,1003.011
85.12,985.611,993.817,1011.488,1003.366
85.16,985.991,994.056,1011.999,1002.674
85.20,986.068,994.192,1012.145,1002.926
85.24,986.269,994.241,1011.819,1003.888
85.28,986.169,994.887,1012.372,1003.720
85.32,986.633,995.576,1012.355,1003.587
85.36,986.526,995.532,1012.310,1004.630
85.40,986.874,995.574,1012.773,1004.671
85.44,987.246,995.890,1012.892,1003.998
85.48,986.660,995.629,1012.471,1004.579
85.52,986.529,995.426,1012.311,1004.561
85.56,986.623,995.452,1012.497,1003.525
85.60,986.380,994.975,1012.087,1003.733
85.64,986.095,994.323,1012.166,1003.916
85.68,986.487,994.399,1012.526,1003.011
85.72,986.509,994.405,1012.279,1003.203
85.76,986.103,994.370,1012.137,1004.115
85.80,986.520,995.057,1012.088,1003.631
85.84,986.305,995.593,1012.495,1003.607
85.88,986.836,995.348,1012.298,1004.560
85.92,986.894,995.355,1012.782,1004.602
85.96,986.943,995.760,1012.658,1003.946
86.00,986.257,995.642,1011.889,1004.331
86.04,985.913,995.331,1011.940,1004.151
86.08,986.387,994.980,1012.189,1003.155
86.12,986.312,994.169,1012.353,1003.235
86.16,986.255,993.599,1011.965,1003.539
86.20,986.026,994.050,1012.196,1002.830
86.24,985.971,994.570,1011.822,1002.940
86.28,985.971,994.623,1011.838,1003.988
86.32,986.744,995.004,1012.880,1003.904
86.36,987.293,995.514,1012.631,1004.038
86.40,986.398,995.729,1012.465,1004.940
86.44,986.546,996.168,1012.060,1004.496
86.48,986.496,996.195,1012.387,1003.850
86.52,986.799,995.205,1012.743,1004.278
86.56,987.096,994.379,1012.602,1004.225
86.60,986.354,994.560,1012.553,1003.266
86.64,985.838,994.746,1011.376,1003.189
86.68,985.464,994.569,1011.706,1003.517
86.72,986.484,994.410,1012.459,1003.138
86.76,987.001,994.222,1012.720,1003.486
86.80,986.437,994.425,1012.372,1004.263
86.84,986.331,995.456,1011.922,1003.857
86.88,986.226,996.144,1012.492,1003.765
86.92,987.055,995.673,1012.497,1004.812
86.96,987.246,995.377,1013.225,1004.889
87.00,987.411,995.713,1012.982,1004.077
87.04,986.366,995.779,1012.167,1004.440
87.08,986.281,995.570,1011.994,1004.356
87.12,986.424,995.356,1012.487,1003.546
87.16,986.642,994.639,1012.488,1003.569
87.20,986.538,994.032,1012.287,1003.872
87.24,986.153,994.345,1012.278,1003.256
87.28,985.952,994.776,1011.638,1003.069
87.32,985.847,994.768,1012.009,1003.738
87.36,986.702,994.705,1012.452,1003.796
87.40,986.954,994.937,1012.884,1003.793
87.44,986.846,995.229,1012.735,1004.371
87.48,986.920,995.714,1012.527,1004.567
87.52,986.865,996.229,1012.686,1004.456
87.56,986.726,996.209,1012.378,1004.736
87.60,986.768,995.845,1012.629,1004.616
87.64,986.921,995.443,1012.853,1004.037
87.68,986.860,994.913,1012.618,1003.923
87.72,986.419,994.546,1012.326,1003.930
87.76,986.153,994.681,1012.022,1003.383
87.80,985.949,994.784,1011.972,1003.250
87.84,986.345,994.524,1012.331,1003.613
87.88,986.845,994.466,1012.717,1003.758
87.92,986.789,994.856,1012.536,1003.904
87.96,986.310,995.461,1012.135,1004.140
88.00,986.352,995.864,1012.320,1004.189
88.04,986.907,995.795,1012.613,1004.279
88.08,987.102,995.394,1012.980,1004.534
88.12,987.060,995.262,1012.759,1004.360
88.16,986.510,995.432,1012.231,1004.014
88.20,985.936,995.399,1011.862,1003.860
88.24,986.140,995.012,1011.845,1003.595
88.28,986.244,994.411,1012.571,1003.330
88.32,986.723,993.919,1012.215,1003.323
88.36,986.033,993.996,1012.257,1003.396
88.40,986.125,994.610,1011.844,1003.231
88.44,986.042,995.015,1011.946,1003.555
88.48,986.624,995.090,1012.809,1004.067
88.52,987.391,995.254,1012.810,1004.373
88.56,986.895,995.691,1012.913,1004.610
88.60,986.798,996.186,1012.371,1004.623
88.64,986.571,996.309,1012.408,1004.539
88.68,986.914,995.872,1013.017,1004.424
88.72,987.439,995.203,1012.759,1004.368
88.76,986.352,994.884,1012.442,1004.205
88.80,985.925,995.045,1011.363,1003.361
88.84,985.059,994.801,1011.493,1002.945
88.88,985.925,993.893,1011.799,1002.851
88.92,986.497,993.116,1012.611,1002.882
88.96,986.668,993.264,1012.514,1002.988
89.00,985.887,994.271,1011.660,1003.394
89.04,985.690,995.499,1011.867,1003.605
89.08,986.779,995.973,1012.425,1004.178
89.12,987.586,995.784,1013.458,1005.127
89.16,987.878,995.991,1013.479,1005.320
89.20,987.263,996.666,1012.798,1004.944
89.24,986.384,996.924,1012.271,1004.839
89.28,986.577,996.326,1012.080,1004.610
89.32,986.676,995.192,1013.054,1003.897
89.36,987.195,994.097,1012.579,1003.480
89.40,985.989,993.608,1011.889,1003.404
89.44,985.185,993.996,1011.435,1002.577
89.48,985.468,994.225,1011.040,1002.299
89.52,985.545,993.762,1012.154,1003.147
89.56,986.828,993.647,1012.220,1003.414
89.60,986.546,994.422,1012.843,1003.350
89.64,986.601,995.308,1012.153,1004.101
89.68,986.360,996.059,1012.124,1004.783
89.72,987.088,996.599,1013.210,1004.531
89.76,987.783,996.332,1012.999,1005.053
89.80,987.192,995.939,1013.302,1005.463
89.84,987.230,996.153,1012.448,1004.463
89.88,986.063,996.010,1012.312,1003.961
89.92,986.370,995.079,1012.146,1004.000
89.96,986.623,994.193,1012.383,1003.560
90.00,986.329,993.880,1012.773,1002.948
90.04,986.391,993.859,1011.550,1003.160
90.08,985.263,994.283,1011.995,1003.383
90.12,986.332,994.860,1011.673,1003.077
90.16,986.258,994.941,1012.546,1003.766
90.20,987.038,994.862,1012.641,1004.428
90.24,986.911,995.425,1012.468,1004.279
90.28,986.355,996.037,1012.773,1004.162
90.32,986.955,995.961,1011.833,1004.595
90.36,986.250,995.645,1012.947,1004.534
90.40,987.319,995.351,1012.577,1003.784
90.44,986.466,994.879,1012.452,1003.978
90.48,986.216,994.621,1012.339,1003.880
90.52,986.501,994.783,1011.973,1003.226
90.56,986.051,994.673,1012.613,1003.449
90.60,986.849,994.460,1012.023,1003.983
90.64,986.387,994.857,1012.682,1003.810
90.68,986.596,995.377,1012.207,1003.742
90.72,986.226,995.503,1012.003,1004.332
90.76,986.525,995.500,1012.652,1004.181
90.80,987.128,995.392,1012.570,1003.912
90.84,986.636,995.060,1012.798,1004.332
90.88,986.946,995.070,1012.378,1004.178
90.92,986.200,995.401,1012.278,1003.823
90.96,986.194,995.345,1011.898,1003.821
91.00,986.329,994.942,1012.388,1003.847
91.04,987.000,994.587,1012.979,1003.632
91.08,986.939,994.484,1012.599,1003.936
91.12,986.344,994.943,1012.283,1004.105
91.16,986.256,995.657,1012.123,1003.759
91.20,986.453,995.731,1012.308,1004.058
91.24,986.889,995.281,1012.750,1004.524
91.28,987.212,995.147,1012.917,1004.219
91.32,986.778,995.310,1012.665,1004.007
91.36,986.267,995.410,1011.811,1004.221
91.40,985.749,995.404,1011.807,1003.847
91.44,986.346,995.079,1012.282,1003.205
91.48,986.604,994.173,1012.467,1003.624
91.52,986.557,993.825,1012.437,1003.748
91.56,986.249,994.472,1012.067,1003.079
91.60,985.689,995.019,1011.753,1003.367
91.64,986.114,995.032,1011.907,1003.984
91.68,986.782,995.049,1012.723,1003.873
91.72,987.060,995.120,1012.901,1004.023
91.76,986.746,995.256,1012.319,1004.522
91.80,986.384,995.750,1012.465,1004.201
91.84,986.810,995.921,1012.558,1003.949
91.88,986.701,995.383,1012.536,1004.589
91.92,986.839,995.158,1012.642,1004.330
91.96,986.749,995.253,1012.720,1003.571
92.00,986.386,994.992,1012.073,1003.966
92.04,986.014,994.795,1011.875,1004.041
92.08,986.277,994.942,1012.349,1003.101
92.12,986.537,994.593,1012.431,1003.401
92.16,986.428,994.185,1012.297,1004.173
92.20,986.538,994.770,1012.381,1003.499
92.24,986.308,995.386,1012.301,1003.455
92.28,986.466,995.277,1012.013,1004.454
92.32,986.618,995.342,1012.771,1004.360
92.36,987.177,995.616,1012.789,1003.803
92.40,986.580,995.380,1012.242,1004.536
92.44,986.192,995.345,1012.133,1004.395
92.48,986.405,995.478,1012.162,1003.312
92.52,986.155,994.852,1012.277,1003.601
92.56,986.437,994.062,1011.998,1003.885
92.60,986.182,994.207,1012.424,1003.009
92.64,986.188,994.437,1011.924,1002.892
92.68,985.850,994.339,1011.701,1003.852
92.72,986.435,994.720,1012.703,1003.569
92.76,987.150,995.172,1012.621,1003.667
92.80,986.545,995.279,1012.556,1004.868
92.84,986.886,995.914,1012.397,1004.596
92.88,986.619,996.461,1012.631,1004.115
92.92,986.766,995.944,1012.450,1004.712
92.96,986.933,995.286,1012.635,1004.636
93.00,986.867,995.158,1012.994,1003.608
93.04,986.440,994.847,1011.778,1003.673
93.08,985.428,994.524,1011.716,1003.770
93.12,986.000,994.528,1011.768,1002.700
93.16,985.802,994.109,1011.941,1002.847
93.20,986.077,993.526,1012.166,1003.464
93.24,986.575,993.914,1012.069,1003.031
93.28,985.886,994.664,1012.459,1003.176
93.32,986.680,995.072,1011.931,1004.119
93.36,986.538,995.586,1012.828,1004.546
93.40,987.394,996.144,1013.101,1004.393
93.44,987.353,996.250,1012.894,1005.068
93.48,987.032,996.232,1013.099,1005.290
93.52,987.276,996.432,1012.614,1004.553
93.56,986.598,996.062,1012.766,1004.428
93.60,986.711,995.249,1012.100,1004.413
93.64,986.260,994.763,1012.342,1003.531
93.68,986.054,994.330,1012.079,1002.862
93.72,985.673,993.709,1011.201,1003.106
93.76,985.181,993.601,1011.786,1002.652
93.80,986.045,993.718,1011.615,1002.163
93.84,985.734,993.570,1011.977,1003.159
93.88,986.376,993.971,1012.265,1003.556
93.92,986.715,995.021,1012.625,1003.435
93.96,986.818,995.733,1012.682,1004.489
94.00,987.028,996.223,1012.569,1005.388
94.04,987.202,996.870,1013.148,1004.888
94.08,987.475,996.861,1012.924,1004.958
94.12,986.968,996.125,1012.941,1005.422
94.16,987.273,995.758,1012.920,1004.403
94.20,986.817,995.375,1012.719,1003.698
94.24,986.252,994.615,1011.999,1004.014
94.28,985.828,994.318,1011.657,1003.397
94.32,985.658,994.337,1011.798,1002.402
94.36,985.749,993.716,1011.698,1002.864
94.40,986.158,993.355,1012.125,1003.243
94.44,986.343,993.915,1012.408,1002.876
94.48,986.164,994.678,1011.772,1003.421
94.52,985.920,995.294,1012.020,1004.218
94.56,986.975,995.864,1012.742,1004.119
94.60,987.593,995.923,1013.533,1004.626
94.64,987.855,995.869,1013.368,1005.549
94.68,987.412,996.521,1012.997,1005.247
94.72,986.752,997.126,1012.652,1004.657
94.76,986.744,996.596,1012.196,1004.958
94.80,986.870,995.523,1012.927,1004.650
94.84,987.144,994.727,1012.823,1003.606
94.88,986.124,994.147,1011.949,1003.383
94.92,985.231,993.928,1011.166,1002.999
94.96,985.128,993.983,1011.172,1002.171
95.00,985.588,993.474,1011.867,1002.305
95.04,986.429,992.968,1012.350,1003.135
95.08,986.795,993.607,1012.719,1003.237
95.12,986.278,995.066,1012.120,1003.688
95.16,986.077,996.209,1011.622,1004.558
95.20,986.658,996.761,1012.884,1004.820
95.24,988.153,996.537,1013.644,1005.040
95.28,987.995,996.041,1013.573,1005.716
95.32,987.092,996.238,1012.766,1005.145
95.36,986.173,996.643,1011.934,1003.993
95.40,985.869,995.737,1011.988,1003.860
95.44,986.749,994.129,1012.265,1003.750
95.48,986.410,993.305,1012.785,1002.944
95.52,985.976,993.348,1011.492,1002.441
95.56,984.672,993.692,1010.962,1002.657
95.60,985.403,994.075,1011.511,1002.499
95.64,986.533,994.067,1012.572,1002.989
95.68,987.346,994.097,1013.294,1004.244
95.72,987.319,995.222,1012.844,1004.732
95.76,986.552,996.942,1012.474,1004.679
95.80,986.787,997.649,1012.469,1005.226
95.84,987.565,997.070,1013.276,1005.754
95.88,988.268,996.271,1014.154,1005.303
95.92,988.032,995.798,1013.285,1004.879
95.96,986.078,995.680,1012.035,1004.661
96.00,985.371,995.658,1011.074,1003.416
96.04,985.339,994.740,1011.636,1002.508
96.08,986.331,992.885,1012.223,1002.767
96.12,986.411,991.984,1012.471,1002.686
96.16,985.812,992.909,1011.896,1002.052
96.20,985.047,994.200,1010.741,1002.656
96.24,985.143,995.046,1011.603,1003.590
96.28,987.239,995.410,1012.922,1003.834
96.32,988.035,995.439,1013.831,1004.923
96.36,987.781,995.988,1013.240,1005.807
96.40,986.756,997.400,1012.278,1005.178
96.44,986.198,997.898,1012.216,1004.669
96.48,987.034,996.471,1012.642,1005.036
96.52,987.638,994.747,1013.565,1004.598
96.56,987.304,994.070,1013.039,1003.465
96.60,985.645,994.137,1011.439,1003.115
96.64,984.632,994.325,1010.672,1002.826
96.68,985.314,994.170,1011.550,1002.208
96.72,986.547,993.320,1012.682,1002.768
96.76,987.126,993.007,1012.887,1003.787
96.80,986.649,994.409,1012.468,1003.646
96.84,986.011,996.270,1011.834,1003.864
96.88,986.251,996.915,1011.962,1005.024
96.92,987.443,996.676,1013.378,1005.364
96.96,988.529,996.266,1014.127,1005.062
97.00,987.669,995.947,1013.120,1005.468
97.04,986.249,996.249,1011.886,1004.856
97.08,985.638,996.382,1011.526,1003.407
97.12,985.875,994.963,1011.935,1003.312
97.16,986.608,993.084,1012.504,1003.396
97.20,986.573,992.608,1012.602,1002.422
97.24,985.465,993.260,1011.430,1002.218
97.28,984.754,994.052,1010.659,1002.873
97.32,985.347,994.673,1011.389,1002.934
97.36,986.641,994.764,1012.685,1003.324
97.40,987.554,994.534,1013.264,1004.486
97.44,987.428,995.309,1013.164,1004.923
97.48,986.892,996.786,1012.423,1004.624
97.52,986.398,997.387,1012.396,1005.073
97.56,987.250,996.804,1012.798,1005.346
97.60,987.502,995.928,1013.271,1004.829
97.64,987.130,995.199,1012.962,1004.170
97.68,986.118,994.766,1011.682,1003.753
97.72,985.175,994.463,1011.364,1002.946
97.76,985.693,993.930,1011.762,1002.262
97.80,986.209,992.998,1012.213,1002.801
97.84,986.379,992.904,1012.244,1003.134
97.88,986.004,994.104,1012.001,1002.855
97.92,985.725,995.322,1011.615,1003.476
97.96,986.294,995.754,1012.069,1004.470
98.00,987.425,995.965,1013.498,1004.660
98.04,988.254,996.050,1013.726,1005.005
98.08,987.468,996.267,1013.158,1005.705
98.12,986.685,997.027,1012.243,1005.110
98.16,986.307,997.108,1012.097,1004.247
98.20,986.630,995.696,1012.799,1004.363
98.24,987.536,994.056,1013.006,1004.124
98.28,986.513,993.697,1012.502,1003.180
98.32,985.045,994.093,1010.735,1002.609
98.36,984.093,994.236,1010.466,1002.358
98.40,985.567,993.655,1011.747,1002.033
98.44,987.013,992.701,1013.018,1002.845
98.48,987.052,992.934,1012.897,1003.750
98.52,986.026,994.941,1011.634,1003.660
98.56,985.421,996.853,1011.552,1003.788
98.60,986.716,996.922,1012.543,1004.989
98.64,988.483,996.080,1014.207,1005.667
98.68,988.824,995.893,1014.628,1005.465
98.72,987.553,996.560,1012.644,1005.407
98.76,985.549,997.253,1011.706,1004.995
98.80,986.160,996.863,1011.924,1003.871
98.84,987.051,994.928,1013.009,1003.903
98.88,987.464,993.094,1013.379,1003.973
98.92,986.524,993.260,1012.006,1002.950
98.96,984.468,994.379,1010.793,1002.271
99.00,984.557,994.629,1010.334,1002.618
99.04,985.853,993.975,1012.375,1002.967
99.08,987.818,993.392,1013.564,1003.333
99.12,987.455,993.907,1013.065,1004.309
99.16,986.148,995.784,1011.987,1004.521
99.20,985.857,997.560,1011.395,1004.255
99.24,986.512,997.268,1012.779,1004.991
99.28,988.452,995.832,1013.968,1005.536
99.32,988.470,995.174,1014.043,1005.037
99.36,986.663,995.636,1012.295,1004.397
99.40,984.811,996.094,1010.449,1003.782
99.44,984.683,995.458,1011.144,1002.849
99.48,986.630,993.529,1012.620,1002.489
99.52,987.193,991.772,1013.385,1003.085
99.56,986.698,992.354,1012.251,1002.844
99.60,984.790,994.596,1010.979,1002.510
99.64,984.824,995.967,1010.616,1003.323
99.68,986.285,995.786,1012.393,1004.349
99.72,988.540,995.191,1014.474,1004.696
99.76,988.844,995.275,1014.313,1005.359
99.80,987.143,996.521,1012.616,1005.727
99.84,985.903,998.068,1011.725,1004.868
99.88,986.405,997.791,1012.362,1004.539
99.92,987.661,995.553,1013.367,1005.134
99.96,988.090,993.987,1013.796,1004.423
100.00,986.634,994.117,1012.470,1003.116
100.04,984.604,994.598,1010.301,1002.896
100.08,984.096,994.549,1010.463,1002.540
100.12,986.011,993.644,1012.241,1001.989
100.16,987.167,992.410,1013.200,1003.028
100.20,986.937,992.732,1012.677,1003.787
100.24,985.899,995.107,1011.845,1003.194
100.28,985.564,996.861,1011.379,1003.852
100.32,986.626,996.742,1012.587,1005.426
100.36,988.556,996.245,1014.299,1005.415
100.40,988.713,996.183,1014.033,1005.295
100.44,986.689,996.457,1012.390,1005.638
100.48,985.881,996.986,1011.424,1004.407
100.52,985.915,996.284,1012.363,1003.328
100.56,987.097,994.020,1012.485,1003.891
100.60,986.764,992.659,1013.003,1003.542
100.64,986.203,993.332,1011.942,1002.013
100.68,984.480,994.095,1010.446,1002.472
100.72,984.780,994.304,1011.009,1003.050
100.76,986.520,994.293,1012.459,1002.784
100.80,987.352,994.034,1013.381,1003.753
100.84,987.213,994.549,1012.526,1004.861
100.88,986.115,996.333,1012.214,1004.345
100.92,986.408,997.402,1012.126,1004.141
100.96,986.948,996.512,1012.654,1005.469
101.00,987.940,995.561,1013.790,1005.209
101.04,987.810,995.480,1013.308,1004.121
101.08,985.951,995.409,1011.808,1004.286
101.12,985.259,995.296,1011.006,1003.728
101.16,985.634,994.847,1011.867,1002.489
101.20,986.450,993.394,1012.332,1002.868
101.24,986.455,992.525,1012.324,1003.383
101.28,986.106,993.494,1012.284,1002.459
101.32,985.596,994.725,1011.332,1002.789
101.36,985.583,995.194,1011.659,1004.268
101.40,987.100,995.596,1012.951,1004.228
101.44,987.873,995.857,1013.474,1004.463
101.48,987.323,995.940,1013.116,1005.594
101.52,986.995,996.681,1012.428,1005.177
101.56,986.536,997.096,1012.678,1004.273
101.60,987.035,996.103,1012.493,1004.774
101.64,986.952,994.841,1012.889,1004.748
101.68,986.865,994.617,1012.646,1003.208
101.72,985.735,994.393,1011.607,1002.967
101.76,985.380,993.925,1011.539,1003.253
101.80,986.220,993.867,1012.099,1002.666
101.84,986.377,993.870,1012.562,1002.941
101.88,986.540,994.069,1012.043,1003.944
101.92,986.293,995.121,1012.428,1003.855
101.96,986.743,996.094,1012.488,1003.945
102.00,986.902,996.158,1012.510,1005.122
102.04,987.247,996.156,1013.127,1005.209
102.08,987.461,996.363,1012.949,1004.489
102.12,986.724,996.033,1012.690,1004.692
102.16,986.671,995.479,1012.330,1004.565
102.20,986.624,995.216,1012.536,1003.580
102.24,986.271,994.607,1012.139,1003.454
102.28,985.882,994.022,1011.637,1003.551
102.32,985.846,994.072,1012.178,1002.695
102.36,986.153,994.064,1011.815,1002.747
102.40,985.849,993.881,1011.900,1003.617
102.44,986.229,994.438,1012.323,1003.338
102.48,986.722,995.136,1012.421,1003.369
102.52,986.568,995.266,1012.611,1004.647
102.56,987.111,995.776,1012.612,1004.824
102.60,987.141,996.454,1013.223,1004.322
102.64,987.141,996.338,1012.596,1005.065
102.68,986.929,996.004,1012.507,1005.204
102.72,986.697,996.033,1012.796,1004.004
102.76,986.365,995.412,1011.703,1003.795
102.80,985.626,994.382,1012.085,1003.745
102.84,986.565,993.818,1012.289,1002.611
102.88,986.297,993.423,1012.363,1002.693
102.92,985.921,993.434,1011.743,1003.470
102.96,985.675,994.455,1011.446,1003.038
103.00,985.832,995.308,1012.160,1002.981
103.04,986.852,995.051,1012.301,1004.398
103.08,987.216,995.124,1013.297,1004.864
103.12,987.579,996.020,1013.239,1004.274
103.16,986.891,996.481,1012.511,1004.965
103.20,986.560,996.491,1012.285,1005.359
103.24,986.802,996.468,1012.501,1004.280
103.28,986.791,995.639,1012.831,1003.933
103.32,986.913,994.363,1012.424,1004.285
103.36,986.394,994.050,1012.584,1003.390
103.40,986.021,994.365,1011.578,1002.564
103.44,985.009,994.189,1011.033,1003.248
103.48,985.668,994.089,1011.949,1002.955
103.52,986.890,994.010,1012.759,1002.713
103.56,986.879,993.934,1012.832,1004.054
103.60,986.556,994.870,1011.995,1004.473
103.64,986.005,996.528,1011.999,1003.735
103.68,986.245,996.689,1011.982,1004.394
103.72,987.042,995.696,1012.750,1005.201
103.76,987.675,995.207,1013.648,1004.266
103.80,987.093,995.163,1012.572,1003.912
103.84,985.593,995.047,1011.572,1004.213
103.88,985.664,995.171,1011.511,1003.192
103.92,986.130,994.656,1012.352,1002.750
103.96,986.696,993.476,1012.473,1003.679
104.00,986.493,993.513,1012.261,1003.533
104.04,985.806,994.725,1012.014,1002.679
104.08,985.638,995.255,1011.278,1003.504
104.12,986.116,995.084,1012.342,1004.303
104.16,987.633,995.151,1013.266,1003.869
104.20,987.376,995.252,1013.174,1004.522
104.24,986.694,995.647,1012.408,1005.048
104.28,986.358,996.509,1011.951,1004.241
104.32,986.174,996.406,1012.363,1003.988
104.36,987.073,995.134,1012.650,1004.513
104.40,987.300,994.291,1013.266,1004.125
104.44,986.689,994.478,1012.570,1003.329
104.48,985.740,994.798,1011.378,1003.522
104.52,985.488,994.981,1011.939,1003.494
104.56,986.801,994.807,1012.288,1003.285
104.60,986.822,994.383,1012.966,1004.014
104.64,986.986,994.624,1012.641,1004.220
104.68,986.430,995.583,1012.134,1003.906
104.72,985.923,996.122,1012.104,1004.128
104.76,986.743,995.842,1012.153,1004.510
104.80,987.173,995.297,1013.556,1004.287
104.84,987.650,994.986,1012.856,1004.265
104.88,986.213,995.149,1012.144,1004.414
104.92,985.982,995.665,1012.047,1003.594
104.96,986.317,995.451,1011.903,1003.511
105.00,986.287,994.504,1012.582,1004.105
105.04,987.073,994.217,1012.397,1003.536
105.08,986.207,994.489,1012.615,1003.197
105.12,986.065,994.721,1011.527,1003.712
105.16,985.739,995.011,1011.866,1003.752
105.20,986.632,995.188,1012.802,1003.350
105.24,987.306,994.792,1012.841,1004.237
105.28,987.046,994.912,1013.133,1004.813
105.32,987.033,995.922,1012.323,1004.154
105.36,986.218,996.545,1012.470,1004.320
105.40,986.809,996.120,1012.316,1004.970
105.44,987.092,995.590,1012.886,1004.532
105.48,987.032,995.242,1013.181,1003.818
105.52,986.643,994.780,1011.896,1004.099
105.56,985.562,994.741,1011.952,1003.662
105.60,986.121,994.793,1011.817,1002.701
105.64,986.023,994.127,1012.086,1003.243
105.68,986.352,993.635,1012.327,1003.635
105.72,986.525,994.220,1012.115,1003.011
105.76,985.694,994.901,1012.161,1003.344
105.80,986.377,995.144,1011.604,1004.099
105.84,986.506,995.387,1012.967,1004.060
105.88,987.582,995.538,1013.203,1004.178
105.92,987.262,995.502,1012.689,1005.090
105.96,986.542,996.063,1012.649,1004.843
106.00,986.686,996.578,1012.141,1003.981
106.04,986.361,995.863,1012.602,1004.418
106.08,987.102,994.790,1012.581,1004.458
106.12,986.802,994.497,1012.823,1003.424
106.16,986.177,994.485,1012.064,1003.229
106.20,985.547,994.408,1011.235,1003.590
106.24,985.606,994.545,1011.971,1002.951
106.28,986.584,994.380,1012.247,1002.921
106.32,986.546,993.933,1012.744,1003.998
106.36,986.888,994.516,1012.459,1003.971
106.40,986.249,995.700,1012.037,1003.661
106.44,985.899,996.099,1011.846,1004.367
106.48,986.782,995.808,1012.334,1004.553
106.52,987.466,995.422,1013.641,1004.144
106.56,987.630,995.012,1012.914,1004.519
106.60,986.284,995.232,1012.028,1004.604
106.64,985.759,995.931,1011.874,1003.471
106.68,986.054,995.525,1011.733,1003.404
106.72,986.238,994.190,1012.325,1004.048
106.76,986.769,993.738,1012.474,1003.207
106.80,986.034,994.048,1012.122,1002.620
106.84,985.578,994.189,1011.400,1003.367
106.88,985.856,994.529,1011.795,1003.425
106.92,986.564,994.865,1012.709,1003.220
106.96,986.991,994.823,1012.548,1004.235
107.00,986.745,995.220,1012.593,1004.713
107.04,986.676,996.169,1012.353,1004.075
107.08,986.414,996.333,1012.247,1004.353
107.12,986.704,995.654,1012.723,1004.817
107.16,987.548,995.191,1013.020,1004.142
107.20,986.710,995.012,1012.727,1003.970
107.24,985.905,994.914,1011.353,1003.960
107.28,985.181,994.996,1011.377,1003.118
107.32,985.869,994.476,1011.907,1002.522
107.36,986.476,993.274,1012.371,1003.303
107.40,986.692,993.119,1012.740,1003.316
107.44,986.278,994.292,1011.967,1002.952
107.48,985.381,995.370,1011.431,1003.627
107.52,985.993,995.779,1011.759,1004.229
107.56,987.221,995.723,1013.126,1004.157
107.60,987.717,995.361,1013.564,1004.694
107.64,987.287,995.410,1012.556,1005.060
107.68,986.054,996.257,1012.119,1004.253
107.72,986.008,996.380,1011.749,1003.704
107.76,986.402,995.142,1012.526,1004.160
107.80,987.437,993.996,1013.159,1003.836
107.84,986.717,993.930,1012.487,1003.286
107.88,985.354,994.490,1011.412,1003.209
107.92,985.288,994.933,1011.114,1003.058
107.96,985.956,994.701,1012.286,1003.135
108.00,987.224,994.095,1012.936,1003.715
108.04,987.172,994.230,1012.932,1004.190
108.08,986.464,995.425,1012.278,1004.048
108.12,986.036,996.416,1011.720,1004.136
108.16,986.370,996.363,1012.524,1004.639
108.20,987.768,995.676,1013.392,1004.679
108.24,987.877,995.193,1013.660,1004.694
108.28,986.888,995.427,1012.462,1004.637
108.32,985.849,995.997,1011.397,1004.012
108.36,985.389,995.837,1011.766,1003.454
108.40,986.582,994.565,1012.161,1003.481
108.44,986.884,993.348,1013.202,1003.496
108.48,986.868,993.411,1012.492,1003.082
108.52,985.375,994.365,1011.175,1003.141
108.56,984.928,995.248,1011.197,1003.179
108.60,986.268,995.186,1012.116,1003.384
108.64,987.376,994.548,1013.419,1004.163
108.68,987.646,994.547,1013.011,1004.632
108.72,986.328,995.752,1012.194,1004.262
108.76,985.832,996.689,1011.726,1003.991
108.80,986.482,996.174,1012.237,1004.524
108.84,987.471,995.068,1013.610,1004.576
108.88,987.866,994.649,1013.278,1004.146
108.92,986.207,994.937,1012.149,1004.114
108.96,985.456,995.529,1011.225,1003.581
109.00,985.600,995.421,1011.564,1003.194
109.04,986.483,994.277,1012.768,1003.485
109.08,987.504,993.466,1013.029,1003.722
109.12,986.574,994.052,1012.617,1003.572
109.16,985.702,995.277,1011.325,1003.514
109.20,985.513,995.952,1011.547,1003.794
109.24,986.838,995.631,1012.996,1004.148
109.28,988.048,994.931,1013.483,1004.667
109.32,987.511,995.102,1013.456,1004.804
109.36,986.706,996.133,1012.148,1004.433
109.40,985.744,996.691,1011.647,1004.317
109.44,986.479,996.096,1012.448,1004.254
109.48,987.646,994.833,1013.482,1004.173
109.52,987.553,994.127,1013.423,1004.218
109.56,986.553,994.657,1012.062,1003.848
109.60,985.167,995.576,1011.193,1003.418
109.64,985.427,995.568,1011.439,1003.365
109.68,986.733,994.567,1012.722,1003.601
109.72,987.441,993.757,1013.272,1003.885
109.76,986.762,994.195,1012.487,1003.773
109.80,985.617,995.379,1011.511,1003.566
109.84,985.534,995.964,1011.411,1003.666
109.88,986.605,995.416,1012.630,1004.050
109.92,987.698,994.629,1013.564,1004.333
109.96,987.569,994.697,1013.065,1004.419
110.00,986.127,995.595,1011.906,1004.230
110.04,985.400,996.313,1011.239,1003.822
110.08,986.056,995.789,1012.208,1003.681
110.12,987.629,994.400,1013.502,1003.994
110.16,987.735,993.717,1013.541,1004.263
110.20,986.476,994.666,1012.120,1003.831
110.24,984.994,996.000,1010.892,1003.453
110.28,985.399,995.989,1011.581,1003.584
110.32,987.227,994.742,1013.126,1003.949
110.36,988.046,993.854,1013.847,1004.208
110.40,987.061,994.430,1012.588,1004.154
110.44,985.313,995.866,1011.122,1003.771
110.48,985.180,996.456,1011.387,1003.574
110.52,986.890,995.405,1012.608,1004.016
110.56,987.996,994.071,1014.140,1004.452
110.60,987.794,994.201,1013.181,1004.240
110.64,985.652,995.582,1011.424,1003.914
110.68,984.865,996.512,1010.721,1003.628
110.72,985.797,995.758,1011.697,1003.645
110.76,987.265,994.089,1013.464,1003.766
110.80,987.981,993.203,1013.412,1003.685
110.84,986.148,993.979,1012.191,1003.606
110.88,984.976,995.544,1010.587,1003.228
110.92,984.960,996.017,1011.137,1003.251
110.96,986.811,994.911,1012.950,1003.820
111.00,988.221,993.805,1013.835,1004.299
111.04,987.552,994.296,1013.260,1004.283
111.08,985.693,995.932,1011.273,1004.141
111.12,984.879,996.929,1010.904,1003.906
111.16,986.514,996.140,1012.565,1003.865
111.20,988.159,994.299,1014.004,1004.476
111.24,988.127,993.731,1013.854,1004.512
111.28,986.436,995.048,1012.009,1003.818
111.32,984.723,996.424,1010.625,1003.626
111.36,985.259,996.166,1011.311,1003.724
111.40,987.213,994.635,1013.324,1003.716
111.44,988.198,993.407,1013.941,1003.947
111.48,986.965,993.852,1012.569,1004.080
111.52,985.066,995.625,1010.948,1003.450
111.56,984.743,996.485,1010.766,1003.256
111.60,986.417,995.399,1012.659,1003.855
111.64,988.438,993.835,1014.131,1004.369
111.68,988.014,993.945,1013.564,1004.311
111.72,985.867,995.571,1011.546,1004.100
111.76,984.730,996.909,1010.541,1003.794
111.80,985.695,996.385,1011.931,1003.797
111.84,987.979,994.468,1013.716,1004.126
111.88,988.038,993.369,1013.960,1004.362
111.92,986.597,994.337,1012.061,1003.727
111.96,984.592,995.945,1010.651,1003.160
112.00,985.128,996.000,1011.085,1003.375
112.04,986.898,994.595,1013.040,1003.889
112.08,988.231,993.568,1013.967,1003.987
112.12,987.136,994.116,1012.747,1004.051
112.16,985.196,995.713,1011.291,1003.854
112.20,985.468,996.619,1011.118,1003.563
112.24,986.483,995.718,1012.827,1004.216
112.28,988.177,994.397,1013.668,1004.661
112.32,987.615,994.432,1013.563,1004.241
112.36,986.227,995.513,1011.821,1003.942
112.40,985.135,996.240,1010.975,1003.962
112.44,985.950,995.852,1012.181,1003.688
112.48,987.521,994.511,1013.117,1003.813
112.52,987.255,993.664,1013.362,1004.198
112.56,986.721,994.378,1012.048,1003.577
112.60,985.067,995.548,1011.246,1003.263
112.64,985.319,995.665,1011.079,1003.603
112.68,986.613,994.836,1012.660,1003.658
112.72,987.645,994.019,1013.668,1003.773
112.76,987.304,994.161,1012.608,1004.189
112.80,985.796,995.367,1012.101,1003.980
112.84,985.951,996.389,1011.373,1003.709
112.88,986.126,995.965,1012.387,1004.377
112.92,987.524,995.022,1013.318,1004.536
112.96,987.744,994.710,1013.292,1004.164
113.00,986.438,995.095,1012.545,1004.138
113.04,985.864,995.653,1011.091,1003.994
113.08,985.349,995.738,1011.836,1003.497
113.12,986.597,994.792,1012.344,1003.460
113.16,987.077,993.716,1012.920,1003.776
113.20,986.640,993.766,1012.779,1003.480
113.24,986.000,994.721,1011.179,1003.170
113.28,984.717,995.371,1011.394,1003.458
113.32,986.225,995.172,1011.681,1003.497
113.36,987.025,994.524,1013.211,1003.724
113.40,987.512,994.186,1013.345,1004.200
113.44,986.861,994.947,1012.130,1004.259
113.48,985.485,996.161,1011.980,1003.963
113.52,986.323,996.395,1011.458,1004.030
113.56,986.586,995.462,1013.100,1004.523
113.60,987.883,994.638,1013.259,1004.244
113.64,986.939,994.644,1012.668,1003.967
113.68,985.673,995.181,1011.797,1003.755
113.72,985.696,995.467,1011.045,1003.422
113.76,985.812,994.958,1012.584,1003.356
113.80,987.379,994.008,1012.623,1003.677
113.84,986.691,993.848,1012.761,1003.814
113.88,986.007,994.799,1011.799,1003.416
113.92,985.455,995.559,1011.255,1003.441
113.96,985.939,995.388,1012.257,1003.826
114.00,987.377,994.755,1012.813,1004.077
114.04,987.271,994.605,1013.513,1004.190
114.08,986.958,995.160,1012.246,1004.231
114.12,985.800,995.980,1011.769,1004.215
114.16,986.090,996.179,1012.222,1003.933
114.20,987.170,995.370,1012.462,1004.227
114.24,986.886,994.582,1013.313,1004.409
114.28,986.916,994.707,1012.084,1003.693
114.32,985.656,995.108,1012.021,1003.327
114.36,985.969,994.934,1011.914,1003.620
114.40,986.629,994.560,1012.173,1003.714
114.44,986.611,994.480,1013.237,1003.584
114.48,987.047,994.674,1011.871,1003.895
114.52,985.577,995.254,1012.304,1004.107
114.56,986.624,995.751,1011.924,1003.628
114.60,986.563,995.452,1012.759,1004.175
114.64,987.359,994.928,1013.404,1004.605
114.68,987.655,995.186,1012.754,1004.339
114.72,986.146,995.837,1012.751,1004.329
114.76,986.525,996.141,1011.397,1004.351
114.80,986.047,995.811,1012.653,1004.150
114.84,987.302,995.011,1012.968,1003.894
114.88,987.206,994.320,1012.757,1004.109
114.92,986.335,994.539,1012.812,1003.811
114.96,986.425,995.183,1011.412,1003.420
115.00,985.469,995.346,1012.319,1003.800
115.04,987.148,995.046,1012.373,1003.948
115.08,987.002,994.832,1013.230,1004.172
115.12,987.094,995.096,1012.838,1004.213
115.16,986.467,995.664,1011.892,1004.323
115.20,986.038,996.048,1012.507,1004.131
115.24,987.157,995.718,1012.235,1004.194
115.28,986.624,995.026,1013.025,1004.487
115.32,987.062,994.863,1012.538,1003.879
115.36,986.169,995.033,1012.021,1003.570
115.40,985.595,994.900,1011.513,1003.637
115.44,985.644,994.643,1011.342,1003.192
115.48,985.858,994.167,1012.224,1002.731
115.52,986.452,993.497,1012.156,1003.061
115.56,986.244,993.500,1012.307,1003.284
115.60,986.115,994.410,1012.039,1003.101
115.64,986.074,995.212,1011.811,1003.589
115.68,986.524,995.552,1012.821,1004.398
115.72,987.867,995.782,1013.214,1004.742
115.76,987.534,996.138,1013.476,1005.175
115.80,987.135,996.670,1012.600,1005.338
115.84,986.724,997.011,1012.365,1004.837
115.88,986.641,996.465,1012.756,1004.538
115.92,987.169,995.209,1012.453,1004.414
115.96,986.529,994.342,1012.980,1003.713
116.00,986.362,994.078,1011.895,1002.901
116.04,985.261,993.931,1011.275,1002.902
116.08,985.342,993.904,1011.682,1002.698
116.12,986.176,993.802,1011.779,1002.630
116.16,986.177,993.768,1012.558,1003.317
116.20,986.800,994.322,1012.145,1003.746
116.24,986.258,995.401,1012.425,1003.895
116.28,986.543,996.141,1012.160,1004.397
116.32,986.824,996.265,1012.609,1004.915
116.36,987.470,996.136,1013.484,1004.774
116.40,987.599,995.891,1012.807,1004.826
116.44,986.459,995.782,1012.609,1004.740
116.48,986.560,995.784,1012.241,1003.844
116.52,986.457,995.190,1012.314,1003.705
116.56,986.351,994.298,1012.508,1003.892
116.60,986.571,994.104,1012.017,1003.238
116.64,985.733,994.300,1012.165,1002.898
116.68,985.905,994.299,1011.242,1003.314
116.72,985.681,994.410,1012.140,1003.373
116.76,986.856,994.609,1012.576,1003.160
116.80,986.756,994.633,1012.498,1004.170
116.84,986.562,995.164,1012.676,1004.448
116.88,986.808,996.113,1011.946,1004.008
116.92,985.972,996.270,1012.398,1004.476
116.96,987.010,995.716,1012.433,1004.596
117.00,987.293,995.218,1013.351,1004.072
117.04,987.169,994.855,1012.978,1004.131
117.08,986.312,994.923,1011.634,1004.251
117.12,985.437,995.434,1011.998,1003.331
117.16,986.346,995.130,1011.845,1003.111
117.20,986.504,994.084,1012.754,1003.977
117.24,987.087,993.901,1012.894,1003.692
117.28,986.472,994.724,1012.070,1003.270
117.32,985.487,995.349,1011.670,1003.893
117.36,986.289,995.547,1011.752,1004.016
117.40,986.781,995.374,1013.163,1003.900
117.44,987.584,994.922,1012.914,1004.402
117.48,986.696,995.061,1012.483,1004.640
117.52,986.273,995.848,1012.325,1003.779
117.56,986.369,995.917,1011.830,1003.812
117.60,986.285,995.073,1012.539,1004.496
117.64,987.286,994.700,1012.771,1003.767
117.68,986.650,994.685,1012.769,1003.507
117.72,986.130,994.719,1011.923,1003.999
117.76,986.103,995.081,1011.852,1003.668
117.80,986.159,995.263,1012.422,1003.369
117.84,986.597,994.798,1011.931,1004.045
117.88,986.340,994.617,1012.718,1003.978
117.92,986.856,994.979,1012.419,1003.338
117.96,986.179,995.025,1012.091,1003.966
118.00,986.214,995.060,1012.186,1004.133
118.04,986.649,995.310,1012.284,1003.580
118.08,986.347,995.160,1012.698,1003.863
118.12,986.843,994.791,1012.067,1004.268
118.16,986.348,995.061,1012.586,1003.760
118.20,986.450,995.253,1012.089,1003.564
118.24,986.125,994.989,1011.925,1004.082
118.28,986.421,994.873,1012.611,1003.759
118.32,986.850,994.865,1012.414,1003.519
118.36,986.353,994.704,1012.388,1004.047
118.40,986.365,994.959,1011.910,1003.913
118.44,986.190,995.354,1012.320,1003.448
118.48,986.548,995.128,1012.349,1003.941
118.52,986.672,994.777,1012.294,1004.321
118.56,986.525,995.071,1012.839,1003.675
118.60,986.710,995.242,1012.060,1003.667
118.64,985.990,995.048,1012.286,1004.325
118.68,986.915,995.145,1012.538,1003.755
118.72,986.916,995.162,1012.907,1003.781
118.76,986.666,994.957,1012.351,1004.568
118.80,986.330,995.394,1011.837,1004.114
118.84,985.896,995.791,1012.341,1003.335
118.88,986.677,995.077,1012.058,1003.956
118.92,986.681,994.296,1012.847,1004.239
118.96,986.901,994.558,1012.494,1003.369
119.00,985.742,994.984,1011.525,1003.427
119.04,985.393,994.974,1011.568,1003.721
119.08,986.472,994.818,1012.275,1003.236
119.12,986.865,994.341,1013.016,1003.591
119.16,986.909,994.222,1012.338,1004.230
119.20,986.072,995.133,1011.987,1003.761
119.24,985.864,995.907,1011.889,1003.444
119.28,986.400,995.471,1012.084,1004.268
119.32,987.326,994.879,1013.425,1004.386
119.36,987.650,994.936,1013.338,1004.070
119.40,986.667,995.425,1012.189,1004.463
119.44,985.699,996.017,1011.865,1004.357
119.48,986.461,996.161,1012.038,1003.721
119.52,986.880,995.158,1013.083,1004.142
119.56,987.533,994.244,1013.125,1004.452
119.60,986.864,994.666,1012.682,1003.775
119.64,985.825,995.431,1011.640,1003.505
119.68,985.506,995.496,1011.380,1003.881
119.72,986.419,995.060,1012.622,1003.656
119.76,987.390,994.433,1013.081,1003.658
119.80,986.872,994.212,1012.605,1004.220
119.84,986.003,995.069,1011.815,1003.818
119.88,985.718,995.902,1011.678,1003.289
119.92,986.186,995.409,1012.111,1003.998
119.96,987.081,994.551,1012.892,1004.340
120.00,987.276,994.590,1013.198,1003.706
120.04,986.471,995.042,1012.101,1003.855
120.08,985.566,995.434,1011.465,1004.143
120.12,986.009,995.630,1012.037,1003.466
120.16,986.959,994.995,1012.863,1003.608
120.20,987.162,994.141,1013.107,1004.474
120.24,986.963,994.618,1012.424,1003.935
120.28,985.717,995.676,1011.872,1003.391
120.32,985.675,995.753,1011.249,1003.951
120.36,986.248,995.116,1012.369,1004.046
120.40,987.389,994.526,1013.395,1003.479
120.44,987.215,994.171,1012.725,1004.015
120.48,985.975,994.736,1012.085,1004.177
120.52,985.956,995.835,1011.661,1003.309
120.56,986.225,995.761,1012.350,1003.747
120.60,987.312,994.801,1013.124,1004.773
120.64,987.808,994.819,1013.479,1004.382
120.68,986.837,995.671,1012.796,1004.088
120.72,985.999,996.170,1011.208,1004.614
120.76,985.611,996.194,1012.108,1004.188
120.80,987.116,995.449,1012.801,1003.463
120.84,987.207,994.054,1013.051,1004.203
120.88,986.715,993.821,1012.696,1003.954
120.92,985.965,994.872,1011.409,1002.835
120.96,984.918,995.256,1011.342,1003.202
121.00,986.076,994.651,1011.823,1003.783
121.04,987.273,994.232,1013.583,1003.481
121.08,987.790,994.291,1013.465,1003.939
121.12,986.608,995.111,1012.018,1004.884
121.16,985.618,996.712,1011.725,1004.216
121.20,986.300,997.129,1011.902,1003.935
121.24,987.245,995.603,1013.464,1004.999
121.28,988.365,994.506,1013.638,1004.926
121.32,986.936,995.003,1012.908,1003.874
121.36,985.467,995.666,1011.170,1003.599
121.40,985.029,995.498,1010.834,1003.666
121.44,986.143,994.629,1012.660,1002.977
121.48,987.457,993.387,1012.971,1003.177
121.52,986.730,993.103,1012.847,1003.785
121.56,986.024,994.517,1011.489,1003.236
121.60,984.921,995.911,1011.179,1003.168
121.64,986.019,995.756,1011.976,1004.029
121.68,987.576,994.894,1013.176,1004.567
121.72,987.789,994.823,1013.968,1004.356
121.76,987.209,995.471,1012.402,1004.497
121.80,985.638,996.329,1011.768,1004.559
121.84,986.194,996.531,1011.988,1003.950
121.88,987.096,995.505,1012.932,1004.125
121.92,987.518,994.269,1013.299,1004.547
121.96,986.955,994.372,1012.421,1003.843
122.00,985.280,995.234,1011.441,1003.116
122.04,985.080,995.220,1010.783,1003.253
122.08,985.921,994.393,1012.240,1003.230
122.12,987.182,993.552,1013.051,1003.145
122.16,986.812,993.516,1012.543,1003.602
122.20,985.791,994.624,1011.821,1003.568
122.24,985.653,995.826,1011.436,1003.378
122.28,986.284,995.837,1012.287,1004.079
122.32,987.578,995.182,1013.437,1004.759
122.36,987.980,995.198,1013.615,1004.688
122.40,986.989,995.906,1012.460,1004.637
122.44,985.683,996.514,1011.381,1004.592
122.48,985.814,996.356,1011.760,1003.902
122.52,986.756,995.037,1012.809,1003.616
122.56,987.300,993.496,1013.058,1003.826
122.60,986.613,993.378,1012.503,1003.327
122.64,985.444,994.433,1011.389,1002.708
122.68,985.074,995.002,1010.910,1003.063
122.72,985.876,994.710,1012.153,1003.531
122.76,987.512,994.357,1013.119,1003.650
122.80,987.320,994.497,1013.235,1004.297
122.84,986.602,995.474,1012.063,1004.563
122.88,985.881,996.660,1011.748,1004.173
122.92,986.204,996.625,1012.165,1004.270
122.96,987.207,995.404,1012.799,1004.679
123.00,987.515,994.557,1013.674,1004.211
123.04,987.042,994.603,1012.556,1003.730
123.08,985.531,994.969,1011.390,1003.716
123.12,985.203,995.241,1011.362,1003.284
123.16,986.287,994.760,1011.968,1002.965
123.20,986.723,993.724,1013.095,1003.636
123.24,987.186,993.659,1012.502,1003.752
123.28,985.879,994.809,1012.048,1003.407
123.32,985.639,995.771,1011.468,1003.552
123.36,986.196,995.707,1012.060,1004.245
123.40,987.431,995.232,1013.611,1004.324
123.44,988.155,995.046,1013.472,1004.529
123.48,986.805,995.521,1012.805,1004.947
123.52,986.204,996.493,1011.556,1004.366
123.56,985.681,996.634,1011.829,1003.912
123.60,986.822,995.344,1012.734,1004.113
123.64,987.759,993.951,1013.471,1004.081
123.68,987.105,993.859,1013.054,1003.668
123.72,985.744,994.767,1011.380,1003.411
123.76,985.134,995.517,1011.309,1003.318
123.80,986.182,995.237,1012.189,1003.539
123.84,987.483,994.451,1013.182,1004.070
123.88,987.549,994.372,1013.604,1004.330
123.92,986.896,995.383,1012.309,1004.299
123.96,985.707,996.506,1011.740,1004.295
124.00,986.200,996.594,1012.089,1004.361
124.04,987.398,995.619,1013.258,1004.461
124.08,987.933,994.719,1013.762,1004.575
124.12,987.064,994.836,1012.698,1004.369
124.16,985.685,995.635,1011.578,1003.731
124.20,985.509,995.820,1011.518,1003.428
124.24,986.430,994.860,1012.306,1003.740
124.28,987.009,993.898,1013.105,1003.769
124.32,987.064,993.946,1012.624,1003.382
124.36,985.702,994.678,1011.730,1003.512
124.40,985.426,995.394,1011.142,1003.570
124.44,986.080,995.429,1012.237,1003.486
124.48,987.245,994.747,1013.206,1004.018
124.52,987.485,994.422,1012.959,1004.555
124.56,986.591,995.319,1012.682,1004.114
124.60,986.282,996.231,1011.868,1003.919
124.64,986.231,996.062,1012.187,1004.574
124.68,987.146,995.500,1012.944,1004.489
124.72,987.424,995.098,1013.041,1004.060
124.76,986.501,994.945,1012.493,1004.183
124.80,985.877,995.127,1011.454,1003.835
124.84,985.670,995.221,1011.937,1003.054
124.88,986.338,994.431,1012.161,1003.331
124.92,986.550,993.680,1012.411,1003.736
124.96,986.533,994.016,1012.687,1003.112
125.00,986.284,994.752,1011.872,1003.253
125.04,985.784,995.140,1011.901,1004.140
125.08,986.635,995.560,1012.294,1004.046
125.12,987.063,995.680,1013.175,1004.057
125.16,987.456,995.411,1013.005,1004.869
125.20,986.972,995.663,1012.735,1004.895
125.24,986.777,996.279,1012.688,1004.073
125.28,986.554,996.078,1012.053,1004.424
125.32,986.387,995.313,1012.500,1004.602
125.36,987.061,994.957,1012.789,1003.494
125.40,986.581,994.513,1012.544,1003.481
125.44,986.078,994.195,1011.855,1003.889
125.48,985.876,994.625,1011.874,1003.131
125.52,985.913,994.862,1011.895,1002.927
125.56,986.142,994.375,1012.090,1003.866
125.60,986.835,994.328,1012.706,1003.731
125.64,986.802,994.938,1012.563,1003.542
125.68,986.201,995.335,1011.994,1004.283
125.72,986.222,995.724,1011.994,1004.339
125.76,986.603,995.894,1012.666,1003.879
125.80,987.139,995.317,1012.780,1004.285
125.84,986.882,994.841,1012.703,1004.604
125.88,986.537,995.244,1012.333,1003.731
125.92,986.009,995.420,1011.841,1003.475
125.96,985.925,994.901,1011.838,1003.929
126.00,986.427,994.463,1012.382,1003.466
126.04,986.711,994.305,1012.631,1003.126
126.08,986.382,994.206,1012.125,1003.743
126.12,986.027,994.666,1011.918,1003.786
126.16,986.152,995.400,1012.119,1003.346
126.20,986.409,995.319,1012.322,1004.019
126.24,986.982,995.022,1012.733,1004.529
126.28,987.150,995.307,1012.993,1004.094
126.32,986.787,995.626,1012.527,1004.165
126.36,986.425,995.708,1012.074,1004.611
126.40,986.408,995.756,1012.252,1004.124
126.44,986.385,995.451,1012.311,1003.730
126.48,986.460,994.651,1012.335,1003.836
126.52,986.540,994.197,1012.416,1003.510
126.56,986.206,994.237,1012.118,1003.115
126.60,985.706,994.396,1011.543,1003.299
126.64,985.620,994.577,1011.657,1003.318
126.68,986.365,994.614,1012.278,1003.150
126.72,986.712,994.448,1012.561,1003.823
126.76,986.629,994.648,1012.505,1004.183
126.80,986.745,995.500,1012.540,1003.842
126.84,986.632,995.929,1012.628,1004.356
126.88,987.087,995.874,1012.574,1004.976
126.92,987.025,996.002,1012.947,1004.659
126.96,986.956,996.022,1012.521,1004.314
127.00,986.396,995.559,1012.245,1004.447
127.04,986.511,995.104,1012.548,1003.898
127.08,986.715,994.676,1012.295,1003.382
127.12,986.005,994.207,1012.127,1003.569
127.16,985.919,994.195,1011.583,1003.168
127.20,985.723,994.382,1011.978,1002.735
127.24,986.103,994.178,1012.071,1003.254
127.28,986.488,994.139,1012.104,1003.741
127.32,986.383,994.765,1012.687,1003.501
127.36,986.837,995.373,1012.204,1003.869
127.40,986.345,995.624,1012.508,1004.755
127.44,987.000,995.999,1012.411,1004.496
127.48,986.795,996.118,1012.849,1004.299
127.52,986.916,995.645,1012.440,1004.660
127.56,986.557,995.283,1012.242,1004.343
127.60,986.157,995.191,1012.242,1003.363
127.64,985.858,994.602,1011.439,1003.321
127.68,985.703,993.878,1012.033,1003.146
127.72,986.358,993.577,1012.172,1002.639
127.76,985.976,993.575,1011.945,1002.933
127.80,985.700,994.019,1011.735,1003.292
127.84,986.111,994.829,1011.807,1003.178
127.88,986.372,995.256,1012.555,1003.774
127.92,987.135,995.291,1012.580,1004.672
127.96,987.036,995.755,1012.931,1004.717
128.00,986.892,996.361,1012.652,1004.461
128.04,986.502,996.296,1012.008,1004.785
128.08,986.528,995.827,1012.825,1004.445
128.12,987.371,995.205,1012.725,1003.799
128.16,986.486,994.484,1012.532,1004.012
128.20,985.964,994.392,1011.700,1003.537
128.24,985.532,994.679,1011.525,1002.631
128.28,985.687,994.247,1012.073,1002.907
128.32,986.845,993.604,1012.279,1003.556
128.36,986.610,993.983,1013.064,1003.498
128.40,986.665,994.997,1012.018,1003.635
128.44,985.876,995.898,1011.958,1004.403
128.48,986.646,996.292,1012.635,1004.518
128.52,987.628,996.139,1013.044,1004.637
128.56,987.351,995.685,1013.461,1005.173
128.60,987.312,995.774,1012.467,1004.775
128.64,986.063,996.079,1012.166,1004.021
128.68,985.967,995.594,1011.746,1003.798
128.72,986.420,994.541,1012.346,1003.606
128.76,986.812,993.748,1012.870,1003.198
128.80,986.364,993.610,1011.931,1003.211
128.84,985.320,994.219,1011.747,1003.077
128.88,986.007,994.815,1011.552,1002.957
128.92,986.182,994.797,1012.476,1003.792
128.96,987.174,994.772,1012.822,1004.316
129.00,987.171,995.413,1012.951,1004.248
129.04,986.675,996.108,1012.574,1004.562
129.08,986.634,996.405,1011.970,1004.871
129.12,986.547,996.311,1012.884,1004.499
129.16,987.407,995.678,1012.752,1004.266
129.20,986.857,994.835,1012.992,1004.417
129.24,986.615,994.706,1012.303,1003.769
129.28,985.936,994.927,1011.629,1003.166
129.32,985.501,994.643,1011.767,1003.310
129.36,986.290,994.145,1011.909,1003.270
129.40,986.403,993.973,1012.714,1003.117
129.44,986.626,994.123,1012.236,1003.460
129.48,986.144,994.700,1012.174,1003.837
129.52,986.420,995.507,1012.272,1003.839
129.56,986.806,995.845,1012.672,1004.352
129.60,987.435,995.799,1013.235,1004.932
129.64,987.537,995.978,1013.002,1005.045
129.68,986.651,996.401,1012.704,1004.760
129.72,986.598,996.374,1011.909,1004.447
129.76,986.243,995.654,1012.407,1004.218
129.80,986.808,994.688,1012.628,1003.633
129.84,986.611,993.954,1012.353,1003.350
129.88,985.890,993.811,1011.954,1003.123
129.92,985.521,994.132,1011.166,1002.782
129.96,985.203,994.333,1011.589,1002.769
130.00,986.213,994.133,1011.901,1003.105
130.04,986.560,994.031,1012.608,1003.604
130.08,986.722,994.590,1012.462,1003.748
130.12,986.265,995.433,1011.955,1004.017
130.16,986.089,996.039,1012.206,1004.260
130.20,987.048,995.995,1012.494,1004.402
130.24,987.339,995.519,1013.584,1004.665
130.28,987.806,995.356,1013.133,1004.746
130.32,986.596,995.736,1012.466,1004.586
130.36,986.054,996.180,1011.786,1004.077
130.40,986.205,995.748,1012.176,1003.840
130.44,986.977,994.650,1013.150,1003.914
130.48,987.440,993.964,1012.745,1003.907
130.52,986.002,994.372,1012.249,1003.558
130.56,985.396,995.150,1010.774,1003.144
130.60,985.022,995.153,1011.365,1003.126
130.64,986.629,994.285,1012.692,1003.244
130.68,987.309,993.579,1012.845,1003.703
130.72,986.511,994.084,1012.635,1003.728
130.76,985.847,995.380,1011.303,1003.490
130.80,985.398,995.995,1011.514,1003.773
130.84,986.530,995.542,1012.554,1004.166
130.88,987.722,994.810,1013.130,1004.263
130.92,987.045,994.702,1013.324,1004.275
130.96,986.640,995.355,1011.705,1004.040
131.00,985.287,995.863,1011.704,1003.834
131.04,986.349,995.530,1011.965,1003.612
131.08,986.850,994.514,1012.824,1003.921
131.12,987.054,994.000,1013.109,1003.854
131.16,986.511,994.495,1011.805,1003.488
131.20,985.248,995.192,1011.752,1003.401
131.24,986.210,995.272,1011.854,1003.563
131.28,986.885,994.817,1012.804,1003.997
131.32,987.153,994.635,1013.052,1004.250
131.36,986.799,995.190,1012.247,1004.074
131.40,985.933,995.846,1011.928,1003.997
131.44,986.089,995.852,1011.883,1004.101
131.48,986.871,995.243,1012.877,1003.994
131.52,987.408,994.623,1013.318,1004.085
131.56,987.009,994.556,1012.388,1004.235
131.60,985.680,995.320,1011.897,1003.782
131.64,985.914,995.744,1011.598,1003.356
131.68,986.340,995.042,1012.516,1003.908
131.72,987.251,994.303,1012.893,1004.169
131.76,986.890,994.518,1012.704,1003.712
131.80,985.881,995.163,1011.787,1003.641
131.84,985.607,995.468,1011.337,1003.753
131.88,986.241,995.185,1012.464,1003.537
131.92,987.365,994.526,1013.126,1003.807
131.96,987.260,994.286,1012.883,1004.345
132.00,986.311,995.168,1012.334,1004.019
132.04,986.155,996.110,1011.717,1003.652
132.08,986.162,995.935,1012.316,1004.379
132.12,987.350,995.197,1012.992,1004.541
132.16,987.491,995.008,1013.468,1004.158
132.20,986.832,995.196,1012.426,1004.246
132.24,985.804,995.569,1011.511,1004.202
132.28,985.965,995.716,1012.250,1003.427
132.32,987.081,994.901,1012.668,1003.715
132.36,987.031,994.035,1013.145,1004.429
132.40,986.866,994.569,1012.340,1003.740
132.44,985.856,995.550,1011.990,1003.314
132.48,985.941,995.540,1011.700,1004.133
132.52,986.595,995.145,1012.443,1004.298
132.56,987.432,995.038,1013.668,1003.682
132.60,987.286,994.881,1012.375,1004.415
132.64,985.822,995.327,1011.996,1004.613
132.68,986.152,996.134,1011.750,1003.317
132.72,986.018,995.536,1012.126,1003.714
132.76,986.933,994.254,1012.799,1004.376
132.80,987.318,994.118,1012.963,1003.519
132.84,986.153,994.689,1012.327,1003.285
132.88,985.531,995.046,1010.884,1003.938
132.92,985.331,995.293,1011.696,1003.448
132.96,986.747,994.927,1012.526,1003.025
133.00,986.915,993.931,1012.894,1004.136
133.04,986.820,994.088,1012.598,1004.086
133.08,986.210,995.370,1012.017,1003.152
133.12,985.746,995.799,1011.834,1003.883
133.16,986.648,995.390,1012.255,1004.642
133.20,987.372,995.252,1013.546,1004.059
133.24,987.475,995.235,1012.951,1004.209
133.28,986.322,995.384,1011.945,1004.815
133.32,985.870,995.983,1012.082,1003.871
133.36,986.667,995.805,1012.180,1003.369
133.40,986.631,994.492,1012.795,1004.465
133.44,987.053,994.099,1012.694,1003.980
133.48,986.362,994.812,1012.326,1002.891
133.52,985.511,994.989,1011.515,1003.634
133.56,986.121,994.822,1011.628,1003.914
133.60,986.451,994.869,1012.948,1003.306
133.64,987.090,994.665,1012.292,1003.762
133.68,986.295,994.644,1012.569,1004.417
133.72,986.654,995.425,1012.340,1003.681
133.76,986.304,995.793,1012.174,1003.868
133.80,986.385,995.410,1012.439,1004.632
133.84,987.172,995.273,1012.539,1004.112
133.88,986.680,995.257,1013.070,1003.782
133.92,986.696,994.995,1011.898,1004.224
133.96,985.994,995.080,1012.196,1003.972
134.00,986.485,995.212,1012.445,1003.210
134.04,986.618,994.697,1012.077,1003.903
134.08,986.218,994.429,1012.530,1004.126
134.12,986.722,994.930,1012.077,1003.187
134.16,985.956,995.078,1012.426,1003.572
134.20,986.729,994.796,1012.181,1004.289
134.24,986.663,995.058,1012.501,1003.966
134.28,986.428,995.445,1012.584,1003.730
134.32,986.582,995.358,1011.737,1004.283
134.36,986.168,995.235,1012.718,1004.140
134.40,987.118,995.225,1012.414,1003.583
134.44,986.293,994.870,1012.254,1004.075
134.48,986.170,994.776,1012.120,1003.935
134.52,986.331,995.036,1012.063,1003.148
134.56,986.192,994.704,1012.524,1003.541
134.60,986.770,994.355,1012.048,1004.097
134.64,986.264,994.769,1012.662,1003.592
134.68,986.528,995.255,1012.051,1003.490
134.72,986.268,995.203,1012.213,1004.293
134.76,986.713,995.260,1012.763,1004.225
134.80,987.136,995.459,1012.635,1003.897
134.84,986.536,995.353,1012.771,1004.436
134.88,986.860,995.422,1011.985,1004.433
134.92,986.155,995.661,1012.552,1003.824
134.96,986.648,995.353,1012.284,1003.774
135.00,986.749,994.659,1012.516,1004.157
135.04,986.676,994.594,1012.804,1003.760
135.08,986.498,994.903,1011.900,1003.516
135.12,985.646,995.072,1011.975,1003.786
135.16,986.259,994.991,1011.820,1003.644
135.20,986.323,994.788,1012.462,1003.494
135.24,986.714,994.476,1012.542,1003.727
135.28,986.599,994.522,1012.231,1003.837
135.32,986.167,995.047,1012.323,1003.629
135.36,986.365,995.387,1011.954,1003.768
135.40,986.363,995.258,1012.340,1004.154
135.44,986.853,995.156,1012.619,1004.091
135.48,986.737,995.180,1012.605,1003.989
135.52,986.690,995.158,1012.486,1004.076
135.56,986.423,995.243,1012.199,1004.118
135.60,986.461,995.322,1012.453,1003.835
135.64,986.797,995.126,1012.820,1003.913
135.68,987.131,994.894,1012.614,1004.294
135.72,986.498,995.168,1012.604,1004.213
135.76,986.495,995.645,1012.025,1003.786
135.80,986.185,995.561,1012.156,1004.067
135.84,986.530,995.095,1012.428,1004.147
135.88,986.996,994.863,1012.755,1003.671
135.92,986.705,994.683,1012.751,1003.792
135.96,986.398,994.800,1011.834,1004.087
136.00,985.917,995.280,1012.209,1003.561
136.04,986.442,995.325,1012.030,1003.511
136.08,986.405,994.749,1012.445,1004.200
136.12,986.912,994.685,1012.830,1003.875
136.16,986.850,995.024,1012.469,1003.616
136.20,986.166,995.184,1012.390,1004.224
136.24,986.612,995.449,1011.858,1004.175
136.28,986.184,995.630,1012.679,1003.831
136.32,987.082,995.246,1012.576,1004.050
136.36,986.870,994.831,1012.698,1004.460
136.40,986.683,995.097,1012.637,1003.908
136.44,986.294,995.469,1011.919,1003.716
136.48,986.039,995.289,1012.119,1004.051
136.52,986.727,994.974,1012.352,1003.880
136.56,986.682,994.762,1012.748,1003.640
136.60,986.553,994.680,1012.361,1003.841
136.64,986.221,994.881,1011.846,1003.830
136.68,985.876,995.206,1012.172,1003.516
136.72,986.651,995.061,1012.364,1003.621
136.76,986.788,994.655,1012.762,1004.215
136.80,986.830,994.878,1012.425,1004.089
136.84,986.253,995.481,1012.117,1003.745
136.88,986.040,995.611,1012.074,1003.992
136.92,986.659,995.222,1012.067,1004.140
136.96,986.573,994.880,1013.072,1003.838
137.00,987.098,994.715,1012.336,1003.743
137.04,986.044,994.809,1012.246,1004.023
137.08,986.240,995.176,1011.845,1003.603
137.12,986.028,995.208,1011.973,1003.526
137.16,986.321,994.746,1012.448,1003.831
137.20,986.936,994.483,1012.372,1003.771
137.24,986.480,994.674,1012.928,1003.625
137.28,986.677,995.004,1011.926,1003.914
137.32,986.055,995.373,1012.232,1004.138
137.36,986.616,995.613,1012.499,1003.921
137.40,987.029,995.395,1012.530,1004.238
137.44,986.687,995.142,1013.087,1004.518
137.48,987.225,995.369,1012.256,1004.058
137.52,985.864,995.547,1012.415,1004.045
137.56,986.449,995.363,1011.718,1003.944
137.60,986.212,994.957,1012.411,1003.671
137.64,986.595,994.477,1012.590,1003.486
137.68,986.482,994.198,1011.831,1003.605
137.72,985.540,994.474,1012.069,1003.320
137.76,986.122,994.737,1011.417,1003.002
137.80,985.896,994.521,1012.442,1003.490
137.84,987.004,994.350,1012.470,1003.839
137.88,986.707,994.766,1012.620,1003.877
137.92,986.284,995.442,1012.263,1004.023
137.96,986.342,995.865,1011.620,1004.280
138.00,986.482,995.830,1013.159,1004.202
138.04,987.824,995.351,1012.975,1004.396
138.08,987.151,995.121,1013.176,1004.818
138.12,986.754,995.642,1012.328,1004.301
138.16,986.040,996.080,1011.793,1003.872
138.20,986.213,995.604,1012.467,1004.031
138.24,987.338,994.677,1012.716,1004.070
138.28,986.896,994.306,1013.231,1003.882
138.32,986.482,994.698,1011.667,1003.653
138.36,985.151,995.245,1011.406,1003.483
138.40,985.859,995.204,1011.972,1003.204
138.44,987.021,994.391,1012.608,1003.632
138.48,987.026,993.951,1013.342,1004.141
138.52,986.997,994.746,1012.109,1003.803
138.56,985.418,995.850,1011.746,1003.780
138.60,985.891,996.058,1011.501,1004.044
138.64,986.797,995.381,1012.905,1004.098
138.68,987.910,994.605,1013.735,1004.173
138.72,987.277,994.541,1012.682,1004.520
138.76,985.837,995.558,1011.996,1003.994
138.80,985.676,996.217,1011.097,1003.484
138.84,985.840,995.447,1012.326,1003.934
138.88,987.699,994.206,1013.346,1003.946
138.92,987.563,993.885,1013.321,1003.845
138.96,986.194,994.729,1012.036,1003.877
139.00,985.350,995.845,1010.853,1003.683
139.04,985.359,995.984,1011.779,1003.525
139.08,987.072,994.865,1012.691,1003.884
139.12,987.515,993.919,1013.435,1004.200
139.16,986.943,994.307,1012.637,1003.780
139.20,985.682,995.415,1011.317,1003.500
139.24,985.030,995.844,1011.235,1003.710
139.28,986.314,995.236,1011.879,1003.631
139.32,987.102,994.229,1013.439,1003.632
139.36,987.351,993.821,1012.821,1003.904
139.40,986.163,994.587,1011.905,1003.756
139.44,985.325,995.692,1011.546,1003.382
139.48,986.106,995.706,1011.578,1003.734
139.52,986.823,994.876,1013.271,1004.293
139.56,988.016,994.525,1013.308,1004.171
139.60,986.732,995.026,1012.678,1004.253
139.64,985.667,995.904,1011.257,1004.145
139.68,985.359,996.172,1011.419,1003.643
139.72,986.708,995.167,1012.911,1003.496
139.76,987.723,993.711,1013.254,1004.191
139.80,987.040,993.771,1013.041,1003.945
139.84,985.877,995.168,1011.496,1003.236
139.88,984.962,995.883,1010.921,1003.568
139.92,985.923,995.407,1012.033,1003.924
139.96,987.402,994.543,1013.103,1003.764
140.00,987.230,994.115,1013.173,1003.951
140.04,986.309,994.649,1011.843,1003.980
140.08,985.447,995.641,1011.555,1003.397
140.12,985.988,995.681,1011.870,1003.529
140.16,986.668,994.729,1012.455,1004.279
140.20,987.080,994.362,1013.092,1003.907
140.24,986.744,994.745,1012.407,1003.474
140.28,985.874,995.115,1011.685,1003.900
140.32,985.812,995.329,1011.949,1003.850
140.36,986.940,995.274,1012.762,1003.517
140.40,987.305,994.732,1013.319,1004.328
140.44,987.199,994.822,1012.480,1004.775
140.48,986.044,995.922,1012.149,1003.922
140.52,985.903,996.339,1011.506,1003.749
140.56,986.110,995.396,1012.013,1004.359
140.60,987.051,994.434,1013.232,1003.794
140.64,987.271,994.101,1012.711,1003.303
140.68,985.812,994.236,1011.989,1003.747
140.72,985.737,994.894,1011.306,1003.331
140.76,985.664,995.259,1012.074,1003.055
140.80,986.830,994.625,1012.437,1003.872
140.84,986.944,994.327,1012.865,1004.347
140.88,986.788,995.094,1012.590,1003.684
140.92,986.064,995.796,1011.829,1003.910
140.96,986.033,995.755,1012.145,1004.414
141.00,987.211,995.448,1012.788,1004.092
141.04,987.285,995.041,1013.444,1004.180
141.08,987.068,994.938,1012.448,1004.567
141.12,986.004,995.553,1011.881,1004.025
141.16,985.757,995.894,1011.911,1003.392
141.20,986.499,995.008,1012.097,1003.866
141.24,986.973,994.103,1013.303,1004.015
141.28,987.260,994.211,1012.536,1003.468
141.32,985.707,994.878,1011.938,1003.617
141.36,985.736,995.411,1011.724,1003.697
141.40,986.698,995.410,1012.545,1003.760
141.44,987.431,994.925,1013.539,1004.374
141.48,987.539,995.009,1012.703,1004.852
141.52,986.217,996.004,1012.463,1004.321
141.56,986.264,996.567,1011.682,1003.943
141.60,986.381,995.780,1012.666,1004.510
141.64,987.777,994.834,1013.671,1004.292
141.68,987.729,994.558,1012.976,1004.120
141.72,985.769,995.047,1012.094,1004.163
141.76,985.566,995.753,1010.806,1003.434
141.80,985.315,995.445,1011.999,1003.176
141.84,987.115,994.074,1012.636,1003.568
141.88,987.235,993.303,1013.243,1003.785
141.92,986.579,994.123,1012.612,1003.335
141.96,985.763,995.388,1011.214,1003.543
142.00,985.556,995.934,1012.109,1004.078
142.04,987.341,995.701,1012.426,1004.322
142.08,987.334,995.295,1013.751,1004.666
142.12,987.716,995.353,1013.039,1004.686
142.16,986.545,995.938,1012.073,1004.551
142.20,985.754,996.294,1012.088,1004.131
142.24,986.476,995.738,1011.699,1003.890
142.28,986.473,994.559,1013.099,1003.847
142.32,987.231,993.825,1012.513,1003.500
142.36,985.939,993.971,1011.992,1003.215
142.40,985.159,994.510,1011.252,1002.989
142.44,985.580,994.697,1011.233,1002.905
142.48,986.089,994.282,1012.746,1003.280
142.52,987.327,993.996,1012.447,1003.778
142.56,986.413,994.593,1012.779,1003.897
142.60,986.396,995.655,1011.812,1003.884
142.64,986.103,996.115,1011.991,1004.305
142.68,986.807,995.911,1013.049,1004.579
142.72,987.861,995.473,1012.970,1004.550
142.76,986.949,995.324,1013.220,1004.607
142.80,986.533,995.619,1011.745,1004.267
142.84,985.653,995.811,1011.809,1003.674
142.88,986.248,995.087,1012.279,1003.470
142.92,987.003,994.004,1012.421,1003.710
142.96,986.284,993.744,1012.740,1003.496
143.00,986.129,994.374,1011.373,1002.930
143.04,984.966,994.825,1011.454,1003.180
143.08,985.986,994.725,1011.757,1003.366
143.12,986.839,994.423,1012.713,1003.526
143.16,987.019,994.416,1013.189,1003.969
143.20,987.027,995.041,1012.234,1004.289
143.24,986.015,996.083,1012.288,1004.269
143.28,986.530,996.469,1012.020,1004.318
143.32,986.895,995.925,1012.850,1004.691
143.36,987.432,995.248,1013.264,1004.609
143.40,987.195,995.129,1012.615,1004.181
143.44,986.013,995.264,1012.217,1003.858
143.48,985.953,995.204,1011.447,1003.620
143.52,985.819,994.765,1012.029,1003.345
143.56,986.480,994.084,1012.388,1003.230
143.60,986.637,993.723,1012.468,1003.326
143.64,986.337,994.087,1012.477,1003.397
143.68,986.152,994.925,1011.693,1003.554
143.72,985.941,995.542,1012.103,1003.932
143.76,986.823,995.648,1012.504,1004.236
143.80,987.170,995.482,1012.918,1004.574
143.84,987.167,995.528,1012.953,1004.576
143.88,986.737,995.816,1012.352,1004.386
143.92,986.187,995.880,1012.181,1004.188
143.96,986.474,995.469,1012.178,1003.935
144.00,986.651,994.738,1012.493,1003.801
144.04,986.636,994.243,1012.755,1003.580
144.08,986.642,994.309,1012.186,1003.415
144.12,985.789,994.626,1011.944,1003.538
144.16,985.941,995.014,1011.749,1003.490
144.20,986.387,995.050,1012.294,1003.585
144.24,986.895,994.786,1012.944,1004.066
144.28,987.305,994.913,1012.787,1004.312
144.32,986.602,995.586,1012.684,1004.292
144.36,986.426,996.137,1011.871,1004.344
144.40,986.247,996.111,1012.235,1004.392
144.44,986.845,995.476,1012.654,1004.171
144.48,986.983,994.773,1012.617,1004.012
144.52,986.279,994.464,1012.395,1003.698
144.56,986.040,994.560,1011.594,1003.206
144.60,985.398,994.534,1011.773,1003.080
144.64,986.213,994.210,1012.015,1003.131
144.68,986.657,993.982,1012.682,1003.408
144.72,986.652,994.312,1012.513,1003.764
144.76,986.203,995.169,1011.782,1003.942
144.80,985.946,995.942,1012.124,1003.936
144.84,986.859,995.892,1012.501,1004.283
144.88,987.146,995.376,1013.005,1004.777
144.92,987.232,995.310,1012.812,1004.403
144.96,986.384,995.590,1012.196,1004.043
145.00,985.964,995.495,1011.888,1003.909
145.04,986.375,994.983,1012.372,1003.670
145.08,986.886,994.378,1012.817,1003.550
145.12,986.744,994.109,1012.328,1003.737
145.16,985.851,994.628,1011.949,1003.528
145.20,985.923,995.217,1011.739,1003.248
145.24,986.104,995.072,1012.120,1003.768
145.28,986.921,994.712,1012.750,1004.112
145.32,987.119,994.843,1012.999,1003.928
145.36,986.865,995.320,1012.629,1004.147
145.40,986.451,995.779,1012.283,1004.547
145.44,986.623,996.106,1012.434,1004.387
145.48,986.932,995.897,1012.904,1004.315
145.52,987.207,995.331,1012.795,1004.625
145.56,987.026,995.153,1012.891,1004.333
145.60,986.615,995.370,1012.336,1003.820
145.64,985.925,995.269,1011.755,1003.948
145.68,986.203,994.996,1012.219,1003.627
145.72,986.543,994.574,1012.280,1003.403
145.76,986.291,994.211,1012.409,1003.566
145.80,986.498,994.327,1012.345,1003.403
145.84,986.254,994.730,1012.119,1003.475
145.88,986.118,995.075,1011.895,1003.870
145.92,986.091,995.312,1011.962,1003.934
145.96,986.651,995.342,1012.656,1003.731
146.00,986.960,994.973,1012.619,1004.202
146.04,986.725,994.897,1012.497,1004.338
146.08,986.409,995.407,1012.426,1003.744
146.12,986.390,995.515,1011.890,1003.812
146.16,986.129,995.096,1012.421,1004.209
146.20,987.055,994.881,1012.634,1003.755
146.24,986.539,994.796,1012.458,1003.752
146.28,986.146,994.824,1011.979,1003.945
146.32,986.200,995.082,1011.825,1003.481
146.36,985.979,995.006,1012.331,1003.478
146.40,986.771,994.570,1012.206,1003.827
146.44,986.547,994.544,1012.732,1003.827
146.48,986.475,994.909,1012.097,1003.629
146.52,985.798,995.241,1011.631,1003.812
146.56,985.993,995.246,1012.178,1003.695
146.60,986.830,994.895,1012.409,1003.661
146.64,986.769,994.489,1012.902,1003.980
146.68,986.803,994.696,1012.465,1003.976
146.72,986.218,995.336,1012.086,1003.807
146.76,986.145,995.621,1012.219,1003.958
146.80,986.882,995.386,1012.515,1004.256
146.84,987.292,995.140,1013.390,1004.289
146.88,987.383,995.226,1012.714,1004.442
146.92,986.348,995.688,1012.259,1004.463
146.96,986.146,996.079,1012.031,1004.011
147.00,986.586,995.672,1012.259,1003.971
147.04,986.921,994.746,1013.158,1004.180
147.08,987.247,994.388,1012.415,1003.946
147.12,985.869,994.833,1012.242,1003.497
147.16,985.754,995.115,1011.400,1003.359
147.20,985.818,994.879,1011.848,1003.527
147.24,986.749,994.408,1012.912,1003.509
147.28,987.314,994.190,1012.833,1003.790
147.32,986.365,994.712,1012.648,1004.170
147.36,986.428,995.756,1011.758,1003.898
147.40,985.958,996.202,1012.301,1004.154
147.44,987.199,995.710,1012.812,1004.590
147.48,987.606,995.286,1013.368,1004.708
147.52,987.353,995.393,1013.406,1004.421
147.56,986.828,995.753,1011.992,1004.441
147.60,985.593,995.999,1011.913,1004.324
147.64,986.388,995.731,1012.022,1003.598
147.68,986.797,994.622,1012.734,1003.678
147.72,986.867,993.754,1012.889,1003.894
147.76,986.428,994.107,1011.708,1003.264
147.80,985.057,994.921,1011.555,1002.885
147.84,985.638,994.899,1011.255,1003.291
147.88,986.512,994.413,1012.755,1003.564
147.92,987.636,994.212,1013.567,1003.767
147.96,987.337,994.744,1012.728,1004.450
148.00,986.134,996.044,1012.142,1004.672
148.04,986.166,997.081,1011.602,1004.328
148.08,986.419,996.637,1012.675,1004.619
148.12,987.875,995.323,1013.386,1004.818
148.16,987.647,994.641,1013.531,1004.403
148.20,986.522,994.962,1012.201,1003.829
148.24,985.275,995.358,1010.972,1003.519
148.28,985.253,995.115,1011.669,1003.114
148.32,986.632,994.072,1012.253,1003.066
148.36,986.735,993.232,1013.039,1003.438
148.40,986.717,993.693,1012.261,1003.291
148.44,985.628,994.906,1011.649,1003.267
148.48,985.778,995.680,1011.770,1003.771
148.52,986.792,995.633,1012.522,1004.409
148.56,987.634,995.460,1013.756,1004.650
148.60,987.874,995.638,1013.134,1004.910
148.64,986.613,996.220,1012.496,1004.978
148.68,986.243,996.737,1012.158,1004.392
148.72,986.666,996.193,1012.132,1004.207
148.76,986.692,994.911,1013.194,1004.327
148.80,987.476,994.145,1012.600,1003.676
148.84,985.906,994.182,1012.327,1003.247
148.88,985.403,994.495,1011.028,1003.096
148.92,985.263,994.585,1011.355,1002.866
148.96,986.071,994.159,1012.517,1002.930
149.00,987.117,993.664,1012.350,1003.572
149.04,986.387,994.185,1012.995,1003.808
149.08,986.592,995.404,1011.556,1003.684
149.12,985.469,996.160,1011.782,1004.250
149.16,986.730,996.112,1012.479,1004.367
149.20,987.623,995.462,1013.353,1004.467
149.24,987.588,995.040,1013.796,1004.742
149.28,987.295,995.405,1012.225,1004.564
149.32,985.616,996.149,1012.184,1004.088
149.36,986.263,996.039,1011.608,1003.826
149.40,986.341,994.982,1012.564,1004.077
149.44,987.191,994.093,1013.013,1003.649
149.48,986.632,993.978,1012.106,1003.354
149.52,985.379,994.464,1011.903,1003.267
149.56,986.015,994.886,1011.419,1003.105
149.60,986.297,994.750,1012.841,1003.546
149.64,987.615,994.534,1013.163,1004.248
149.68,987.348,995.133,1012.937,1004.629
149.72,986.523,996.324,1012.504,1004.537
149.76,986.438,996.955,1011.684,1004.704
149.80,986.392,996.514,1012.861,1004.807
149.84,987.885,995.499,1013.099,1004.441
149.88,987.100,994.725,1013.396,1004.324
149.92,986.657,994.712,1012.145,1003.834
149.96,985.519,995.019,1011.425,1003.290
150.00,985.274,994.890,1011.528,1003.078
150.04,986.273,994.075,1011.755,1003.121
150.08,986.413,993.509,1013.119,1003.133
150.12,986.969,993.680,1012.202,1003.284
150.16,985.640,994.635,1011.811,1003.629
150.20,985.681,995.669,1011.498,1003.581
150.24,986.193,995.832,1011.927,1003.916
150.28,986.908,995.268,1013.117,1004.410
150.32,987.695,994.921,1012.908,1004.417
150.36,986.582,995.275,1012.805,1004.162
150.40,986.423,995.744,1011.872,1004.032
150.44,986.083,995.708,1012.208,1004.094
150.48,986.962,995.188,1012.821,1004.013
150.52,987.259,994.692,1012.767,1004.113
150.56,986.469,994.783,1012.527,1004.053
150.60,986.112,995.281,1011.486,1003.610
150.64,985.452,995.366,1011.858,1003.459
150.68,986.514,994.741,1012.098,1003.566
150.72,986.720,994.088,1012.824,1003.660
150.76,986.704,994.127,1012.509,1003.502
150.80,986.075,994.768,1011.712,1003.529
150.84,985.619,995.350,1011.943,1003.663
150.88,986.686,995.347,1012.235,1003.801
150.92,987.201,994.993,1013.398,1004.278
150.96,987.504,995.039,1012.960,1004.686
151.00,986.673,995.845,1012.366,1004.492
151.04,986.109,996.471,1012.162,1004.196
151.08,986.514,996.079,1012.000,1004.423
151.12,986.892,995.177,1013.153,1004.284
151.16,987.427,994.554,1012.975,1003.841
151.20,986.357,994.503,1012.165,1003.799
151.24,985.483,994.885,1011.518,1003.443
151.28,985.794,995.034,1011.557,1002.986
151.32,986.272,994.405,1012.519,1003.446
151.36,986.950,993.904,1012.381,1003.895
151.40,986.371,994.467,1012.564,1003.506
151.44,986.205,995.274,1011.815,1003.434
151.48,985.913,995.464,1011.825,1004.219
151.52,986.894,995.450,1013.061,1004.158
151.56,987.752,995.320,1013.068,1004.278
151.60,986.788,995.385,1012.879,1004.902
151.64,986.543,995.983,1011.994,1004.357
151.68,986.203,996.247,1012.127,1003.785
151.72,986.359,995.372,1012.421,1004.286
151.76,987.113,994.450,1012.472,1004.054
151.80,986.465,994.330,1013.084,1003.253
151.84,986.333,994.390,1011.414,1003.328
151.88,985.125,994.557,1011.553,1003.568
151.92,986.076,994.777,1011.976,1002.871
151.96,986.461,994.394,1012.146,1003.357
152.00,986.392,994.071,1012.688,1004.054
152.04,986.791,994.768,1012.212,1003.518
152.08,986.132,995.489,1012.279,1003.634
152.12,986.380,995.545,1012.015,1004.524
152.16,986.852,995.602,1012.764,1004.376
152.20,987.220,995.614,1013.240,1004.099
152.24,987.143,995.361,1012.519,1004.714
152.28,986.475,995.531,1012.710,1004.521
152.32,986.885,995.830,1012.244,1003.740
152.36,986.277,995.431,1012.433,1004.210
152.40,986.588,994.838,1012.248,1004.247
152.44,986.595,994.795,1012.440,1003.343
152.48,985.974,994.671,1012.097,1003.412
152.52,985.955,994.373,1011.304,1003.634
152.56,985.754,994.463,1012.488,1002.939
152.60,986.869,994.318,1012.221,1003.049
152.64,986.430,994.099,1012.603,1004.160
152.68,986.693,994.885,1012.535,1003.926
152.72,986.489,995.920,1011.975,1003.757
152.76,986.108,996.038,1012.462,1004.684
152.80,987.458,995.777,1012.694,1004.747
152.84,987.416,995.694,1013.806,1004.368
152.88,987.582,995.508,1012.860,1004.770
152.92,986.575,995.712,1012.313,1004.817
152.96,986.232,996.167,1012.319,1003.892
153.00,986.354,995.636,1011.721,1003.859
153.04,986.259,994.553,1012.800,1003.998
153.08,987.308,994.015,1012.686,1003.271
153.12,986.272,994.053,1012.646,1003.293
153.16,985.943,994.455,1011.551,1003.655
153.20,985.697,995.160,1011.534,1003.382
153.24,986.190,995.329,1012.624,1003.442
153.28,987.399,994.795,1012.621,1004.299
153.32,987.119,994.867,1013.498,1004.604
153.36,987.341,995.757,1012.728,1004.176
153.40,986.340,996.375,1012.078,1004.705
153.44,986.427,996.419,1012.628,1004.825
153.48,987.549,996.006,1012.863,1004.335
153.52,987.147,995.250,1013.289,1004.521
153.56,986.866,994.912,1012.237,1004.417
153.60,986.003,995.210,1012.088,1003.407
153.64,985.905,995.054,1011.845,1003.219
153.68,986.098,994.279,1011.538,1003.745
153.72,986.126,993.968,1012.750,1003.134
153.76,986.898,994.093,1012.358,1002.826
153.80,986.175,994.238,1012.208,1003.921
153.84,986.264,994.982,1012.095,1004.017
153.88,986.447,995.944,1012.102,1003.639
153.92,986.458,995.889,1012.739,1004.494
153.96,987.519,995.479,1012.709,1004.994
154.00,987.153,995.672,1013.363,1004.367
154.04,986.993,995.819,1012.406,1004.263
154.08,986.089,995.636,1011.880,1004.571
154.12,986.257,995.466,1012.433,1003.739
154.16,986.802,994.878,1012.412,1003.350
154.20,986.347,994.033,1012.299,1003.929
154.24,986.078,994.120,1011.925,1003.352
154.28,985.887,994.635,1011.937,1002.563
154.32,985.645,994.459,1011.658,1003.506
154.36,986.263,994.275,1011.943,1003.782
154.40,986.657,994.691,1012.962,1003.161
154.44,986.966,994.874,1012.438,1003.935
154.48,986.195,995.170,1012.186,1004.816
154.52,986.666,996.107,1012.326,1003.889
154.56,986.699,996.200,1012.805,1004.054
154.60,987.196,995.337,1012.872,1005.130
154.64,987.569,995.266,1013.210,1004.538
154.68,986.804,995.744,1012.768,1003.896
154.72,986.099,995.636,1011.637,1004.451
154.76,986.031,995.419,1012.156,1004.019
154.80,986.870,994.995,1012.778,1003.219
154.84,986.895,994.150,1012.683,1003.880
154.88,986.392,994.053,1012.246,1004.030
154.92,985.939,995.028,1011.814,1002.972
154.96,985.653,995.297,1011.614,1003.316
155.00,986.227,994.706,1012.117,1004.185
155.04,987.108,994.595,1013.031,1003.717
155.08,986.932,994.870,1012.689,1003.671
155.12,986.106,995.141,1011.719,1004.372
155.16,985.861,995.726,1011.914,1003.875
155.20,986.547,995.678,1012.404,1003.457
155.24,987.000,994.725,1012.872,1004.341
155.28,987.114,994.390,1012.805,1004.368
155.32,986.503,995.202,1012.363,1003.462
155.36,985.721,995.569,1011.576,1003.688
155.40,985.910,995.237,1011.647,1004.100
155.44,986.588,994.850,1012.826,1003.457
155.48,987.128,994.352,1012.760,1003.491
155.52,986.497,994.218,1012.470,1004.151
155.56,986.270,995.008,1012.169,1003.642
155.60,986.090,995.710,1011.818,1003.497
155.64,986.212,995.400,1012.222,1004.367
155.68,987.139,995.077,1012.905,1004.288
155.72,987.249,995.155,1012.919,1003.927
155.76,986.215,995.246,1012.017,1004.335
155.80,985.868,995.490,1011.648,1003.901
155.84,986.162,995.379,1012.242,1003.240
155.88,986.593,994.448,1012.366,1003.790
155.92,986.624,993.911,1012.400,1003.819
155.96,986.167,994.402,1012.144,1002.990
156.00,985.680,994.817,1011.505,1003.155
156.04,985.826,994.711,1011.865,1003.751
156.08,986.727,994.704,1012.590,1003.564
156.12,987.049,994.807,1013.097,1003.754
156.16,987.088,995.005,1012.668,1004.524
156.20,986.640,995.832,1012.454,1004.579
156.24,986.561,996.548,1012.431,1004.288
156.28,986.887,996.262,1012.559,1004.723
156.32,987.282,995.559,1013.145,1004.856
156.36,987.335,995.287,1013.077,1004.233
156.40,986.656,995.242,1012.218,1003.986
156.44,985.572,995.132,1011.562,1003.918
156.48,985.769,994.941,1011.524,1003.113
156.52,986.150,994.176,1012.410,1002.812
156.56,986.628,993.291,1012.376,1003.392
156.60,986.365,993.558,1012.328,1003.254
156.64,986.091,994.686,1012.073,1002.947
156.68,985.961,995.325,1011.790,1003.930
156.72,986.742,995.609,1012.716,1004.571
156.76,987.797,995.916,1013.537,1004.571
156.80,987.620,996.111,1013.264,1005.230
156.84,986.947,996.481,1012.532,1005.438
156.88,986.615,996.946,1012.548,1004.494
156.92,986.881,996.319,1012.692,1004.370
156.96,987.021,994.920,1012.713,1004.696
157.00,986.811,994.365,1012.729,1003.667
157.04,985.990,994.443,1011.589,1002.827
157.08,984.778,994.159,1010.909,1003.031
157.12,985.418,993.846,1011.460,1002.484
157.16,986.190,993.413,1012.430,1002.326
157.20,986.559,993.126,1012.326,1003.326
157.24,986.320,993.961,1012.097,1003.614
157.28,986.076,995.563,1012.218,1003.420
157.32,986.489,996.275,1012.016,1004.525
157.36,987.109,996.217,1013.320,1005.371
157.40,988.471,996.362,1013.977,1004.993
157.44,987.918,996.435,1013.331,1005.424
157.48,986.703,996.619,1012.524,1005.584
157.52,986.441,996.885,1011.879,1004.302
157.56,986.021,995.961,1012.191,1003.733
157.60,986.515,994.066,1012.242,1003.788
157.64,986.496,993.020,1012.580,1002.806
157.68,985.763,993.050,1011.912,1002.053
157.72,985.082,993.319,1010.897,1002.527
157.76,985.263,993.843,1011.717,1002.705
157.80,986.812,994.354,1012.583,1003.022
157.84,987.329,994.698,1013.272,1004.500
157.88,987.583,995.772,1013.213,1005.314
157.92,987.295,997.420,1012.753,1005.196
157.96,986.830,998.137,1012.852,1005.675
158.00,987.536,997.487,1012.777,1006.002
158.04,987.866,996.480,1013.947,1005.146
158.08,987.734,995.447,1013.322,1004.514
158.12,986.357,994.729,1011.908,1004.193
158.16,985.337,994.641,1011.695,1002.900
158.20,985.576,994.131,1011.222,1002.240
158.24,985.458,993.004,1011.820,1002.802
158.28,986.168,992.667,1012.139,1002.539
158.32,986.157,993.386,1011.944,1002.329
158.36,985.284,994.233,1011.526,1003.367
158.40,985.964,995.187,1011.501,1003.785
158.44,986.859,995.848,1013.231,1003.843
158.48,988.039,995.754,1013.510,1005.123
158.52,987.837,996.025,1013.369,1005.900
158.56,987.206,997.206,1012.998,1005.058
158.60,986.529,997.590,1011.899,1004.943
158.64,986.251,996.534,1012.385,1005.102
158.68,987.359,995.165,1012.901,1003.944
158.72,986.734,993.955,1012.879,1003.240
158.76,985.870,993.231,1011.651,1003.066
158.80,985.003,993.543,1010.920,1002.278
158.84,984.843,993.813,1011.246,1001.857
158.88,985.757,993.340,1011.559,1002.684
158.92,986.437,993.291,1012.659,1003.274
158.96,987.083,994.224,1012.790,1003.355
159.00,986.460,995.545,1012.123,1004.347
159.04,986.199,996.668,1011.949,1005.037
159.08,986.929,997.237,1012.804,1004.759
159.12,987.926,996.613,1013.848,1005.142
159.16,988.395,995.689,1013.653,1005.790
159.20,987.141,995.916,1012.998,1004.982
159.24,985.972,996.476,1011.592,1003.813
159.28,985.394,995.738,1011.217,1003.708
159.32,986.039,994.115,1012.324,1003.363
159.36,987.030,992.904,1012.790,1002.525
159.40,986.110,992.599,1012.213,1002.664
159.44,985.210,993.442,1010.914,1002.826
159.48,984.940,994.753,1011.326,1002.437
159.52,986.266,994.997,1012.270,1003.271
159.56,987.691,994.596,1013.504,1004.833
159.60,988.086,995.364,1013.760,1005.083
159.64,987.109,996.981,1012.478,1005.009
159.68,986.078,997.858,1012.120,1005.388
159.72,987.185,997.379,1012.586,1005.235
159.76,987.816,996.006,1013.954,1004.897
159.80,987.967,994.760,1013.294,1004.671
159.84,986.174,994.565,1011.897,1003.914
159.88,984.722,994.957,1010.827,1002.613
159.92,984.824,994.349,1010.798,1002.201
159.96,985.950,992.804,1012.465,1002.547
160.00,987.211,992.085,1012.876,1002.675
160.04,986.178,993.095,1012.259,1002.929
160.08,985.293,995.026,1011.261,1003.350
160.12,985.913,996.355,1011.750,1003.969
160.16,987.568,996.454,1013.685,1005.027
160.20,988.937,996.148,1014.182,1006.055
160.24,988.132,996.815,1013.829,1005.989
160.28,987.053,997.837,1012.397,1005.329
160.32,986.102,997.661,1011.865,1005.152
160.36,986.692,996.171,1012.663,1004.529
160.40,987.431,994.315,1013.166,1003.637
160.44,986.722,993.084,1012.763,1003.179
160.48,985.434,993.121,1011.064,1002.595
160.52,984.168,993.818,1010.455,1001.822
160.56,984.762,993.797,1010.948,1001.916
160.60,986.195,993.033,1012.173,1002.826
160.64,987.223,993.094,1013.392,1003.343
160.68,987.267,994.510,1012.772,1003.857
160.72,986.171,996.340,1011.772,1004.811
160.76,986.008,997.720,1012.027,1005.124
160.80,987.613,997.662,1013.147,1005.119
160.84,988.317,996.314,1014.266,1005.846
160.88,988.370,995.581,1013.569,1005.547
160.92,986.600,996.027,1012.403,1004.229
160.96,985.214,996.042,1011.182,1003.567
161.00,985.397,994.877,1011.142,1003.305
161.04,986.344,993.279,1012.767,1002.559
161.08,986.847,992.261,1012.355,1002.448
161.12,985.247,992.583,1011.314,1002.742
161.16,984.734,994.082,1010.947,1002.084
161.20,985.529,994.845,1011.565,1002.584
161.24,986.917,994.519,1013.074,1004.363
161.28,988.172,994.885,1013.438,1004.981
161.32,987.141,996.467,1013.013,1004.821
161.36,986.359,997.627,1011.880,1005.169
161.40,986.610,997.476,1012.352,1005.330
161.44,987.659,996.377,1013.724,1004.835
161.48,988.107,995.041,1013.403,1004.686
161.52,986.647,994.498,1012.738,1004.285
161.56,985.669,994.935,1011.260,1003.043
161.60,984.812,994.858,1010.800,1002.621
161.64,985.301,993.771,1011.782,1002.808
161.68,986.806,992.780,1012.462,1002.600
161.72,986.535,992.834,1012.835,1002.775
161.76,986.026,993.918,1011.610,1003.345
161.80,985.339,995.516,1011.281,1003.596
161.84,986.158,996.309,1012.220,1003.896
161.88,987.625,995.913,1013.170,1004.954
161.92,988.022,995.557,1013.937,1005.437
161.96,987.754,996.228,1013.124,1004.920
162.00,986.343,996.848,1012.159,1004.770
162.04,986.041,996.598,1011.859,1004.658
162.08,986.687,995.575,1012.543,1003.915
162.12,987.045,994.182,1013.078,1003.584
162.16,986.598,993.403,1012.152,1003.496
162.20,985.392,993.810,1011.610,1002.712
162.24,985.305,994.352,1011.089,1002.290
162.28,985.365,994.079,1011.401,1003.152
162.32,986.387,993.883,1012.473,1003.326
162.36,987.176,994.240,1012.895,1003.326
162.40,986.534,994.913,1012.490,1004.281
162.44,986.350,995.940,1011.784,1004.626
162.48,986.391,996.794,1012.665,1004.232
162.52,987.445,996.360,1013.150,1004.821
162.56,987.832,995.510,1013.326,1005.488
162.60,987.374,995.667,1013.324,1004.578
162.64,986.386,996.082,1011.806,1003.992
162.68,985.458,995.670,1011.413,1004.135
162.72,986.339,994.780,1012.476,1003.331
162.76,987.152,993.762,1012.929,1003.054
162.80,986.457,993.278,1012.500,1003.636
162.84,985.812,994.127,1011.411,1003.184
162.88,985.010,995.267,1011.380,1002.725
162.92,985.992,995.107,1011.750,1003.583
162.96,987.106,994.449,1012.918,1004.309
163.00,987.327,994.687,1013.450,1004.028
163.04,986.929,995.501,1012.072,1004.122
163.08,985.572,996.114,1011.941,1004.568
163.12,986.613,996.251,1012.145,1004.080
163.16,987.033,995.556,1013.181,1004.171
163.20,987.520,994.600,1013.065,1004.598
163.24,986.707,994.751,1012.383,1004.091
163.28,985.791,995.444,1011.962,1003.253
163.32,985.762,995.261,1011.238,1003.586
163.36,985.973,994.482,1012.606,1003.765
163.40,987.248,994.111,1012.683,1003.199
163.44,986.299,994.106,1012.252,1003.593
163.48,985.622,994.627,1011.662,1003.646
163.52,985.981,995.318,1011.445,1003.140
163.56,986.063,995.102,1012.861,1003.659
163.60,987.799,994.546,1012.806,1004.437
163.64,987.078,994.908,1013.456,1004.431
163.68,986.744,995.972,1012.110,1004.217
163.72,985.827,996.512,1011.705,1004.547
163.76,986.669,996.188,1012.971,1004.379
163.80,988.080,995.271,1013.275,1004.390
163.84,987.340,994.657,1013.712,1004.747
163.88,986.927,995.234,1012.017,1004.187
163.92,985.345,996.002,1011.603,1003.618
163.96,985.616,995.647,1011.611,1003.679
164.00,986.811,994.474,1012.414,1003.707
164.04,987.040,993.674,1013.575,1003.434
164.08,986.814,993.862,1011.752,1003.512
164.12,984.924,994.821,1011.464,1003.348
164.16,985.552,995.461,1011.090,1002.975
164.20,986.137,994.923,1012.218,1003.614
164.24,987.313,994.135,1013.388,1004.112
164.28,987.514,994.396,1012.817,1004.008
164.32,986.084,995.489,1012.392,1004.052
164.36,986.058,996.254,1011.256,1004.237
164.40,986.110,996.187,1012.489,1004.275
164.44,987.551,995.379,1013.202,1004.253
164.48,987.590,994.640,1013.194,1004.533
164.52,986.506,994.894,1012.429,1004.193
164.56,985.674,995.627,1011.205,1003.399
164.60,985.348,995.446,1011.908,1003.333
164.64,986.936,994.316,1012.405,1003.673
164.68,986.928,993.689,1012.952,1003.730
164.72,986.357,994.191,1012.198,1003.295
164.76,985.546,995.032,1011.261,1003.305
164.80,985.540,995.297,1011.765,1003.601
164.84,986.756,994.973,1012.458,1003.772
164.88,987.297,994.637,1013.224,1004.080
164.92,987.027,994.878,1012.790,1004.349
164.96,986.467,995.702,1012.098,1004.174
165.00,986.025,996.230,1012.124,1004.115
165.04,986.728,995.837,1012.368,1004.385
165.08,987.264,995.105,1013.390,1004.359
165.12,987.470,994.812,1013.021,1004.220
165.16,986.287,995.119,1011.985,1004.106
165.20,985.560,995.542,1011.600,1003.621
165.24,986.093,995.290,1011.901,1003.348
165.28,986.609,994.300,1012.603,1003.735
165.32,986.896,993.857,1012.542,1003.705
165.36,986.083,994.400,1012.065,1003.195
165.40,985.597,994.976,1011.472,1003.206
165.44,985.946,994.985,1012.278,1003.667
165.48,987.433,994.767,1012.863,1003.939
165.52,986.957,994.861,1013.000,1004.470
165.56,986.649,995.659,1012.226,1004.346
165.60,986.197,996.289,1011.940,1004.103
165.64,986.371,995.995,1012.378,1004.351
165.68,986.940,995.197,1012.415,1004.376
165.72,986.791,994.723,1012.980,1003.732
165.76,986.643,994.520,1012.175,1003.489
165.80,985.774,994.496,1011.841,1003.645
165.84,986.003,994.694,1011.965,1003.172
165.88,986.378,994.654,1012.106,1003.298
165.92,986.493,994.405,1012.739,1003.905
165.96,987.052,994.725,1012.395,1003.920
166.00,986.398,995.444,1012.672,1003.946
166.04,986.559,995.852,1011.979,1004.411
166.08,986.416,995.900,1012.464,1004.525
166.12,987.024,995.759,1012.872,1004.198
166.16,986.981,995.296,1012.292,1004.373
166.20,986.122,995.021,1012.509,1004.119
166.24,986.409,995.015,1011.758,1003.268
166.28,985.688,994.627,1012.052,1003.328
166.32,986.292,994.002,1012.082,1003.397
166.36,986.473,993.957,1012.384,1003.133
166.40,986.073,994.273,1012.249,1003.317
166.44,986.262,994.730,1011.639,1003.665
166.48,986.047,995.244,1012.599,1003.794
166.52,987.188,995.489,1012.236,1004.086
166.56,986.586,995.497,1013.056,1004.716
166.60,987.429,995.762,1012.812,1004.449
166.64,986.898,996.018,1012.631,1004.511
166.68,986.578,995.932,1012.728,1004.645
166.72,986.935,995.704,1011.910,1004.331
166.76,985.969,995.375,1012.668,1003.867
166.80,986.607,994.714,1011.879,1003.562
166.84,986.117,994.150,1012.441,1003.357
166.88,986.280,993.948,1012.124,1003.124
166.92,985.835,994.110,1011.298,1003.100
166.96,985.181,994.397,1011.855,1003.058
167.00,986.296,994.511,1011.740,1003.039
167.04,986.560,994.366,1012.947,1003.671
167.08,987.240,994.570,1012.792,1004.224
167.12,986.648,995.520,1012.229,1004.331
167.16,986.046,996.429,1012.323,1004.296
167.20,986.819,996.409,1012.048,1004.603
167.24,987.030,995.750,1013.375,1004.731
167.28,987.634,995.173,1013.027,1004.407
167.32,986.654,995.110,1012.383,1004.121
167.36,985.780,995.233,1011.910,1003.726
167.40,985.941,995.053,1011.262,1003.311
167.44,985.693,994.356,1012.426,1003.183
167.48,986.915,993.662,1012.332,1003.159
167.52,986.317,993.627,1012.436,1003.325
167.56,985.908,994.385,1011.763,1003.271
167.60,985.621,995.207,1011.336,1003.395
167.64,986.056,995.386,1012.628,1003.756
167.68,987.756,995.033,1013.031,1004.327
167.72,987.491,995.126,1013.622,1004.907
167.76,987.155,996.042,1012.618,1004.754
167.80,986.263,996.911,1011.824,1004.614
167.84,986.233,996.660,1012.585,1004.606
167.88,987.475,995.560,1012.656,1004.486
167.92,987.037,994.601,1013.387,1004.167
167.96,986.747,994.374,1012.094,1003.587
168.00,985.186,994.600,1011.224,1003.192
168.04,985.323,994.588,1011.458,1002.706
168.08,986.162,993.910,1011.982,1002.902
168.12,986.559,993.360,1012.902,1003.372
168.16,987.004,993.868,1012.511,1003.389
168.20,986.162,995.116,1012.241,1003.768
168.24,986.149,996.103,1011.787,1004.395
168.28,986.616,996.500,1012.469,1004.686
168.32,987.587,996.223,1013.549,1004.819
168.36,987.805,995.729,1013.090,1005.191
168.40,986.830,995.810,1012.713,1004.756
168.44,986.244,996.066,1011.964,1003.839
168.48,985.718,995.455,1011.567,1003.777
168.52,985.913,994.288,1011.891,1003.435
168.56,986.299,993.459,1012.295,1002.546
168.60,986.109,993.019,1012.106,1002.496
168.64,985.488,993.199,1011.302,1002.932
168.68,985.295,994.153,1011.397,1002.596
168.72,985.891,994.789,1012.042,1002.897
168.76,986.984,994.707,1012.731,1004.260
168.80,987.661,995.148,1013.691,1004.810
168.84,987.760,996.391,1013.127,1004.861
168.88,986.736,997.311,1012.391,1005.567
168.92,986.734,997.577,1012.381,1005.518
168.96,987.375,996.965,1013.263,1004.783
169.00,987.786,995.509,1013.612,1004.766
169.04,987.226,994.495,1012.511,1004.600
169.08,985.573,994.702,1011.901,1003.151
169.12,985.249,994.708,1010.910,1002.302
169.16,985.270,993.659,1011.701,1002.897
169.20,986.773,992.839,1012.762,1002.816
169.24,986.849,993.159,1012.638,1002.787
169.28,985.648,994.309,1011.772,1003.634
169.32,985.618,995.752,1010.958,1003.779
169.36,985.853,996.421,1012.423,1003.882
169.40,987.898,995.724,1013.344,1004.706
169.44,988.149,995.121,1014.052,1005.472
169.48,987.537,995.912,1012.940,1004.831
169.52,985.749,996.898,1011.224,1004.373
169.56,985.093,996.593,1011.499,1004.143
169.60,986.920,995.025,1012.436,1003.519
169.64,987.318,993.245,1013.723,1003.384
169.68,987.038,992.777,1012.397,1003.355
169.72,985.028,994.005,1010.925,1002.787
169.76,984.362,995.189,1010.698,1002.384
169.80,985.802,994.811,1011.446,1003.146
169.84,987.155,993.850,1013.532,1004.017
169.88,988.197,994.054,1013.557,1004.037
169.92,986.567,995.409,1012.290,1004.400
169.96,985.462,996.891,1011.285,1004.610
170.00,986.218,997.224,1012.056,1004.297
170.04,987.707,995.912,1013.702,1004.689
170.08,988.487,994.533,1014.041,1005.201
170.12,987.316,994.887,1013.029,1004.404
170.16,985.507,996.031,1011.074,1003.573
170.20,984.627,996.018,1010.735,1003.552
170.24,986.061,994.707,1012.290,1003.249
170.28,987.661,993.148,1013.571,1003.102
170.32,987.116,992.734,1013.069,1003.585
170.36,985.546,994.186,1011.140,1003.320
170.40,984.557,995.928,1010.712,1002.817
170.44,985.835,995.815,1011.883,1003.594
170.48,987.817,994.558,1013.687,1004.735
170.52,988.626,994.410,1014.375,1004.702
170.56,987.263,995.765,1012.710,1004.646
170.60,985.404,997.183,1011.088,1004.889
170.64,985.652,997.453,1011.578,1004.334
170.68,987.176,995.834,1013.184,1004.134
170.72,987.986,993.777,1013.601,1004.474
170.76,986.798,993.491,1012.515,1003.677
170.80,984.890,994.609,1010.872,1002.390
170.84,984.188,994.856,1010.199,1002.426
170.88,985.481,993.784,1011.886,1002.819
170.92,987.433,992.865,1013.322,1002.867
170.96,987.340,993.104,1013.205,1003.500
171.00,986.204,994.773,1011.862,1004.103
171.04,985.489,996.843,1011.379,1004.106
171.08,986.489,997.344,1012.644,1004.573
171.12,988.493,996.275,1014.031,1005.718
171.16,988.892,995.672,1014.664,1005.939
171.20,987.764,996.457,1012.955,1005.146
171.24,985.543,997.253,1011.270,1004.720
171.28,985.407,996.714,1011.527,1004.059
171.32,987.042,994.787,1012.708,1003.421
171.36,987.220,992.791,1013.369,1003.429
171.40,986.367,992.546,1011.886,1002.884
171.44,984.387,993.823,1010.642,1001.933
171.48,984.350,994.547,1010.547,1002.073
171.52,986.133,993.918,1012.218,1003.147
171.56,987.818,993.512,1013.884,1003.911
171.60,987.909,994.583,1013.331,1004.420
171.64,986.347,996.563,1012.118,1004.997
171.68,986.080,998.101,1011.677,1005.162
171.72,987.040,997.853,1013.090,1005.270
171.76,988.613,996.255,1014.090,1005.630
171.80,988.134,995.187,1013.792,1005.352
171.84,986.471,995.441,1012.130,1004.017
171.88,984.883,995.672,1010.662,1003.056
171.92,984.802,994.547,1011.195,1002.785
171.96,986.435,992.857,1012.295,1002.409
172.00,986.696,991.931,1012.905,1002.335
172.04,985.917,992.573,1011.548,1002.648
172.08,984.730,994.346,1010.825,1002.704
172.12,985.279,995.635,1011.555,1003.038
172.16,987.210,995.491,1012.747,1004.394
172.20,988.134,995.262,1014.205,1005.431
172.24,988.397,996.221,1013.562,1005.247
172.28,986.675,997.445,1012.367,1005.395
172.32,985.985,997.786,1011.774,1005.352
172.36,986.953,996.869,1012.652,1004.519
172.40,987.592,994.933,1013.774,1004.230
172.44,987.504,993.485,1012.794,1004.111
172.48,985.510,993.787,1011.605,1002.927
172.52,984.365,994.494,1010.352,1001.897
172.56,984.506,993.933,1010.614,1002.269
172.60,986.107,992.791,1012.458,1002.608
172.64,987.389,992.561,1013.072,1002.706
172.68,986.338,993.623,1012.395,1003.533
172.72,985.784,995.610,1011.193,1003.981
172.76,985.725,997.080,1012.022,1004.198
172.80,987.584,996.843,1013.262,1005.099
172.84,988.692,995.958,1014.251,1005.988
172.88,988.342,996.160,1014.000,1005.546
172.92,986.755,997.003,1011.925,1004.905
172.96,985.124,997.026,1011.280,1004.498
173.00,986.089,995.738,1011.743,1003.584
173.04,986.660,993.613,1012.937,1003.035
173.08,986.633,992.148,1012.388,1002.773
173.12,985.256,992.440,1011.042,1002.039
173.16,984.136,993.541,1010.727,1001.502
173.20,985.077,993.835,1010.807,1002.270
173.24,986.364,993.624,1012.747,1003.383
173.28,987.795,994.133,1013.420,1003.923
173.32,987.238,995.565,1012.943,1004.740
173.36,986.626,997.238,1012.351,1005.361
173.40,986.937,998.139,1012.733,1005.491
173.44,988.063,997.607,1013.767,1005.728
173.48,988.512,996.420,1014.026,1006.037
173.52,987.719,995.949,1013.422,1005.215
173.56,986.416,996.036,1011.998,1003.995
173.60,985.259,995.421,1011.324,1003.509
173.64,985.705,994.142,1011.505,1002.987
173.68,986.005,992.878,1012.135,1002.263
173.72,985.810,992.245,1011.759,1002.137
173.76,985.241,992.671,1011.267,1002.204
173.80,985.190,993.693,1011.483,1002.251
173.84,985.842,994.449,1011.567,1003.132
173.88,986.523,994.934,1012.600,1004.180
173.92,987.677,995.668,1013.406,1004.570
173.96,987.695,996.483,1013.236,1005.292
174.00,987.073,997.159,1012.757,1005.836
174.04,987.034,997.634,1012.500,1005.260
174.08,987.110,997.011,1013.123,1004.826
174.12,987.424,995.497,1012.948,1004.940
174.16,986.814,994.534,1012.564,1004.020
174.20,985.927,994.332,1011.992,1002.704
174.24,985.207,993.865,1010.860,1002.645
174.28,984.948,993.316,1011.368,1002.564
174.32,985.942,993.088,1011.802,1001.974
174.36,985.922,993.056,1011.957,1002.589
174.40,985.887,993.562,1012.041,1003.376
174.44,986.329,994.886,1012.036,1003.329
174.48,986.553,995.874,1012.537,1004.087
174.52,987.166,996.165,1012.913,1005.348
174.56,987.924,996.654,1013.585,1005.364
174.60,987.705,997.041,1013.306,1005.325
174.64,986.952,996.949,1012.419,1005.592
174.68,986.437,996.646,1012.255,1004.715
174.72,986.510,995.714,1012.397,1003.625
174.76,986.379,994.022,1012.247,1003.515
174.80,985.997,992.976,1011.939,1002.911
174.84,985.436,993.052,1011.602,1001.819
174.88,985.029,993.212,1011.123,1002.055
174.92,985.412,993.299,1011.479,1002.757
174.96,986.439,993.854,1012.352,1002.927
175.00,986.795,994.702,1012.685,1003.750
175.04,986.885,995.649,1012.493,1004.918
175.08,986.923,996.796,1012.804,1005.005
175.12,987.348,997.410,1012.885,1005.135
175.16,987.447,996.950,1013.219,1005.731
175.20,987.703,996.355,1013.273,1005.299
175.24,987.212,995.944,1012.992,1004.384
175.28,986.418,995.309,1012.250,1004.061
175.32,985.903,994.611,1011.690,1003.623
175.36,985.875,994.145,1012.176,1002.605
175.40,986.147,993.452,1011.980,1002.675
175.44,985.792,993.156,1011.746,1003.142
175.48,985.758,993.878,1011.925,1002.640
175.52,986.055,994.621,1011.790,1002.910
175.56,986.189,994.823,1012.354,1004.184
175.60,987.195,995.348,1012.710,1004.400
175.64,987.264,996.079,1013.257,1004.376
175.68,987.175,996.377,1012.605,1005.239
175.72,986.747,996.540,1012.296,1005.304
175.76,986.704,996.676,1012.883,1004.255
175.80,986.996,995.690,1012.401,1004.290
175.84,986.470,994.515,1012.590,1004.379
175.88,986.451,994.246,1012.173,1003.011
175.92,985.594,994.142,1011.669,1002.522
175.96,985.428,993.656,1011.395,1003.065
176.00,985.889,993.600,1011.860,1002.808
176.04,986.351,993.970,1012.534,1002.693
176.08,986.642,994.213,1012.393,1003.833
176.12,986.676,995.076,1012.569,1004.449
176.16,986.881,996.358,1012.650,1004.318
176.20,986.989,996.825,1012.601,1005.069
176.24,987.486,996.610,1013.281,1005.596
176.28,987.938,996.451,1013.412,1005.104
176.32,987.143,996.282,1012.923,1004.872
176.36,986.338,995.880,1011.894,1004.612
176.40,985.795,995.381,1011.689,1003.569
176.44,985.972,994.354,1012.064,1002.782
176.48,986.139,993.033,1012.046,1002.883
176.52,986.016,992.654,1012.035,1002.572
176.56,985.656,993.362,1011.671,1002.176
176.60,985.471,994.134,1011.440,1002.875
176.64,986.109,994.695,1012.201,1003.725
176.68,987.223,995.362,1012.962,1004.176
176.72,987.382,995.966,1013.101,1004.951
176.76,987.221,996.654,1012.694,1005.458
176.80,986.877,997.238,1012.855,1005.094
176.84,987.151,996.965,1012.605,1004.900
176.88,986.778,995.882,1012.726,1004.923
176.92,986.951,994.987,1012.691,1003.902
176.96,986.355,994.334,1012.342,1003.102
177.00,985.704,993.738,1011.677,1003.080
177.04,985.478,993.587,1011.249,1002.675
177.08,985.394,993.734,1011.859,1002.278
177.12,986.181,993.610,1011.880,1002.860
177.16,986.341,993.816,1012.428,1003.652
177.20,986.798,994.862,1012.715,1003.669
177.24,986.818,995.902,1012.463,1004.356
177.28,986.807,996.491,1012.768,1005.334
177.32,987.615,996.917,1013.069,1005.208
177.36,987.530,996.872,1013.597,1005.216
177.40,987.589,996.389,1012.901,1005.456
177.44,986.964,996.084,1012.759,1004.804
177.48,986.355,995.749,1012.315,1003.858
177.52,986.054,994.827,1011.533,1003.545
177.56,985.707,993.852,1012.105,1003.066
177.60,985.984,993.252,1011.623,1002.322
177.64,985.287,993.007,1011.617,1002.299
177.68,985.468,993.203,1011.422,1002.413
177.72,985.755,993.711,1011.648,1002.672
177.76,986.098,994.331,1012.484,1003.319
177.80,987.106,994.964,1012.486,1004.141
177.84,987.016,995.882,1013.144,1004.807
177.88,987.386,996.829,1012.702,1005.172
177.92,987.003,997.247,1012.818,1005.446
177.96,987.453,997.062,1013.296,1005.278
178.00,987.746,996.344,1013.110,1005.104
178.04,986.913,995.604,1012.872,1004.712
178.08,986.425,995.212,1011.992,1003.750
178.12,985.502,994.660,1011.647,1003.055
178.16,985.388,993.745,1011.437,1002.768
178.20,985.829,992.982,1011.706,1002.261
178.24,985.565,992.728,1011.999,1002.246
178.28,985.841,993.099,1011.461,1002.521
178.32,985.652,994.007,1012.164,1002.915
178.36,986.718,994.898,1012.254,1003.662
178.40,986.787,995.674,1012.705,1004.790
178.44,987.411,996.560,1013.229,1005.119
178.48,987.793,997.147,1013.126,1005.360
178.52,987.268,997.163,1013.163,1005.855
178.56,987.277,996.970,1012.618,1005.282
178.60,986.845,996.375,1012.797,1004.369
178.64,986.621,995.154,1012.413,1004.116
178.68,986.155,994.049,1011.880,1003.470
178.72,985.641,993.573,1011.918,1002.278
178.76,985.420,993.179,1011.171,1002.161
178.80,985.122,992.893,1011.439,1002.504
178.84,986.046,993.289,1012.085,1002.256
178.88,986.375,993.860,1012.361,1003.046
178.92,986.610,994.697,1012.506,1004.312
178.96,986.954,996.128,1012.721,1004.622
179.00,987.232,997.215,1013.018,1005.038
179.04,987.708,997.330,1013.324,1006.005
179.08,988.051,997.156,1013.593,1006.002
179.12,987.910,997.047,1013.646,1005.290
179.16,987.212,996.518,1012.813,1005.110
179.20,986.407,995.772,1012.039,1004.609
179.24,986.067,995.066,1012.205,1003.234
179.28,986.070,993.929,1011.791,1002.780
179.32,985.586,992.826,1011.795,1002.800
179.36,985.649,992.787,1011.573,1002.037
179.40,985.274,993.247,1011.227,1001.973
179.44,985.092,993.593,1011.257,1002.848
179.48,985.856,994.184,1011.589,1003.105
179.52,986.430,994.836,1012.803,1003.322
179.56,987.458,995.115,1013.074,1004.488
179.60,987.518,995.820,1013.351,1005.375
179.64,987.460,997.088,1012.983,1005.224
179.68,986.902,997.759,1012.445,1005.452
179.72,986.872,997.282,1012.742,1005.557
179.76,987.403,996.240,1012.854,1004.732
179.80,986.946,995.027,1013.160,1003.975
179.84,986.540,994.040,1012.121,1003.544
179.88,985.387,993.725,1011.390,1002.808
179.92,985.000,993.733,1011.316,1002.026
179.96,985.425,993.277,1010.978,1002.275
180.00,985.486,992.965,1012.143,1002.705
180.04,986.630,993.423,1012.216,1002.632
180.08,986.207,994.316,1012.303,1003.499
180.12,986.387,995.401,1012.267,1004.378
180.16,986.890,996.525,1012.271,1004.640
180.20,987.005,996.935,1013.301,1005.061
180.24,988.073,996.595,1013.088,1005.537
180.28,987.481,996.368,1013.575,1005.391
180.32,987.169,996.367,1012.706,1004.665
180.36,986.286,995.979,1011.762,1004.291
180.40,985.661,995.152,1012.082,1003.714
180.44,986.345,994.072,1011.689,1002.830
180.48,985.642,993.079,1012.220,1002.568
180.52,985.970,992.692,1011.717,1002.389
180.56,985.428,993.175,1011.518,1002.344
180.60,985.483,993.981,1011.627,1002.688
180.64,986.114,994.585,1012.035,1003.510
180.68,987.125,995.153,1013.139,1004.174
180.72,987.781,995.877,1013.221,1004.997
180.76,987.345,996.788,1013.117,1005.605
180.80,987.354,997.622,1012.944,1005.492
180.84,987.475,997.565,1013.043,1005.471
180.88,987.350,996.636,1013.040,1005.561
180.92,987.097,995.768,1012.766,1004.575
180.96,986.366,995.020,1012.172,1003.425
181.00,985.522,994.030,1011.481,1003.024
181.04,985.393,993.200,1011.494,1002.371
181.08,985.530,992.799,1011.669,1001.816
181.12,985.699,992.633,1011.733,1002.202
181.16,985.785,993.141,1011.767,1002.814
181.20,986.031,994.381,1011.938,1003.107
181.24,986.162,995.516,1012.147,1003.928
181.28,986.970,996.107,1012.538,1004.852
181.32,987.514,996.517,1013.595,1005.182
181.36,988.013,996.733,1013.443,1005.393
181.40,987.445,996.838,1013.061,1005.646
181.44,986.965,996.843,1012.793,1005.092
181.48,986.780,996.412,1012.383,1004.389
181.52,986.428,995.243,1012.528,1004.096
181.56,986.760,994.105,1012.444,1003.423
181.60,986.191,993.589,1012.413,1002.855
181.64,985.772,993.542,1011.550,1002.766
181.68,985.203,993.875,1011.177,1002.778
181.72,985.550,994.232,1011.851,1002.649
181.76,986.543,994.241,1012.213,1003.320
181.80,986.830,994.355,1012.822,1004.158
181.84,986.864,995.302,1012.570,1004.195
181.88,986.478,996.327,1012.229,1004.333
181.92,986.637,996.566,1012.649,1004.868
181.96,987.653,996.189,1012.992,1004.993
182.00,987.423,995.803,1013.628,1004.847
182.04,987.351,995.680,1012.509,1004.608
182.08,985.912,995.707,1011.982,1004.249
182.12,985.816,995.427,1011.759,1003.419
182.16,986.177,994.458,1011.655,1003.154
182.20,985.751,993.392,1012.371,1003.146
182.24,986.317,993.183,1011.610,1002.461
182.28,985.307,993.520,1011.995,1002.389
182.32,985.832,993.894,1011.362,1002.998
182.36,986.075,994.454,1012.225,1003.484
182.40,987.032,995.141,1013.138,1003.808
182.44,987.391,995.672,1012.432,1004.946
182.48,986.670,996.506,1013.150,1005.265
182.52,987.555,997.212,1012.583,1004.787
182.56,987.041,996.860,1013.096,1005.343
182.60,987.520,996.034,1013.336,1005.320
182.64,987.372,995.702,1012.679,1004.317
182.68,986.023,995.292,1012.446,1003.821
182.72,986.104,994.658,1011.329,1003.507
182.76,985.734,994.051,1012.452,1002.874
182.80,986.649,993.515,1012.346,1002.706
182.84,986.177,993.356,1011.948,1003.380
182.88,985.656,994.243,1011.958,1003.213
182.92,985.963,995.262,1011.280,1003.108
182.96,985.890,995.361,1012.576,1004.061
183.00,987.722,995.151,1013.130,1004.541
183.04,987.888,995.470,1013.737,1004.691
183.08,987.145,996.190,1013.003,1005.148
183.12,986.779,996.963,1011.682,1005.095
183.16,985.955,997.123,1012.746,1004.570
183.20,987.503,995.944,1012.460,1004.387
183.24,986.939,994.479,1013.503,1004.450
183.28,987.137,994.059,1012.626,1003.499
183.32,985.651,994.384,1011.404,1002.980
183.36,984.910,994.487,1011.398,1002.982
183.40,986.164,994.233,1011.523,1002.916
183.44,986.327,993.853,1013.109,1003.277
183.48,987.309,993.935,1012.558,1003.762
183.52,986.475,994.955,1012.469,1004.084
183.56,986.183,996.222,1012.167,1004.223
183.60,986.827,996.625,1011.989,1004.692
183.64,986.961,996.281,1013.825,1005.082
183.68,988.611,995.790,1013.188,1004.953
183.72,986.945,995.739,1013.435,1004.974
183.76,986.694,996.055,1011.946,1004.449
183.80,985.677,996.043,1011.659,1003.890
183.84,986.185,995.111,1012.478,1003.473
183.88,986.954,993.785,1012.147,1003.498
183.92,985.947,993.327,1012.706,1003.124
183.96,986.031,993.858,1011.198,1002.498
184.00,984.834,994.278,1011.287,1002.867
184.04,985.818,994.381,1011.722,1003.127
184.08,986.772,994.337,1012.467,1003.395
184.12,987.041,994.542,1013.474,1004.059
184.16,987.368,995.308,1012.206,1004.641
184.20,986.014,996.505,1012.513,1004.683
184.24,986.953,997.049,1012.254,1004.523
184.28,987.114,996.311,1013.069,1005.142
184.32,987.677,995.491,1013.422,1004.986
184.36,987.146,995.361,1012.417,1004.145
184.40,985.507,995.340,1011.883,1003.705
184.44,985.594,994.843,1011.074,1003.265
184.48,985.806,994.032,1012.294,1002.728
184.52,986.667,993.113,1012.461,1002.784
184.56,986.291,993.048,1012.052,1003.179
184.60,985.653,994.120,1011.858,1002.954
184.64,985.793,995.250,1011.409,1003.187
184.68,986.217,995.467,1012.597,1004.250
184.72,987.735,995.424,1013.128,1004.696
184.76,987.578,995.842,1013.405,1004.864
184.80,986.995,996.448,1012.474,1005.070
184.84,986.235,996.788,1011.818,1004.844
184.88,986.268,996.387,1012.622,1004.120
184.92,987.385,995.035,1012.723,1003.981
184.96,986.758,993.837,1012.995,1004.041
185.00,986.119,993.949,1011.746,1003.045
185.04,984.913,994.439,1010.868,1002.387
185.08,984.828,994.145,1011.273,1002.707
185.12,986.450,993.485,1012.127,1002.877
185.16,986.946,993.347,1013.459,1003.090
185.20,987.179,994.106,1012.352,1003.921
185.24,985.855,995.750,1012.060,1004.419
185.28,986.308,997.141,1011.961,1004.381
185.32,987.179,996.978,1012.776,1005.100
185.36,987.930,996.029,1014.169,1005.695
185.40,988.508,995.794,1013.347,1005.082
185.44,986.440,996.142,1012.662,1004.583
185.48,985.770,996.183,1011.067,1004.176
185.52,985.472,995.413,1011.839,1003.384
185.56,986.755,993.931,1012.884,1002.884
185.60,987.119,992.643,1012.539,1003.271
185.64,985.701,993.058,1012.118,1002.982
185.68,985.147,994.545,1010.449,1002.289
185.72,984.502,995.101,1011.282,1002.903
185.76,986.875,994.529,1012.414,1003.749
185.80,988.007,994.232,1014.124,1004.217
185.84,987.813,995.041,1013.410,1004.739
185.88,986.324,996.645,1011.490,1005.096
185.92,985.445,997.826,1011.777,1004.603
185.96,986.818,997.049,1012.251,1004.547
186.00,987.694,994.981,1013.911,1004.874
186.04,988.184,993.895,1013.734,1004.163
186.08,986.409,994.359,1012.004,1003.415
186.12,984.567,995.144,1010.803,1003.162
186.16,985.183,995.116,1010.924,1002.854
186.20,986.409,994.058,1012.892,1003.056
186.24,987.603,993.106,1013.154,1003.679
186.28,986.616,993.807,1012.407,1003.778
186.32,985.373,995.577,1011.396,1003.377
186.36,985.447,996.388,1011.043,1003.751
186.40,986.511,995.696,1012.880,1004.475
186.44,988.365,994.828,1013.765,1004.482
186.48,987.750,994.828,1013.603,1004.617
186.52,986.364,995.748,1011.797,1004.543
186.56,985.201,996.644,1011.111,1003.948
186.60,985.937,996.098,1012.287,1003.534
186.64,987.680,994.294,1013.226,1004.064
186.68,987.654,993.366,1013.781,1004.184
186.72,986.666,994.319,1011.914,1003.410
186.76,984.473,995.670,1010.681,1003.270
186.80,985.000,995.785,1011.113,1003.354
186.84,986.985,994.632,1012.979,1003.506
186.88,988.102,993.514,1014.109,1004.074
186.92,987.430,994.046,1012.707,1004.356
186.96,985.400,995.960,1011.477,1003.856
187.00,985.241,997.011,1010.794,1003.706
187.04,986.285,996.018,1012.530,1004.408
187.08,988.300,994.455,1014.158,1004.460
187.12,988.156,994.092,1013.540,1004.299
187.16,985.946,995.090,1011.955,1004.093
187.20,984.813,996.269,1010.243,1003.532
187.24,985.182,995.981,1011.662,1003.170
187.28,987.488,994.129,1013.487,1003.669
187.32,988.119,992.900,1013.588,1004.220
187.36,986.337,994.074,1012.403,1003.586
187.40,984.996,995.971,1010.429,1003.029
187.44,984.708,996.218,1011.284,1003.724
187.48,987.415,995.022,1012.927,1004.096
187.52,988.316,994.053,1014.409,1004.305
187.56,987.521,994.489,1013.077,1004.520
187.60,985.735,996.073,1010.967,1004.230
187.64,984.716,997.055,1011.371,1003.680
187.68,986.713,995.920,1011.861,1003.934
187.72,987.448,993.981,1014.198,1004.409
187.76,988.235,993.483,1013.461,1003.787
187.80,985.916,994.580,1011.695,1003.505
187.84,984.647,995.777,1010.933,1003.392
187.88,985.821,995.767,1011.335,1003.371
187.92,987.129,994.576,1013.825,1003.953
187.96,988.458,993.835,1013.530,1004.560
188.00,986.674,994.867,1012.722,1004.351
188.04,985.595,996.567,1011.296,1003.786
188.08,985.502,996.749,1011.370,1004.140
188.12,987.125,995.483,1013.315,1004.441
188.16,988.261,994.321,1013.678,1004.327
188.20,986.855,994.380,1012.845,1004.098
188.24,985.555,995.334,1011.137,1003.520
188.28,985.023,995.731,1011.044,1003.166
188.32,986.028,994.768,1012.205,1003.390
188.36,987.438,993.564,1012.980,1003.638
188.40,986.928,993.574,1013.210,1003.557
188.44,986.106,994.689,1011.303,1003.469
188.48,984.885,995.793,1011.479,1003.567
188.52,986.503,995.805,1012.248,1003.737
188.56,987.813,994.949,1013.623,1004.553
188.60,987.983,994.748,1013.971,1004.981
188.64,987.248,995.876,1012.214,1004.606
188.68,985.530,996.976,1012.266,1004.374
188.72,986.675,996.679,1011.766,1004.565
188.76,987.028,995.460,1013.320,1004.649
188.80,987.565,994.535,1013.365,1004.076
188.84,986.514,994.417,1011.731,1003.675
188.88,984.808,994.758,1011.733,1003.110
188.92,985.840,994.644,1010.917,1002.640
188.96,985.670,993.803,1012.542,1003.109
189.00,987.187,993.324,1012.641,1003.283
189.04,986.580,993.929,1012.308,1003.432
189.08,985.693,995.167,1012.053,1003.702
189.12,986.258,996.041,1011.421,1004.039
189.16,986.447,996.127,1013.211,1004.478
189.20,988.228,995.645,1013.036,1004.869
189.24,987.118,995.538,1013.402,1005.071
189.28,986.826,996.109,1012.223,1004.413
189.32,985.980,996.229,1011.785,1004.026
189.36,986.159,995.375,1012.663,1003.998
189.40,987.366,994.277,1012.286,1003.767
189.44,986.229,993.903,1013.124,1003.413
189.48,986.482,994.186,1011.510,1003.083
189.52,985.157,994.626,1011.610,1003.289
189.56,986.094,994.796,1012.173,1003.243
189.60,987.036,994.635,1012.418,1003.750
189.64,986.771,994.715,1013.414,1004.405
189.68,987.332,995.488,1012.204,1004.335
189.72,986.213,996.334,1012.614,1004.417
189.76,986.701,996.449,1012.099,1004.736
189.80,986.780,995.986,1012.394,1004.689
189.84,986.790,995.370,1013.190,1004.025
189.88,986.992,994.694,1011.935,1003.853
189.92,985.556,994.379,1012.205,1003.569
189.96,985.957,994.362,1011.319,1002.691
190.00,985.287,994.042,1011.684,1002.754
190.04,986.172,993.513,1012.191,1002.983
190.08,986.608,993.630,1012.173,1003.114
190.12,986.028,994.337,1012.623,1003.376
190.16,986.667,995.224,1011.826,1003.900
190.20,986.272,995.948,1012.616,1004.530
190.24,987.222,996.283,1012.621,1004.737
190.28,987.244,996.286,1013.049,1004.927
190.32,987.252,996.096,1013.235,1004.951
190.36,987.161,995.931,1012.339,1004.669
190.40,985.985,995.721,1012.485,1004.171
190.44,986.468,995.218,1011.795,1003.587
190.48,986.110,994.310,1012.384,1003.397
190.52,986.391,993.689,1012.250,1003.144
190.56,986.020,993.694,1011.705,1002.902
190.60,985.506,994.090,1011.864,1002.839
190.64,985.957,994.384,1011.575,1003.177
190.68,986.328,994.613,1012.571,1003.572
190.72,987.055,994.919,1012.705,1004.040
190.76,986.937,995.469,1012.741,1004.516
190.80,986.983,996.214,1012.771,1004.687
190.84,986.961,996.586,1012.527,1004.916
190.88,986.876,996.465,1012.872,1005.014
190.92,987.285,996.010,1012.766,1004.601
190.96,986.811,995.431,1012.753,1004.302
191.00,986.409,994.951,1012.176,1003.910
191.04,985.918,994.626,1011.873,1003.239
191.08,985.891,994.190,1012.032,1002.898
191.12,986.142,993.662,1011.972,1003.050
191.16,986.093,993.680,1012.211,1003.090
191.20,986.258,994.226,1012.006,1003.087
191.24,985.939,994.829,1011.866,1003.686
191.28,986.264,995.352,1012.171,1004.009
191.32,986.924,995.654,1012.709,1004.125
191.36,987.215,995.609,1013.149,1004.666
191.40,987.263,995.748,1012.769,1004.929
191.44,986.686,996.168,1012.536,1004.478
191.48,986.491,996.184,1012.118,1004.244
191.52,986.265,995.489,1012.090,1004.277
191.56,986.565,994.688,1012.581,1003.638
191.60,986.532,994.077,1012.359,1003.166
191.64,985.846,993.795,1011.842,1003.227
191.68,985.737,994.018,1011.624,1002.854
191.72,985.812,994.286,1012.044,1002.796
191.76,986.552,994.282,1012.337,1003.566
191.80,986.881,994.601,1012.640,1004.118
191.84,986.770,995.535,1012.730,1004.190
191.88,986.751,996.286,1012.344,1004.540
191.92,986.808,996.452,1012.878,1005.042
191.96,987.724,996.296,1013.269,1004.947
192.00,987.564,996.005,1013.314,1004.958
192.04,986.955,995.861,1012.595,1004.894
192.08,986.321,995.899,1011.951,1004.105
192.12,985.948,995.428,1012.141,1003.515
192.16,986.432,994.284,1012.148,1003.492
192.20,986.353,993.518,1012.261,1003.232
192.24,985.794,993.641,1011.975,1002.692
192.28,985.705,994.015,1011.506,1002.680
192.32,985.587,994.215,1011.775,1003.264
192.36,986.521,994.531,1012.298,1003.475
192.40,986.863,994.943,1012.812,1003.882
192.44,986.916,995.433,1012.709,1004.629
192.48,986.991,996.168,1012.663,1004.730
192.52,987.055,996.640,1013.062,1004.708
192.56,987.431,996.428,1012.968,1005.217
192.60,987.316,996.120,1013.147,1005.163
192.64,987.163,996.020,1012.842,1004.446
192.68,986.352,995.660,1012.194,1004.213
192.72,986.200,995.025,1012.126,1003.795
192.76,986.403,994.368,1012.346,1003.180
192.80,986.356,993.812,1012.223,1003.130
192.84,985.923,993.700,1011.852,1003.193
192.88,985.733,994.253,1011.718,1002.849
192.92,985.865,994.571,1011.799,1003.084
192.96,986.260,994.611,1012.162,1003.828
193.00,986.832,994.861,1012.650,1003.961
193.04,986.945,995.370,1012.685,1004.045
193.08,986.624,995.748,1012.431,1004.593
193.12,986.789,996.052,1012.400,1004.609
193.16,986.998,996.105,1012.879,1004.356
193.20,987.036,995.653,1012.763,1004.641
193.24,986.728,995.298,1012.344,1004.476
193.28,986.207,995.320,1012.153,1003.582
193.32,985.930,994.893,1011.825,1003.344
193.36,985.855,994.108,1011.833,1003.413
193.40,986.257,993.749,1012.455,1002.812
193.44,986.575,993.718,1012.349,1002.886
193.48,986.019,994.013,1012.016,1003.727
193.52,986.245,995.006,1012.061,1003.644
193.56,986.485,995.830,1012.448,1003.811
193.60,987.002,995.811,1012.584,1004.904
193.64,987.295,995.895,1013.132,1005.071
193.68,987.434,996.304,1013.044,1004.495
193.72,986.710,996.216,1012.436,1004.816
193.76,986.356,995.857,1012.243,1004.673
193.80,986.759,995.449,1012.581,1003.603
193.84,986.733,994.562,1012.747,1003.628
193.88,986.441,993.873,1012.022,1003.929
193.92,985.731,994.282,1011.963,1002.928
193.96,985.804,994.635,1011.726,1002.602
194.00,986.069,994.221,1012.042,1003.719
194.04,986.835,994.225,1012.837,1003.823
194.08,987.061,995.009,1012.744,1003.592
194.12,986.349,995.601,1012.236,1004.486
194.16,986.425,996.131,1012.096,1004.781
194.20,986.841,996.404,1012.704,1004.230
194.24,986.998,995.789,1012.901,1004.562
194.28,987.158,995.118,1012.645,1004.702
194.32,986.605,995.151,1012.578,1003.802
194.36,986.059,995.144,1011.929,1003.393
194.40,985.875,994.622,1011.583,1003.667
194.44,986.062,994.244,1012.466,1003.261
194.48,986.758,994.066,1012.358,1002.963
194.52,986.117,994.028,1012.159,1003.666
194.56,986.076,994.633,1011.929,1003.598
194.60,986.308,995.422,1012.167,1003.368
194.64,986.572,995.431,1012.769,1004.271
194.68,987.557,995.259,1012.816,1004.841
194.72,987.112,995.843,1013.384,1004.545
194.76,987.205,996.328,1012.453,1004.587
194.80,986.509,996.296,1012.419,1005.045
194.84,986.982,996.079,1012.850,1004.488
194.88,987.101,995.576,1012.672,1004.146
194.92,986.513,994.855,1012.594,1004.238
194.96,986.352,994.624,1011.909,1003.589
195.00,985.640,994.587,1011.822,1002.930
195.04,985.779,994.179,1011.657,1003.046
195.08,986.038,993.731,1012.174,1003.155
195.12,986.599,993.871,1012.553,1003.009
195.16,986.389,994.318,1012.225,1003.540
195.20,986.309,995.096,1012.257,1004.080
195.24,986.698,995.934,1012.378,1004.197
195.28,986.879,996.214,1012.777,1004.696
195.32,987.358,996.110,1013.030,1005.078
195.36,987.359,996.095,1013.037,1004.872
195.40,986.842,996.093,1012.777,1004.569
195.44,986.685,995.784,1012.159,1004.334
195.48,986.189,995.243,1012.447,1003.941
195.52,986.630,994.650,1012.176,1003.428
195.56,986.115,994.086,1012.341,1003.337
195.60,986.001,993.910,1011.802,1003.137
195.64,985.832,994.154,1011.691,1002.833
195.68,985.816,994.265,1012.092,1003.121
195.72,986.325,994.362,1011.769,1003.637
195.76,986.441,994.800,1012.817,1003.661
195.80,987.041,995.263,1012.664,1004.004
195.84,986.836,995.606,1012.562,1004.782
195.88,987.060,996.182,1013.043,1004.698
195.92,987.315,996.464,1012.693,1004.749
195.96,986.764,996.243,1012.806,1005.146
196.00,987.060,995.994,1012.494,1004.556
196.04,986.714,995.598,1012.699,1003.930
196.08,986.467,994.810,1012.305,1003.999
196.12,986.330,994.340,1011.953,1003.557
196.16,985.938,994.278,1012.342,1002.859
196.20,986.017,994.050,1011.496,1003.108
196.24,985.572,994.026,1011.914,1003.334
196.28,986.290,994.374,1012.012,1002.854
196.32,986.049,994.529,1011.952,1003.467
196.36,986.145,994.660,1012.250,1003.954
196.40,986.913,995.182,1012.581,1003.670
196.44,986.868,995.449,1013.027,1004.219
196.48,987.200,995.616,1012.468,1004.969
196.52,986.688,996.185,1012.879,1004.614
196.56,986.918,996.432,1012.325,1004.298
196.60,986.499,995.842,1012.417,1004.755
196.64,986.919,995.214,1012.917,1004.193
196.68,987.004,994.835,1012.377,1003.555
196.72,985.744,994.448,1012.224,1003.727
196.76,986.089,994.436,1011.436,1003.206
196.80,985.580,994.443,1012.124,1002.807
196.84,986.391,994.060,1011.998,1003.236
196.88,986.411,993.960,1012.431,1003.669
196.92,986.628,994.637,1012.727,1003.447
196.96,986.498,995.332,1011.822,1004.023
197.00,986.158,995.834,1012.482,1004.522
197.04,987.216,996.084,1012.635,1004.349
197.08,987.062,995.843,1013.056,1004.714
197.12,987.133,995.625,1012.770,1004.824
197.16,986.695,995.719,1012.223,1004.234
197.20,985.920,995.605,1012.032,1003.770
197.24,986.141,994.879,1011.779,1003.623
197.28,986.320,994.081,1012.474,1003.256
197.32,986.349,993.640,1012.117,1003.016
197.36,985.649,993.779,1011.601,1002.975
197.40,985.427,994.219,1011.552,1002.771
197.44,986.066,994.456,1011.883,1003.074
197.48,986.623,994.390,1012.758,1003.809
197.52,987.180,994.807,1012.654,1004.224
197.56,986.549,995.770,1012.513,1004.359
197.60,986.509,996.483,1012.196,1004.511
197.64,986.970,996.400,1012.677,1004.790
197.68,987.337,995.877,1013.283,1004.888
197.72,987.289,995.509,1012.862,1004.623
197.76,986.701,995.448,1012.683,1004.068
197.80,986.375,995.247,1012.056,1003.899
197.84,986.113,994.884,1011.866,1003.751
197.88,986.067,994.542,1012.386,1003.292
197.92,986.605,994.159,1012.267,1003.176
197.96,986.301,993.985,1012.268,1003.541
198.00,986.080,994.477,1011.939,1003.511
198.04,986.140,995.139,1011.948,1003.324
198.08,986.283,995.222,1012.422,1003.966
198.12,987.069,995.114,1012.534,1004.422
198.16,986.978,995.428,1013.157,1004.232
198.20,987.024,995.765,1012.450,1004.366
198.24,986.320,995.860,1012.120,1004.656
198.28,986.421,995.846,1012.252,1004.077
198.32,986.649,995.362,1012.455,1003.738
198.36,986.722,994.482,1012.750,1003.975
198.40,986.739,994.211,1012.203,1003.697
198.44,985.763,994.620,1012.017,1003.168
198.48,985.612,994.811,1011.215,1003.209
198.52,985.667,994.562,1011.741,1003.382
198.56,986.522,994.236,1012.616,1003.199
198.60,986.918,994.119,1012.558,1003.560
198.64,986.485,994.545,1012.566,1003.994
198.68,986.368,995.488,1011.952,1003.926
198.72,986.148,996.086,1012.106,1004.124
198.76,986.748,995.888,1012.743,1004.529
198.80,987.562,995.469,1012.895,1004.626
198.84,986.936,995.359,1013.146,1004.441
198.88,986.831,995.515,1012.168,1004.139
198.92,985.891,995.530,1012.071,1004.021
198.96,986.203,995.173,1012.095,1003.661
199.00,986.628,994.557,1012.373,1003.476
199.04,986.572,994.045,1012.843,1003.591
199.08,986.715,994.221,1012.221,1003.505
199.12,986.105,994.870,1012.224,1003.516
199.16,986.025,995.343,1011.945,1003.903
199.20,986.589,995.511,1012.329,1004.102
199.24,987.242,995.431,1013.446,1004.259
199.28,987.599,995.326,1012.821,1004.808
199.32,986.588,995.826,1012.710,1004.766
199.36,986.594,996.405,1012.160,1004.116
199.40,986.410,995.983,1012.145,1004.335
199.44,986.663,995.092,1012.894,1004.371
199.48,987.271,994.565,1012.522,1003.586
199.52,985.845,994.425,1012.143,1003.485
199.56,985.450,994.470,1010.975,1003.241
199.60,985.295,994.479,1011.559,1002.588
199.64,986.202,993.881,1012.221,1002.775
199.68,986.718,993.333,1012.396,1003.544
199.72,986.497,994.032,1012.755,1003.447
199.76,986.436,995.334,1011.858,1003.564
199.80,985.976,996.044,1012.062,1004.529
199.84,986.895,996.273,1012.657,1004.785
199.88,987.677,996.163,1013.383,1004.622
199.92,987.536,995.785,1013.348,1005.081
199.96,986.983,995.777,1012.310,1004.929
200.00,986.113,996.129,1012.361,1003.912
200.04,986.430,995.575,1012.047,1003.682
200.08,986.467,994.371,1012.551,1004.078
200.12,986.880,993.934,1012.696,1003.310
200.16,986.088,994.190,1011.795,1002.963
200.20,985.051,994.424,1011.235,1003.287
200.24,985.621,994.586,1011.342,1002.946
200.28,986.198,994.349,1012.679,1002.977
200.32,987.183,993.916,1012.524,1003.887
200.36,986.478,994.417,1012.354,1004.138
200.40,985.949,995.782,1012.064,1003.552
200.44,986.417,996.191,1011.824,1004.003
200.48,986.753,995.564,1013.355,1004.940
200.52,988.380,995.357,1013.387,1004.613
200.56,987.016,995.668,1013.172,1004.608
200.60,986.281,996.093,1011.717,1004.680
200.64,985.786,996.230,1011.618,1003.980
200.68,986.270,995.407,1012.453,1003.488
200.72,986.983,993.890,1012.397,1003.752
200.76,986.295,993.342,1012.691,1003.364
200.80,985.883,993.933,1011.195,1002.467
200.84,984.513,994.369,1010.917,1002.734
200.88,985.453,994.247,1011.262,1002.926
200.92,986.351,993.911,1012.313,1002.952
200.96,986.760,993.824,1012.799,1003.471
201.00,986.506,994.421,1012.054,1003.935
201.04,985.993,995.635,1012.014,1003.788
201.08,986.262,996.231,1011.976,1004.096
201.12,986.942,995.840,1012.793,1004.739
201.16,987.579,995.446,1013.514,1004.680
201.20,987.608,995.501,1012.958,1004.457
201.24,986.359,995.735,1012.399,1004.565
201.28,986.183,995.910,1011.795,1004.121
201.32,986.359,995.571,1012.449,1003.653
201.36,986.880,994.574,1012.792,1003.900
201.40,986.874,994.021,1012.475,1003.861
201.44,986.147,994.473,1012.248,1003.186
201.48,985.640,994.892,1011.271,1003.265
201.52,985.498,994.882,1011.631,1003.598
201.56,986.562,994.630,1012.537,1003.320
201.60,987.090,994.341,1012.867,1003.653
201.64,986.877,994.483,1012.708,1004.251
201.68,986.533,995.488,1012.283,1004.053
201.72,986.271,996.270,1012.051,1004.086
201.76,986.433,996.087,1012.276,1004.675
201.80,987.277,995.590,1013.094,1004.530
201.84,987.408,995.249,1013.177,1004.242
201.88,986.508,995.104,1012.154,1004.294
201.92,985.771,995.278,1011.682,1003.714
201.96,985.782,995.175,1011.799,1003.080
202.00,986.175,994.239,1011.993,1003.353
202.04,986.499,993.547,1012.724,1003.343
202.08,986.705,993.787,1012.424,1002.971
202.12,985.890,994.478,1011.889,1003.427
202.16,985.789,995.228,1011.621,1003.873
202.20,986.396,995.696,1012.308,1003.797
202.24,987.174,995.525,1013.341,1004.298
202.28,987.925,995.264,1013.185,1005.021
202.32,987.003,995.840,1012.867,1004.889
202.36,986.588,996.664,1012.277,1004.298
202.40,986.345,996.420,1012.207,1004.543
202.44,987.033,995.449,1012.949,1004.574
202.48,987.354,994.759,1013.085,1003.973
202.52,986.562,994.547,1012.320,1003.686
202.56,985.657,994.672,1011.565,1003.494
202.60,985.713,994.797,1011.916,1003.014
202.64,986.589,994.349,1012.394,1003.244
202.68,986.797,993.971,1012.636,1003.982
202.72,986.629,994.587,1012.541,1003.789
202.76,986.225,995.653,1011.934,1003.650
202.80,985.907,995.893,1011.783,1004.349
202.84,986.687,995.669,1012.518,1004.368
202.88,987.446,995.304,1013.461,1004.004
202.92,987.512,994.915,1013.070,1004.544
202.96,986.458,995.220,1012.113,1004.602
203.00,985.719,996.037,1011.592,1003.571
203.04,985.721,995.731,1011.840,1003.436
203.08,986.825,994.329,1012.685,1003.994
203.12,987.266,993.664,1013.167,1003.699
203.16,986.665,994.179,1012.274,1003.210
203.20,985.277,994.988,1011.336,1003.559
203.24,985.647,995.437,1011.473,1003.572
203.28,986.626,995.179,1012.755,1003.619
203.32,987.527,994.528,1013.356,1004.330
203.36,987.337,994.733,1012.902,1004.598
203.40,986.192,995.901,1012.074,1004.112
203.44,985.723,996.480,1011.340,1003.989
203.48,986.037,995.811,1012.235,1004.213
203.52,987.485,994.666,1013.311,1003.940
203.56,987.556,994.013,1013.449,1003.868
203.60,986.504,994.392,1012.247,1003.971
203.64,985.357,995.473,1011.052,1003.529
203.68,985.343,995.843,1011.499,1003.245
203.72,986.612,994.832,1012.620,1003.782
203.76,987.639,993.891,1013.375,1004.182
203.80,987.223,994.295,1013.078,1003.864
203.84,985.867,995.518,1011.445,1003.834
203.88,985.101,996.185,1011.136,1003.941
203.92,986.560,995.798,1012.647,1003.718
203.96,987.964,994.590,1013.716,1004.314
204.00,987.716,994.171,1013.486,1004.751
204.04,986.549,995.458,1011.892,1004.024
204.08,984.984,996.591,1011.296,1003.634
204.12,985.996,996.018,1011.579,1004.010
204.16,987.171,994.563,1013.476,1004.127
204.20,988.109,993.805,1013.769,1003.810
204.24,986.654,994.294,1012.202,1004.003
204.28,984.910,995.563,1010.874,1003.669
204.32,985.029,996.126,1010.847,1003.051
204.36,986.260,994.924,1012.589,1003.494
204.40,987.836,993.378,1013.549,1004.115
204.44,987.386,993.613,1013.261,1003.725
204.48,985.811,995.177,1011.542,1003.471
204.52,985.052,996.239,1011.040,1003.836
204.56,986.390,996.015,1012.496,1004.104
204.60,988.197,995.053,1013.869,1004.464
204.64,988.048,994.643,1013.846,1005.021
204.68,986.798,995.679,1012.224,1004.608
204.72,985.495,996.891,1011.476,1003.926
204.76,985.915,996.431,1011.969,1004.154
204.80,987.425,994.851,1013.001,1004.379
204.84,987.601,993.934,1013.888,1003.899
204.88,986.995,994.192,1012.261,1003.550
204.92,985.038,995.055,1011.161,1003.612
204.96,985.192,995.566,1011.097,1003.163
205.00,986.334,994.916,1012.428,1003.229
205.04,987.559,993.759,1013.499,1004.035
205.08,987.526,993.906,1013.056,1004.232
205.12,985.950,995.487,1011.963,1003.744
205.16,985.418,996.586,1010.975,1003.885
205.20,986.080,996.167,1012.458,1004.366
205.24,988.155,995.026,1013.732,1004.396
205.28,987.966,994.467,1013.775,1004.654
205.32,986.829,995.186,1012.435,1004.437
205.36,985.486,996.344,1011.234,1003.853
205.40,985.608,996.236,1011.770,1003.751
205.44,987.120,994.866,1012.837,1004.099
205.48,987.556,993.821,1013.552,1004.050
205.52,986.807,994.137,1012.384,1003.595
205.56,985.129,995.150,1010.937,1003.348
205.60,984.943,995.538,1011.215,1003.153
205.64,986.591,994.750,1012.477,1003.342
205.68,987.627,993.737,1013.761,1004.010
205.72,987.561,994.031,1012.907,1004.229
205.76,985.891,995.648,1011.880,1003.939
205.80,985.541,996.803,1011.235,1003.942
205.84,986.399,996.301,1012.535,1004.479
205.88,988.351,995.099,1014.265,1004.681
205.92,988.510,994.680,1013.829,1004.887
205.96,986.458,995.612,1012.322,1004.745
206.00,985.242,996.836,1010.859,1003.864
206.04,985.490,996.407,1011.627,1003.600
206.08,987.026,994.418,1012.931,1003.965
206.12,987.503,993.063,1013.227,1003.691
206.16,986.322,993.507,1012.311,1002.808
206.20,984.804,994.563,1010.373,1002.797
206.24,984.267,994.962,1010.627,1002.934
206.28,986.252,994.464,1012.299,1002.749
206.32,987.531,993.485,1013.549,1003.607
206.36,987.521,993.658,1013.097,1004.418
206.40,986.215,995.617,1011.969,1004.004
206.44,985.416,997.213,1011.289,1004.019
206.48,986.399,996.827,1012.234,1004.839
206.52,988.079,995.542,1013.956,1004.998
206.56,988.397,994.892,1013.868,1004.685
206.60,986.561,995.274,1012.252,1004.512
206.64,985.179,996.006,1010.917,1003.716
206.68,985.223,995.761,1011.418,1003.020
206.72,986.540,994.060,1012.428,1003.291
206.76,987.159,992.737,1013.124,1003.386
206.80,986.410,993.160,1012.050,1002.848
206.84,984.858,994.479,1010.883,1002.696
206.88,984.914,995.185,1011.084,1003.091
206.92,986.717,994.918,1012.720,1003.619
206.96,988.161,994.475,1014.118,1004.439
207.00,988.025,995.078,1013.272,1005.195
207.04,986.447,996.836,1012.369,1004.975
207.08,986.072,997.954,1011.631,1004.706
207.12,986.569,997.104,1012.409,1005.080
207.16,987.733,995.371,1013.715,1004.830
207.20,987.890,994.245,1013.231,1003.973
207.24,985.709,994.184,1011.774,1003.488
207.28,984.622,994.555,1010.190,1002.607
207.32,984.392,994.209,1011.041,1001.906
207.36,986.247,992.887,1012.174,1002.263
207.40,986.966,992.000,1013.022,1003.049
207.44,986.694,993.206,1012.606,1003.053
207.48,985.548,995.386,1011.007,1003.440
207.52,985.101,996.787,1011.340,1004.346
207.56,987.212,996.757,1013.001,1004.708
207.60,988.828,995.889,1014.640,1005.362
207.64,988.483,995.597,1013.970,1005.972
207.68,986.925,996.737,1012.153,1005.108
207.72,985.294,997.539,1011.445,1004.091
207.76,985.859,996.219,1011.470,1004.108
207.80,987.021,993.969,1013.406,1003.733
207.84,987.834,992.653,1013.423,1002.904
207.88,985.788,992.858,1011.362,1002.913
207.92,983.691,994.234,1010.022,1002.406
207.96,984.405,994.956,1010.296,1001.689
208.00,986.100,993.758,1012.760,1002.860
208.04,988.298,992.652,1013.762,1004.188
208.08,987.747,994.017,1013.586,1004.101
208.12,986.091,996.638,1011.840,1004.290
208.16,985.631,998.114,1011.188,1005.300
208.20,987.162,997.764,1013.433,1005.476
208.24,989.271,996.369,1014.524,1005.531
208.28,988.401,995.370,1014.157,1005.824
208.32,986.666,995.897,1012.032,1004.656
208.36,984.771,996.497,1010.634,1003.189
208.40,984.913,995.217,1011.273,1002.956
208.44,986.854,992.822,1012.588,1002.882
208.48,986.950,991.660,1013.212,1002.485
208.52,985.760,992.510,1011.259,1002.250
208.56,983.874,994.228,1010.088,1002.341
208.60,984.576,995.174,1010.794,1002.579
208.64,986.851,994.665,1012.785,1003.512
208.68,988.363,994.054,1014.354,1004.768
208.72,988.282,995.137,1013.638,1005.115
208.76,986.509,997.339,1012.217,1005.075
208.80,985.812,998.488,1011.382,1005.300
208.84,986.769,997.627,1012.694,1005.281
208.88,988.420,995.633,1014.209,1004.857
208.92,988.045,994.134,1013.563,1004.589
208.96,986.053,994.245,1011.828,1003.554
209.00,984.597,994.968,1010.668,1002.329
209.04,984.904,994.419,1011.114,1002.384
209.08,986.476,992.992,1012.506,1003.015
209.12,987.225,992.631,1013.261,1003.042
209.16,986.517,993.832,1012.186,1003.231
209.20,985.202,995.546,1011.035,1003.860
209.24,985.569,996.649,1011.650,1004.059
209.28,987.571,996.336,1013.413,1004.490
209.32,988.639,995.322,1014.269,1005.595
209.36,987.948,995.598,1013.302,1005.525
209.40,986.144,996.999,1011.806,1004.347
209.44,985.173,997.118,1011.113,1004.055
209.48,986.382,995.421,1012.274,1004.060
209.52,987.648,993.522,1013.701,1003.460
209.56,987.056,992.805,1012.618,1003.156
209.60,984.917,993.636,1010.950,1002.803
209.64,984.396,994.772,1010.545,1002.111
209.68,985.661,994.574,1011.886,1002.703
209.72,987.480,993.556,1013.373,1004.044
209.76,987.967,994.036,1013.620,1004.345
209.80,986.864,995.947,1012.533,1004.327
209.84,985.662,997.430,1011.319,1004.994
209.88,986.166,997.566,1011.834,1005.082
209.92,987.599,996.392,1013.704,1004.594
209.96,988.414,994.720,1014.042,1004.803
210.00,987.328,994.269,1012.846,1004.565
210.04,985.488,995.255,1011.491,1003.233
210.08,984.802,995.579,1010.658,1002.798
210.12,985.626,994.384,1012.010,1003.287
210.16,987.427,993.142,1013.148,1003.258
210.20,987.214,993.165,1013.096,1003.267
210.24,985.847,994.425,1011.704,1003.621
210.28,985.278,995.992,1010.993,1003.686
210.32,986.049,996.371,1012.639,1003.887
210.36,988.297,995.489,1013.474,1004.949
210.40,988.125,995.061,1014.043,1005.531
210.44,987.099,996.164,1012.656,1004.715
210.48,985.758,997.142,1011.181,1004.210
210.52,985.385,996.421,1011.896,1004.348
210.56,987.313,994.788,1012.645,1003.764
210.60,987.211,993.404,1013.625,1003.336
210.64,986.566,993.174,1011.925,1003.279
210.68,984.639,994.174,1010.602,1002.764
210.72,984.324,994.958,1010.688,1002.171
210.76,985.796,994.209,1011.581,1002.807
210.80,987.038,993.159,1013.502,1003.657
210.84,987.714,993.595,1013.100,1003.643
210.88,986.095,995.258,1012.115,1003.941
210.92,985.735,996.715,1011.360,1004.408
210.96,986.490,996.996,1012.432,1004.753
211.00,987.917,996.182,1013.840,1005.010
211.04,988.316,995.350,1013.627,1005.299
211.08,986.899,995.654,1012.794,1004.728
211.12,985.802,996.206,1011.380,1003.790
211.16,985.448,995.710,1011.522,1003.537
211.20,986.339,994.252,1012.363,1003.467
211.24,986.980,993.155,1012.810,1003.033
211.28,986.360,993.119,1012.486,1002.844
211.32,985.459,993.975,1011.020,1003.022
211.36,984.840,994.986,1011.001,1003.025
211.40,986.086,995.156,1012.229,1003.156
211.44,987.606,994.548,1013.288,1004.243
211.48,987.699,994.643,1013.482,1004.929
211.52,986.862,996.084,1012.348,1004.495
211.56,985.893,997.199,1011.916,1004.416
211.60,986.665,996.748,1012.448,1004.904
211.64,987.877,995.553,1013.716,1004.895
211.68,988.035,994.916,1013.938,1004.480
211.72,986.904,995.059,1012.091,1004.321
211.76,985.050,995.653,1011.179,1003.802
211.80,985.336,995.631,1011.342,1002.898
211.84,986.424,994.182,1012.331,1003.167
211.88,986.937,992.833,1013.003,1003.602
211.92,986.593,993.299,1012.127,1002.914
211.96,985.102,994.635,1011.282,1002.702
212.00,985.194,995.221,1010.950,1003.451
212.04,986.274,995.078,1012.457,1003.823
212.08,987.878,994.782,1013.825,1003.987
212.12,987.990,994.869,1013.490,1004.925
212.16,986.884,996.070,1012.647,1005.197
212.20,986.417,997.491,1012.060,1004.547
212.24,986.577,997.314,1012.489,1004.909
212.28,987.683,995.893,1013.350,1005.341
212.32,987.840,995.021,1013.555,1004.529
212.36,986.686,994.956,1012.474,1003.739
212.40,985.357,994.940,1011.181,1003.538
212.44,985.167,994.666,1011.288,1002.894
212.48,986.137,993.856,1012.240,1002.472
212.52,986.766,992.944,1012.658,1003.151
212.56,986.447,993.231,1012.406,1003.441
212.60,985.944,994.816,1011.728,1003.050
212.64,985.512,995.889,1011.428,1003.741
212.68,986.422,995.883,1012.235,1004.606
212.72,987.751,995.648,1013.674,1004.542
212.76,988.044,995.535,1013.660,1004.861
212.80,987.094,995.885,1012.497,1005.231
212.84,985.903,996.699,1011.827,1004.463
212.88,985.957,996.549,1011.577,1003.727
212.92,986.568,994.910,1012.853,1003.943
212.96,987.557,993.409,1013.209,1003.781
213.00,986.649,993.488,1012.306,1003.085
213.04,984.893,994.401,1011.045,1002.840
213.08,984.814,994.909,1010.626,1002.860
213.12,985.941,994.541,1012.329,1002.970
213.16,987.573,993.771,1013.365,1003.690
213.20,987.606,994.001,1013.200,1004.369
213.24,986.318,995.661,1012.277,1004.296
213.28,985.834,997.143,1011.240,1004.257
213.32,986.313,996.952,1012.592,1004.784
213.36,988.156,995.724,1013.725,1005.048
213.40,988.234,994.957,1013.793,1004.873
213.44,986.652,995.359,1012.375,1004.390
213.48,985.221,995.942,1010.934,1003.621
213.52,985.318,995.512,1011.697,1003.089
213.56,986.821,993.958,1012.420,1003.302
213.60,986.753,992.865,1012.892,1003.450
213.64,986.229,993.434,1011.808,1002.700
213.68,984.749,994.548,1010.796,1002.636
213.72,984.897,994.923,1011.067,1003.134
213.76,986.659,994.559,1012.575,1003.355
213.80,987.793,994.168,1013.796,1004.005
213.84,987.625,994.683,1012.860,1004.823
213.88,986.016,996.367,1012.063,1004.645
213.92,986.052,997.535,1011.544,1004.199
213.96,986.487,996.667,1012.491,1004.920
214.00,987.820,995.157,1013.556,1004.875
214.04,987.705,994.484,1013.292,1003.962
214.08,986.043,994.650,1012.134,1003.575
214.12,985.272,994.897,1010.799,1003.309
214.16,985.216,994.760,1011.755,1002.797
214.20,986.824,993.877,1012.522,1002.934
214.24,987.023,993.232,1013.061,1003.811
214.28,986.642,994.131,1012.432,1003.676
214.32,985.878,995.740,1011.448,1003.481
214.36,985.425,996.347,1011.808,1004.301
214.40,987.212,995.886,1012.423,1004.588
214.44,987.574,995.341,1014.106,1004.517
214.48,988.136,995.129,1013.280,1004.673
214.52,986.424,995.631,1012.167,1004.829
214.56,985.611,996.405,1011.567,1003.912
214.60,986.077,996.004,1011.893,1003.529
214.64,986.877,994.402,1013.088,1004.074
214.68,987.479,993.514,1012.935,1003.873
214.72,986.178,994.149,1012.304,1003.042
214.76,985.199,994.951,1010.942,1003.116
214.80,985.197,995.045,1011.347,1003.453
214.84,986.763,994.691,1012.752,1003.332
214.88,987.692,994.136,1013.512,1003.947
214.92,987.297,994.510,1013.101,1004.674
214.96,986.430,996.074,1011.659,1004.346
215.00,985.310,997.153,1011.475,1004.129
215.04,986.394,996.461,1012.156,1004.444
215.08,987.711,994.878,1013.589,1004.501
215.12,987.709,994.093,1013.492,1004.057
215.16,986.261,994.477,1011.635,1003.647
215.20,984.567,995.237,1011.088,1003.097
215.24,985.597,995.072,1011.135,1002.771
215.28,986.462,993.851,1012.869,1003.381
215.32,987.515,993.158,1013.409,1003.698
215.36,986.996,994.128,1012.336,1003.582
215.40,985.189,995.715,1011.464,1003.807
215.44,985.668,996.532,1011.070,1004.019
215.48,986.765,996.001,1013.257,1004.244
215.52,988.537,994.876,1014.092,1004.855
215.56,987.977,994.810,1013.260,1005.112
215.60,985.967,996.154,1011.964,1004.316
215.64,985.342,996.916,1010.872,1003.656
215.68,985.860,995.757,1012.232,1003.987
215.72,987.837,993.945,1013.540,1003.933
215.76,987.593,993.280,1013.223,1003.580
215.80,985.518,994.160,1011.340,1003.336
215.84,984.277,995.353,1010.050,1002.763
215.88,985.083,995.201,1011.530,1002.591
215.92,987.239,993.665,1013.068,1003.551
215.96,987.878,993.043,1013.769,1004.134
216.00,986.944,994.533,1012.611,1003.749
216.04,985.328,996.462,1011.023,1003.989
216.08,985.447,997.116,1011.663,1004.548
216.12,987.761,996.260,1013.507,1004.622
216.16,988.933,995.023,1014.728,1005.148
216.20,987.993,995.034,1013.380,1005.400
216.24,985.859,996.505,1011.331,1004.348
216.28,984.719,997.170,1010.940,1003.438
216.32,985.971,995.440,1011.768,1003.745
216.36,987.357,993.162,1013.450,1003.632
216.40,987.387,992.468,1013.231,1002.765
216.44,985.496,993.393,1011.183,1002.669
216.48,984.017,994.737,1010.313,1002.782
216.52,985.472,995.229,1011.400,1002.632
216.56,987.265,994.394,1013.606,1003.801
216.60,988.502,993.973,1013.683,1005.031
216.64,987.058,995.612,1012.853,1004.743
216.68,985.662,997.603,1011.525,1004.321
216.72,986.099,997.602,1011.658,1004.965
216.76,987.597,996.071,1014.152,1005.164
216.80,989.235,994.773,1014.236,1004.719
216.84,987.216,994.701,1013.319,1004.678
216.88,985.634,995.727,1011.233,1003.980
216.92,985.162,996.273,1010.969,1003.150
216.96,986.073,995.002,1012.734,1003.492
217.00,987.977,993.356,1013.119,1004.035
217.04,987.090,993.435,1013.537,1003.593
217.08,986.089,994.873,1011.368,1003.299
217.12,984.707,995.960,1010.817,1003.780
217.16,986.056,995.921,1012.326,1003.773
217.20,988.064,994.939,1013.419,1004.176
217.24,987.724,994.357,1013.877,1004.988
217.28,986.932,995.388,1012.015,1004.420
217.32,985.224,996.718,1011.404,1003.653
217.36,985.722,996.279,1011.501,1003.997
217.40,986.853,994.706,1012.663,1004.238
217.44,987.425,993.716,1013.750,1003.449
217.48,986.865,993.753,1012.058,1003.287
217.52,984.822,994.516,1011.187,1003.463
217.56,985.151,995.273,1010.852,1002.779
217.60,985.993,994.829,1012.264,1003.028
217.64,987.422,993.720,1013.427,1004.082
217.68,987.703,993.979,1012.976,1004.233
217.72,986.098,995.626,1012.355,1003.838
217.76,985.659,996.713,1010.820,1004.256
217.80,985.807,996.495,1012.242,1004.546
217.84,987.931,995.394,1013.762,1004.143
217.88,988.215,994.372,1013.451,1004.588
217.92,986.372,994.682,1012.558,1004.500
217.96,985.587,995.929,1010.847,1003.235
218.00,984.949,995.877,1011.533,1003.170
218.04,986.799,994.316,1012.542,1003.887
218.08,987.753,993.338,1013.623,1003.705
218.12,986.969,993.927,1012.959,1003.421
218.16,985.539,995.215,1010.912,1003.872
218.20,985.078,996.202,1011.516,1003.706
218.24,986.899,995.921,1012.605,1003.783
218.28,987.855,994.743,1013.679,1004.834
218.32,987.755,994.660,1013.490,1004.853
218.36,986.553,995.891,1011.940,1003.988
218.40,985.237,996.559,1011.533,1003.981
218.44,986.285,995.804,1011.804,1004.242
218.48,987.200,994.616,1013.375,1003.869
218.52,987.444,993.898,1013.229,1003.695
218.56,986.310,994.167,1011.720,1003.747
218.60,984.988,995.124,1011.394,1003.177
218.64,985.780,995.378,1011.518,1002.968
218.68,986.786,994.481,1013.011,1003.900
218.72,987.840,994.004,1013.518,1004.384
218.76,987.117,994.996,1012.657,1004.110
218.80,985.658,996.331,1011.668,1004.181
218.84,986.101,996.705,1011.531,1004.395
218.88,986.996,995.923,1013.427,1004.476
218.92,988.344,994.860,1013.680,1004.617
218.96,987.198,994.723,1012.990,1004.701
219.00,985.948,995.694,1011.827,1003.830
219.04,985.566,996.042,1011.313,1003.420
219.08,986.097,995.095,1012.481,1003.869
219.12,987.494,993.957,1012.857,1003.852
219.16,986.930,993.927,1013.298,1003.480
219.20,986.356,994.672,1011.721,1003.589
219.24,985.128,995.498,1011.068,1003.836
219.28,985.743,995.750,1012.066,1003.438
219.32,987.357,994.960,1012.777,1003.796
219.36,987.340,994.142,1013.624,1004.648
219.40,987.236,994.825,1012.465,1004.155
219.44,985.558,996.094,1011.719,1003.681
219.48,985.503,996.204,1011.181,1004.051
219.52,986.414,995.303,1012.407,1004.024
219.56,987.465,994.256,1013.670,1003.586
219.60,987.391,993.839,1012.578,1003.896
219.64,985.528,994.545,1011.765,1003.836
219.68,985.246,995.682,1010.823,1002.913
219.72,985.423,995.369,1011.668,1003.237
219.76,986.901,994.071,1013.018,1003.992
219.80,987.941,993.716,1013.332,1003.737
219.84,986.304,994.595,1012.495,1003.785
219.88,985.525,995.836,1010.745,1003.937
219.92,985.366,996.324,1011.784,1003.698
219.96,987.079,995.457,1012.944,1003.992
220.00,987.979,994.269,1013.408,1004.607
220.04,987.009,994.475,1013.179,1004.322
220.08,986.105,995.707,1011.389,1003.527
220.12,985.040,996.069,1011.480,1003.748
220.16,986.607,995.251,1012.227,1003.945
220.20,987.403,994.267,1013.426,1003.895
220.24,987.378,994.065,1013.241,1003.880
220.28,986.225,994.837,1011.648,1003.963
220.32,985.136,995.861,1011.506,1003.583
220.36,986.236,995.838,1011.961,1003.541
220.40,987.287,994.722,1013.436,1004.314
220.44,987.908,994.291,1013.460,1004.561
220.48,986.741,995.243,1012.452,1004.073
220.52,985.501,996.279,1011.338,1003.910
220.56,985.677,996.165,1011.444,1004.088
220.60,986.748,995.083,1013.126,1003.890
220.64,987.948,994.057,1013.475,1003.851
220.68,987.160,993.988,1013.186,1004.134
220.72,986.161,995.179,1011.643,1003.853
220.76,985.105,996.250,1011.146,1003.603
220.80,986.002,995.905,1012.172,1003.809
220.84,987.580,994.642,1013.191,1004.266
220.88,987.625,994.111,1013.658,1004.283
220.92,986.805,994.850,1012.308,1003.900
220.96,985.366,995.903,1011.266,1003.815
221.00,985.601,996.048,1011.708,1003.779
221.04,987.112,995.094,1012.841,1003.857
221.08,987.552,994.145,1013.551,1004.271
221.12,986.946,994.366,1012.403,1004.044
221.16,985.427,995.512,1011.459,1003.453
221.20,985.405,995.837,1011.469,1003.383
221.24,986.608,994.933,1012.375,1003.908
221.28,987.354,994.088,1013.437,1003.989
221.32,987.170,994.289,1012.689,1003.759
221.36,985.780,995.200,1011.618,1003.777
221.40,985.291,995.834,1011.249,1003.714
221.44,986.396,995.514,1012.509,1003.571
221.48,987.788,994.473,1013.785,1004.156
221.52,987.878,994.226,1013.273,1004.766
221.56,986.308,995.556,1012.268,1004.205
221.60,985.523,996.808,1011.093,1003.740
221.64,985.656,996.279,1011.815,1004.261
221.68,987.348,994.817,1013.298,1004.207
221.72,988.047,993.959,1013.707,1003.815
221.76,986.641,994.194,1012.648,1003.964
221.80,985.613,995.249,1010.975,1003.664
221.84,985.191,995.953,1011.786,1003.253
221.88,987.041,995.186,1012.565,1003.834
221.92,987.628,994.158,1013.539,1004.692
221.96,987.403,994.697,1013.288,1004.180
222.00,986.361,995.969,1011.614,1003.864
222.04,985.209,996.388,1011.678,1004.420
222.08,986.718,995.918,1011.799,1004.150
222.12,986.880,994.926,1013.462,1003.856
222.16,987.497,994.070,1012.844,1003.931
222.20,986.054,994.236,1011.777,1003.794
222.24,985.199,995.095,1011.608,1002.835
222.28,985.787,995.002,1011.103,1003.015
222.32,985.984,994.087,1012.697,1003.759
222.36,987.592,993.863,1013.037,1003.410
222.40,986.855,994.431,1012.911,1003.663
222.44,986.079,995.393,1011.828,1004.435
222.48,985.989,996.421,1011.446,1004.223
222.52,986.452,996.483,1013.105,1004.066
222.56,988.093,995.374,1013.117,1004.936
222.60,987.478,994.919,1013.755,1005.059
222.64,987.059,995.707,1012.375,1003.945
222.68,985.422,996.149,1011.306,1003.955
222.72,985.558,995.568,1011.793,1003.977
222.76,987.152,994.481,1012.799,1003.272
222.80,987.312,993.528,1013.683,1003.501
222.84,986.787,993.642,1011.796,1003.987
222.88,984.968,995.148,1011.259,1003.216
222.92,985.162,996.001,1011.123,1002.838
222.96,986.274,994.964,1011.957,1004.015
223.00,987.441,993.945,1013.865,1004.200
223.04,988.092,994.318,1013.155,1003.678
223.08,985.938,995.312,1012.124,1004.311
223.12,985.511,996.389,1011.037,1004.376
223.16,986.180,996.556,1012.244,1003.711
223.20,987.430,995.253,1013.577,1004.364
223.24,988.039,994.122,1013.114,1004.959
223.28,986.398,994.854,1012.855,1003.804
223.32,985.561,995.865,1010.735,1003.136
223.36,984.765,995.450,1011.366,1003.747
223.40,986.858,994.341,1012.722,1003.396
223.44,987.505,993.541,1013.169,1003.299
223.48,986.416,993.640,1012.566,1003.805
223.52,985.681,994.935,1010.897,1003.440
223.56,985.002,995.986,1011.864,1003.090
223.60,987.028,995.364,1012.391,1004.016
223.64,987.641,994.480,1013.623,1005.021
223.68,987.832,995.104,1013.716,1004.327
223.72,986.789,996.240,1011.903,1004.372
223.76,985.413,996.687,1011.797,1004.911
223.80,986.819,996.402,1012.280,1004.244
223.84,987.449,995.259,1013.728,1004.050
223.88,987.744,994.117,1013.202,1004.615
223.92,986.517,994.487,1012.114,1003.963
223.96,985.245,995.574,1011.599,1002.874
224.00,985.482,995.297,1010.987,1003.387
224.04,986.333,994.206,1012.815,1003.764
224.08,987.687,993.772,1013.448,1003.307
224.12,986.816,994.137,1012.355,1003.785
224.16,985.243,995.241,1011.185,1004.078
224.20,985.384,996.231,1011.104,1003.268
224.24,986.327,995.618,1012.761,1003.590
224.28,987.733,994.097,1013.129,1004.714
224.32,987.335,994.176,1013.124,1004.134
224.36,986.123,995.465,1012.097,1003.281
224.40,985.280,995.880,1010.604,1004.000
224.44,985.442,995.453,1012.002,1003.975
224.48,987.386,994.661,1013.074,1003.101
224.52,987.337,993.711,1013.246,1003.890
224.56,986.545,993.954,1012.456,1004.240
224.60,986.039,995.558,1011.732,1003.166
224.64,985.642,996.143,1011.796,1003.691
224.68,986.599,995.398,1012.202,1004.858
224.72,987.628,995.100,1013.777,1004.182
224.76,987.766,995.200,1013.273,1004.044
224.80,986.236,995.375,1011.870,1004.970
224.84,985.815,996.131,1011.865,1004.005
224.88,986.364,996.070,1012.075,1003.276
224.92,986.595,994.561,1012.898,1004.379
224.96,987.612,993.862,1013.032,1004.069
225.00,986.490,994.529,1012.470,1003.147
225.04,985.197,995.143,1010.985,1003.535
225.08,985.247,995.250,1011.105,1003.593
225.12,986.562,994.825,1013.000,1003.062
225.16,987.773,993.917,1013.121,1003.883
225.20,986.848,994.037,1012.908,1004.592
225.24,986.345,995.706,1011.974,1003.625
225.28,985.743,996.645,1011.655,1003.863
225.32,986.502,995.979,1012.406,1005.003
225.36,987.830,995.290,1013.406,1004.590
225.40,987.556,995.186,1013.638,1004.080
225.44,986.617,995.227,1011.852,1004.568
225.48,985.313,995.701,1011.371,1004.015
225.52,985.888,995.664,1011.932,1002.859
225.56,986.571,994.235,1012.248,1003.562
225.60,986.667,993.146,1012.808,1003.864
225.64,986.548,993.814,1012.244,1002.668
225.68,985.246,994.694,1011.301,1002.865
225.72,985.348,994.867,1011.081,1003.792
225.76,986.394,994.950,1012.606,1003.453
225.80,987.516,994.781,1013.318,1003.680
225.84,987.215,994.690,1012.843,1004.927
225.88,986.690,995.768,1012.458,1004.553
225.92,986.233,996.896,1011.860,1003.964
225.96,986.195,996.397,1012.083,1004.739
226.00,987.131,995.284,1012.961,1004.639
226.04,987.486,994.687,1013.399,1003.660
226.08,986.624,994.431,1012.302,1003.744
226.12,985.515,994.585,1011.270,1003.772
226.16,985.238,995.053,1011.457,1002.726
226.20,986.039,994.507,1011.954,1002.800
226.24,986.641,993.436,1012.679,1003.770
226.28,987.079,993.699,1012.853,1003.485
226.32,986.273,994.954,1012.233,1003.309
226.36,985.787,995.786,1011.471,1004.267
226.40,986.308,996.133,1012.288,1004.535
226.44,987.617,995.978,1013.544,1004.272
226.48,988.049,995.429,1013.493,1005.099
226.52,987.004,995.576,1012.675,1005.264
226.56,986.113,996.542,1011.873,1003.946
226.60,985.926,996.316,1011.910,1003.670
226.64,986.657,994.688,1012.481,1004.350
226.68,987.233,993.715,1013.174,1003.597
226.72,986.606,993.900,1012.514,1002.847
226.76,985.490,994.306,1011.224,1003.425
226.80,985.421,994.846,1011.569,1003.371
226.84,986.451,995.052,1012.285,1003.137
226.88,986.915,994.591,1012.953,1004.121
226.92,987.375,994.702,1012.961,1004.533
226.96,986.801,995.769,1012.707,1004.121
227.00,986.393,996.493,1012.004,1004.429
227.04,986.345,996.316,1012.120,1004.939
227.08,987.159,995.822,1013.158,1004.306
227.12,987.501,995.105,1012.961,1004.114
227.16,986.417,994.622,1012.429,1004.356
227.20,985.911,994.962,1011.494,1003.361
227.24,985.216,995.007,1011.417,1002.711
227.28,985.698,994.051,1011.521,1003.145
227.32,986.261,993.272,1012.205,1003.049
227.36,986.447,993.401,1012.676,1002.551
227.40,986.008,993.918,1011.874,1003.226
227.44,985.968,994.811,1011.893,1003.787
227.48,986.501,995.768,1012.509,1003.877
227.52,987.178,995.987,1012.840,1004.666
227.56,987.572,996.013,1013.444,1005.354
227.60,987.900,996.431,1013.487,1005.127
227.64,987.169,996.813,1012.847,1005.132
227.68,986.647,996.711,1012.234,1005.119
227.72,986.648,996.172,1012.509,1004.326
227.76,986.876,995.105,1012.767,1003.796
227.80,986.619,993.973,1012.319,1003.739
227.84,985.951,993.739,1012.005,1003.020
227.88,985.520,994.005,1011.402,1002.346
227.92,985.227,993.908,1011.294,1002.833
227.96,985.990,993.781,1012.067,1003.059
228.00,986.788,994.057,1012.845,1003.139
228.04,986.860,994.605,1012.558,1004.066
228.08,986.585,995.617,1012.323,1004.641
228.12,986.772,996.736,1012.610,1004.489
228.16,987.098,996.893,1012.831,1005.050
228.20,987.435,996.325,1013.114,1005.519
228.24,987.558,996.051,1013.247,1004.764
228.28,986.917,995.813,1012.663,1004.229
228.32,986.166,995.259,1011.925,1004.196
228.36,985.944,994.787,1011.887,1003.383
228.40,985.950,994.204,1012.030,1002.732
228.44,986.098,993.415,1012.006,1002.981
228.48,986.045,993.259,1012.120,1002.971
228.52,985.940,993.973,1011.827,1002.727
228.56,985.799,994.663,1011.915,1003.277
228.60,986.533,995.062,1012.308,1004.061
228.64,987.033,995.529,1012.852,1004.385
228.68,987.243,996.042,1013.143,1004.701
228.72,987.350,996.385,1012.696,1005.105
228.76,986.834,996.615,1012.881,1005.120
228.80,987.056,996.486,1012.573,1004.642
228.84,986.772,995.801,1012.588,1004.477
228.88,986.703,994.956,1012.871,1004.088
228.92,986.834,994.440,1012.190,1003.479
228.96,985.592,994.219,1012.007,1003.291
229.00,985.786,994.220,1011.289,1002.898
229.04,985.644,994.091,1012.009,1002.764
229.08,986.334,993.851,1012.226,1003.167
229.12,986.444,994.026,1012.197,1003.583
229.16,986.340,994.837,1012.616,1003.559
229.20,986.598,995.564,1011.976,1004.101
229.24,986.493,995.923,1012.748,1004.702
229.28,987.625,996.156,1013.183,1004.654
229.32,987.512,996.077,1013.256,1005.046
229.36,987.162,996.133,1012.879,1005.129
229.40,986.693,996.320,1012.228,1004.514
229.44,986.318,996.001,1012.556,1004.030
229.48,986.851,994.959,1012.345,1004.069
229.52,986.549,994.157,1012.636,1003.699
229.56,986.227,994.109,1011.941,1002.968
229.60,985.262,994.180,1011.201,1002.926
229.64,985.308,994.124,1011.519,1002.837
229.68,986.134,993.943,1012.019,1002.779
229.72,986.520,993.792,1012.708,1003.316
229.76,986.764,994.247,1012.443,1003.862
229.80,986.538,995.387,1012.384,1003.962
229.84,986.414,996.283,1012.307,1004.431
229.88,986.825,996.461,1012.453,1005.003
229.92,987.564,996.286,1013.597,1004.884
229.96,987.892,995.921,1013.340,1004.973
230.00,986.902,995.801,1012.595,1005.013
230.04,986.278,995.999,1012.126,1004.096
230.08,986.027,995.620,1011.875,1003.567
230.12,986.183,994.422,1012.114,1003.650
230.16,986.421,993.585,1012.303,1003.134
230.20,985.968,993.506,1012.192,1002.558
230.24,985.745,993.755,1011.486,1002.798
230.28,985.528,994.149,1011.614,1003.210
230.32,986.090,994.680,1012.133,1003.242
230.36,986.743,994.940,1012.607,1003.810
230.40,987.019,995.162,1012.877,1004.610
230.44,987.145,995.884,1012.787,1004.676
230.48,986.936,996.578,1012.805,1004.625
230.52,986.957,996.545,1012.709,1005.089
230.56,987.312,996.170,1013.081,1004.959
230.60,987.315,995.779,1013.108,1004.475
230.64,986.834,995.397,1012.362,1004.315
230.68,986.045,995.083,1012.123,1003.916
230.72,986.142,994.822,1011.918,1003.172
230.76,986.009,994.194,1012.157,1003.171
230.80,986.368,993.686,1012.205,1003.306
230.84,986.335,993.919,1012.286,1003.070
230.88,985.994,994.502,1011.933,1003.282
230.92,986.044,995.027,1011.929,1003.786
230.96,986.772,995.400,1012.871,1004.016
231.00,987.517,995.574,1013.066,1004.578
231.04,987.214,995.842,1013.077,1005.123
231.08,987.091,996.520,1012.714,1004.831
231.12,986.791,996.755,1012.467,1004.685
231.16,986.599,996.145,1012.429,1004.814
231.20,986.910,995.343,1012.611,1004.208
231.24,986.647,994.677,1012.671,1003.494
231.28,986.216,994.072,1012.028,1003.385
231.32,985.760,993.978,1011.544,1003.084
231.36,985.395,994.141,1011.618,1002.610
231.40,985.875,993.988,1011.671,1002.810
231.44,986.237,993.813,1012.410,1003.369
231.48,986.711,994.241,1012.427,1003.527
231.52,986.429,995.094,1012.304,1003.820
231.56,986.469,995.841,1012.456,1004.366
231.60,987.026,996.180,1012.568,1004.763
231.64,987.266,996.274,1013.317,1004.918
231.68,987.541,996.130,1012.795,1005.008
231.72,986.616,996.058,1012.652,1004.822
231.76,986.534,995.894,1012.013,1004.026
231.80,985.928,995.187,1011.879,1003.668
231.84,986.085,994.163,1012.205,1003.288
231.88,986.320,993.430,1011.922,1002.764
231.92,985.547,993.256,1012.012,1002.614
231.96,985.725,993.542,1011.249,1002.637
232.00,985.429,994.086,1011.923,1002.845
232.04,986.457,994.465,1012.194,1003.358
232.08,986.890,994.890,1012.669,1004.182
232.12,987.029,995.637,1013.057,1004.641
232.16,987.198,996.496,1012.335,1004.853
232.20,986.635,996.896,1013.026,1005.111
232.24,987.686,996.638,1012.918,1005.098
232.28,987.324,996.049,1013.334,1005.038
232.32,987.188,995.642,1012.852,1004.548
232.36,986.319,995.375,1011.992,1003.994
232.40,985.864,994.963,1012.198,1003.375
232.44,986.378,994.230,1011.758,1003.173
232.48,985.854,993.624,1012.273,1003.125
232.52,986.014,993.669,1011.681,1002.742
232.56,985.603,994.005,1011.694,1002.718
232.60,985.870,994.243,1012.086,1003.230
232.64,986.673,994.552,1012.147,1003.670
232.68,986.629,995.100,1013.080,1004.023
232.72,987.349,995.682,1012.402,1004.514
232.76,986.561,996.277,1012.670,1004.992
232.80,987.127,996.665,1012.904,1004.713
232.84,987.476,996.403,1012.956,1004.836
232.88,987.095,995.781,1013.126,1005.112
232.92,987.077,995.599,1012.216,1004.327
232.96,985.720,995.459,1012.093,1003.570
233.00,985.603,994.690,1011.020,1003.330
233.04,985.398,993.771,1011.733,1002.697
233.08,985.996,992.979,1012.142,1002.086
233.12,986.109,992.576,1011.679,1002.508
233.16,985.313,993.153,1011.969,1002.811
233.20,985.965,994.454,1011.239,1002.671
233.24,985.744,995.197,1012.409,1003.668
233.28,987.359,995.457,1012.610,1004.733
233.32,987.390,996.016,1013.180,1005.027
233.36,987.255,996.721,1013.196,1004.961
233.40,987.164,996.917,1012.184,1005.302
233.44,986.390,996.617,1012.789,1005.001
233.48,987.205,995.885,1012.424,1004.083
233.52,986.382,994.742,1012.720,1003.874
233.56,986.314,993.858,1011.836,1003.396
233.60,985.393,993.734,1011.344,1002.423
233.64,985.018,993.609,1011.621,1002.093
233.68,986.047,993.164,1011.524,1002.607
233.72,986.123,993.241,1012.815,1003.089
233.76,987.023,994.208,1012.457,1003.360
233.80,986.443,995.479,1012.451,1004.367
233.84,986.773,996.668,1012.545,1005.048
233.88,987.523,997.304,1013.047,1005.280
233.92,988.038,997.151,1014.091,1005.779
233.96,988.351,996.759,1013.263,1006.091
234.00,987.013,996.819,1013.057,1005.222
234.04,986.497,996.601,1012.006,1004.148
234.08,985.826,995.311,1011.643,1003.900
234.12,986.063,993.795,1012.425,1003.022
234.16,986.449,992.738,1011.992,1002.160
234.20,985.148,992.390,1011.525,1002.270
234.24,984.886,992.968,1010.795,1002.060
234.28,985.082,993.774,1011.284,1001.956
234.32,986.027,993.957,1012.140,1003.151
234.36,987.196,994.295,1012.756,1004.227
234.40,987.387,995.584,1013.503,1004.482
234.44,987.301,996.918,1012.564,1005.195
234.48,986.752,997.649,1012.551,1005.897
234.52,987.335,997.717,1013.079,1005.409
234.56,987.858,996.821,1013.257,1005.135
234.60,987.250,995.486,1013.232,1005.070
234.64,986.726,994.905,1011.994,1003.880
234.68,985.313,994.633,1011.552,1002.678
234.72,984.994,993.718,1010.880,1002.509
234.76,985.345,992.755,1011.435,1002.227
234.80,985.991,992.356,1012.552,1001.759
234.84,986.340,992.599,1011.737,1002.567
234.88,985.336,993.819,1011.778,1003.410
234.92,986.133,995.611,1011.736,1003.330
234.96,986.622,996.381,1012.683,1004.457
235.00,987.782,996.281,1013.338,1005.818
235.04,988.214,996.679,1013.647,1005.553
235.08,987.478,997.231,1013.325,1005.188
235.12,986.657,997.005,1011.765,1005.471
235.16,986.130,996.381,1012.539,1004.475
235.20,987.104,995.142,1012.829,1003.267
235.24,986.487,993.433,1012.263,1003.630
235.28,985.724,992.972,1011.848,1002.900
235.32,985.171,993.610,1011.016,1001.554
235.36,984.619,993.586,1010.957,1002.254
235.40,985.713,993.259,1011.612,1003.008
235.44,986.794,993.658,1013.057,1002.766
235.48,987.180,994.458,1012.961,1003.777
235.52,986.647,995.600,1012.167,1005.182
235.56,986.414,997.289,1012.360,1004.873
235.60,987.164,997.805,1012.798,1004.852
235.64,987.616,996.632,1013.311,1005.996
235.68,987.991,995.779,1013.575,1005.402
235.72,987.041,995.809,1012.934,1003.921
235.76,985.756,995.363,1011.266,1003.834
235.80,985.128,994.526,1011.269,1003.369
235.84,985.998,993.723,1012.251,1002.039
235.88,986.553,992.641,1012.463,1002.453
235.92,986.134,992.440,1012.268,1003.326
235.96,986.068,994.061,1011.703,1002.702
236.00,985.446,995.608,1011.762,1003.212
236.04,986.529,995.877,1012.045,1004.819
236.08,987.753,996.032,1013.835,1005.113
236.12,988.570,996.420,1014.181,1005.074
236.16,987.622,996.725,1012.712,1006.039
236.20,986.357,997.336,1012.506,1005.496
236.24,986.972,997.326,1012.402,1004.126
236.28,986.752,995.598,1012.881,1004.650
236.32,987.197,993.945,1012.824,1004.326
236.36,986.402,993.839,1012.309,1002.586
236.40,984.825,993.869,1010.848,1002.301
236.44,984.473,993.557,1010.268,1002.616
236.48,985.379,993.321,1011.989,1001.874
236.52,986.785,992.934,1012.456,1002.353
236.56,986.176,993.071,1012.288,1003.867
236.60,986.141,994.854,1011.876,1003.476
236.64,986.001,996.548,1011.935,1003.552
236.68,986.778,996.456,1012.614,1005.291
236.72,988.032,996.127,1013.623,1005.669
236.76,988.238,996.449,1014.066,1004.830
236.80,987.261,996.566,1012.544,1005.290
236.84,985.896,996.482,1011.711,1005.180
236.88,986.222,996.258,1012.145,1003.399
236.92,986.678,994.636,1012.565,1003.292
236.96,986.578,992.884,1012.354,1003.882
237.00,985.856,993.088,1011.802,1002.413
237.04,984.899,993.982,1011.084,1001.598
237.08,984.931,993.785,1010.785,1002.935
237.12,986.122,993.680,1012.344,1003.252
237.16,987.350,994.204,1013.266,1003.028
237.20,986.931,994.836,1012.295,1004.514
237.24,986.196,996.097,1012.193,1005.077
237.28,986.832,997.370,1012.549,1004.231
237.32,987.225,996.934,1013.001,1005.196
237.36,987.756,995.806,1013.495,1005.872
237.40,987.816,995.761,1013.271,1004.429
237.44,986.331,995.851,1012.392,1003.871
237.48,985.608,995.207,1010.980,1004.222
237.52,985.502,994.610,1011.927,1003.010
237.56,986.494,993.749,1012.529,1002.160
237.60,986.494,992.640,1012.149,1003.277
237.64,985.848,993.075,1012.065,1003.193
237.68,985.712,994.740,1011.336,1002.323
237.72,985.152,995.356,1011.519,1003.576
237.76,986.871,995.132,1012.467,1004.559
237.80,987.917,995.343,1013.919,1004.273
237.84,987.666,995.750,1013.185,1004.948
237.88,986.440,996.456,1011.687,1005.411
237.92,985.688,997.169,1012.187,1004.232
237.96,986.851,996.323,1012.142,1003.800
238.00,986.805,994.260,1013.027,1004.601
238.04,987.352,993.511,1013.048,1003.448
238.08,986.074,994.029,1011.896,1002.479
238.12,984.600,994.349,1010.846,1003.146
238.16,985.373,994.466,1011.094,1002.967
238.20,986.590,994.304,1013.284,1002.653
238.24,987.780,993.739,1013.136,1004.147
238.28,986.902,994.531,1012.506,1004.910
238.32,986.042,996.715,1012.073,1003.871
238.36,986.125,997.408,1011.559,1004.365
238.40,986.923,996.226,1013.363,1005.554
238.44,989.088,995.336,1014.326,1004.818
238.48,987.874,995.292,1013.818,1004.660
238.52,986.194,995.795,1011.592,1004.894
238.56,985.030,996.534,1010.929,1003.792
238.60,985.699,995.841,1012.167,1002.922
238.64,987.257,993.542,1012.730,1003.768
238.68,987.071,992.470,1013.260,1003.653
238.72,986.094,993.691,1011.727,1002.323
238.76,984.283,994.943,1010.371,1002.685
238.80,985.039,995.006,1011.307,1003.400
238.84,987.384,994.533,1013.334,1003.434
238.88,988.144,994.175,1013.907,1004.385
238.92,987.241,995.064,1012.675,1005.162
238.96,985.927,997.062,1011.856,1004.422
239.00,986.025,997.738,1011.687,1004.315
239.04,986.966,996.288,1012.903,1005.262
239.08,988.249,994.812,1013.946,1004.732
239.12,987.577,994.550,1013.279,1003.784
239.16,985.516,994.859,1011.341,1003.772
239.20,984.716,995.203,1010.385,1003.119
239.24,985.191,994.721,1011.838,1002.296
239.28,986.927,993.124,1012.560,1002.940
239.32,986.913,992.411,1012.957,1003.613
239.36,986.247,993.892,1011.912,1002.869
239.40,984.853,995.643,1010.814,1003.089
239.44,985.367,995.997,1011.430,1004.078
239.48,987.542,995.461,1013.350,1004.320
239.52,988.478,994.973,1014.585,1004.730
239.56,987.884,995.406,1012.829,1005.396
239.60,985.777,996.871,1011.795,1004.802
239.64,985.624,997.547,1011.540,1003.831
239.68,986.807,995.906,1012.551,1004.381
239.72,987.872,993.855,1014.078,1004.553
239.76,987.756,993.602,1012.831,1003.516
239.80,984.929,994.566,1011.242,1003.049
239.84,984.192,995.213,1009.875,1002.881
239.88,985.144,994.682,1011.502,1002.504
239.92,987.145,993.206,1013.523,1002.921
239.96,987.944,992.569,1012.991,1003.873
240.00,986.034,994.217,1012.757,1003.709
240.04,985.757,996.538,1010.801,1003.472
240.08,985.272,997.055,1011.610,1004.680
240.12,987.611,996.225,1013.622,1005.096
240.16,989.179,995.339,1014.404,1004.917
240.20,987.645,995.353,1013.699,1005.338
240.24,986.246,996.360,1011.054,1004.791
240.28,984.656,997.050,1011.329,1003.477
240.32,986.316,995.534,1012.027,1003.384
240.36,987.408,993.093,1013.329,1003.982
240.40,987.288,992.556,1013.254,1003.088
240.44,985.595,993.816,1010.970,1002.372
240.48,983.778,994.939,1010.376,1002.847
240.52,985.435,995.011,1011.117,1002.960
240.56,987.133,994.226,1013.610,1003.360
240.60,988.321,993.701,1013.812,1004.487
240.64,987.121,994.938,1012.551,1004.855
240.68,985.589,997.186,1011.795,1004.146
240.72,986.066,997.690,1011.544,1004.519
240.76,987.254,996.255,1013.533,1005.411
240.80,988.919,994.956,1014.168,1004.912
240.84,987.439,994.889,1013.357,1004.367
240.88,985.631,995.556,1011.203,1004.056
240.92,984.794,995.878,1010.693,1003.278
240.96,985.741,994.873,1012.218,1002.762
241.00,987.276,993.056,1012.741,1003.392
241.04,986.791,992.566,1013.048,1003.385
241.08,985.892,994.032,1011.499,1002.648
241.12,984.729,995.386,1010.783,1003.024
241.16,985.676,995.478,1011.670,1003.846
241.20,987.401,995.018,1013.144,1004.132
241.24,987.891,994.824,1013.866,1004.472
241.28,987.290,995.411,1012.515,1004.914
241.32,985.936,996.588,1011.977,1004.541
241.36,986.300,996.951,1012.193,1004.122
241.40,987.208,995.764,1012.985,1004.705
241.44,987.853,994.611,1013.812,1004.763
241.48,987.345,994.740,1012.703,1003.981
241.52,985.319,995.385,1011.311,1003.681
241.56,985.001,995.482,1010.898,1003.300
241.60,986.056,994.604,1012.271,1002.951
241.64,987.382,993.298,1013.548,1003.334
241.68,987.481,993.140,1012.754,1003.870
241.72,985.568,994.735,1011.636,1003.595
241.76,985.034,996.343,1010.685,1003.260
241.80,985.590,996.127,1011.736,1003.988
241.84,987.550,994.825,1013.655,1004.450
241.88,988.528,994.260,1013.942,1004.298
241.92,986.898,994.945,1012.803,1004.496
241.96,985.537,996.278,1011.064,1004.256
242.00,985.551,996.794,1011.659,1003.702
242.04,987.087,995.491,1013.242,1004.176
242.08,988.297,994.005,1013.599,1004.761
242.12,987.200,994.337,1013.438,1004.104
242.16,986.138,995.648,1011.440,1003.470
242.20,984.933,996.118,1011.130,1004.029
242.24,986.310,995.535,1012.427,1003.901
242.28,987.911,994.512,1013.518,1003.743
242.32,987.374,993.957,1013.490,1004.395
242.36,986.561,994.864,1011.711,1004.120
242.40,985.049,996.255,1011.417,1003.354
242.44,985.800,996.035,1011.596,1003.689
242.48,987.129,994.631,1012.954,1004.337
242.52,987.897,994.007,1014.110,1003.943
242.56,987.271,994.569,1012.560,1003.919
242.60,985.522,995.659,1011.670,1004.241
242.64,985.777,996.408,1011.567,1003.893
242.68,986.762,995.918,1012.707,1004.024
242.72,987.597,994.703,1013.579,1004.691
242.76,987.512,994.549,1012.844,1004.415
242.80,985.910,995.463,1012.093,1003.611
242.84,985.490,995.800,1010.978,1003.565
242.88,985.642,995.080,1011.964,1003.745
242.92,987.113,994.146,1012.982,1003.261
242.96,987.094,993.618,1012.855,1003.506
243.00,986.213,994.059,1012.211,1003.714
243.04,985.779,995.278,1011.365,1003.320
243.08,985.617,995.782,1011.865,1003.609
243.12,986.868,995.259,1012.692,1004.312
243.16,987.807,994.864,1013.492,1004.473
243.20,987.264,995.214,1013.207,1004.463
243.24,986.385,995.991,1011.700,1004.510
243.28,985.678,996.429,1011.851,1004.128
243.32,986.619,995.855,1012.280,1003.897
243.36,987.121,994.542,1013.216,1004.123
243.40,987.258,993.948,1012.917,1003.831
243.44,986.087,994.485,1011.809,1003.340
243.48,985.098,995.127,1011.129,1003.171
243.52,985.359,994.952,1011.182,1003.240
243.56,986.492,994.255,1012.891,1003.175
243.60,987.654,993.628,1013.337,1003.605
243.64,986.903,994.113,1012.473,1004.236
243.68,985.650,995.750,1011.728,1003.886
243.72,985.805,996.751,1011.345,1003.752
243.76,986.442,995.979,1012.706,1004.643
243.80,988.063,994.938,1013.653,1004.700
243.84,987.698,994.788,1013.560,1004.233
243.88,986.394,995.390,1012.129,1004.219
243.92,985.620,995.965,1011.351,1004.006
243.96,985.912,995.768,1012.124,1003.580
244.00,987.036,994.633,1012.612,1003.800
244.04,987.001,993.821,1013.122,1003.964
244.08,986.517,994.247,1011.987,1003.383
244.12,985.243,995.086,1011.278,1003.106
244.16,985.293,995.150,1011.376,1003.396
244.20,986.598,994.577,1012.321,1003.492
244.24,987.253,994.099,1013.448,1003.685
244.28,987.003,994.336,1012.337,1004.153
244.32,985.741,995.485,1011.726,1003.916
244.36,985.817,996.270,1011.792,1003.582
244.40,986.757,995.656,1012.371,1004.308
244.44,987.208,994.769,1013.371,1004.675
244.48,987.481,994.854,1012.779,1003.904
244.52,986.053,995.298,1012.193,1003.809
244.56,985.828,995.410,1011.588,1003.990
244.60,986.306,995.226,1012.181,1003.608
244.64,986.788,994.662,1012.832,1003.609
244.68,986.876,994.190,1012.555,1004.016
244.72,986.353,994.644,1012.329,1003.695
244.76,985.856,995.318,1011.577,1003.411
244.80,985.740,995.310,1011.710,1003.777
244.84,986.513,994.838,1012.561,1003.849
244.88,987.244,994.515,1012.936,1003.703
244.92,986.612,994.572,1012.469,1004.071
244.96,986.007,995.218,1011.691,1003.913
245.00,985.967,995.705,1012.114,1003.450
245.04,986.769,995.242,1012.650,1003.998
245.08,987.387,994.623,1013.083,1004.554
245.12,987.237,994.995,1013.189,1004.151
245.16,986.441,995.776,1011.898,1004.114
245.20,985.555,996.066,1011.553,1004.347
245.24,986.402,995.731,1012.442,1003.782
245.28,987.446,994.745,1013.168,1003.776
245.32,987.101,993.986,1013.085,1004.371
245.36,986.521,994.634,1012.051,1003.737
245.40,985.508,995.632,1011.764,1003.174
245.44,985.848,995.431,1011.568,1003.871
245.48,986.647,994.738,1012.716,1004.094
245.52,987.373,994.532,1013.373,1003.571
245.56,986.916,994.679,1012.264,1004.041
245.60,985.634,995.247,1011.856,1004.224
245.64,986.101,995.891,1011.797,1003.412
245.68,986.439,995.445,1012.480,1003.835
245.72,987.095,994.454,1012.861,1004.548
245.76,987.114,994.611,1012.816,1003.852
245.80,986.183,995.258,1012.150,1003.458
245.84,985.677,995.368,1011.178,1004.046
245.88,985.834,995.175,1012.172,1003.705
245.92,987.228,994.741,1013.090,1003.229
245.96,987.193,994.088,1012.943,1004.225
246.00,986.438,994.571,1012.085,1004.302
246.04,985.625,995.887,1011.413,1003.200
246.08,985.420,995.905,1011.466,1003.573
246.12,986.693,994.714,1012.369,1004.236
246.16,987.378,994.083,1013.474,1003.676
246.20,986.910,994.310,1012.571,1003.496
246.24,985.516,994.918,1011.181,1003.915
246.28,985.242,995.551,1011.384,1003.373
246.32,986.349,995.281,1012.124,1003.175
246.36,987.081,994.111,1013.216,1004.153
246.40,987.464,993.998,1013.092,1004.220
246.44,986.376,995.190,1012.116,1003.597
246.48,985.377,996.079,1011.298,1003.858
246.52,985.887,995.859,1011.751,1004.217
246.56,987.229,995.109,1013.437,1003.873
246.60,988.001,994.358,1013.428,1004.174
246.64,986.765,994.573,1012.613,1004.547
246.68,985.844,995.825,1011.490,1003.735
246.72,985.371,996.304,1011.426,1003.483
246.76,986.428,995.163,1012.531,1004.097
246.80,987.752,994.028,1013.275,1004.068
246.84,987.039,994.113,1013.343,1003.692
246.88,986.194,994.975,1011.543,1003.724
246.92,985.181,995.709,1011.355,1003.779
246.96,986.287,995.674,1012.420,1003.587
247.00,987.427,994.800,1012.933,1004.192
247.04,987.434,994.398,1013.504,1004.519
247.08,987.042,995.211,1012.639,1004.041
247.12,986.029,996.131,1011.856,1004.089
247.16,985.936,996.167,1011.802,1004.501
247.20,986.858,995.631,1012.648,1004.128
247.24,987.389,994.822,1013.558,1003.958
247.28,987.295,994.366,1012.570,1004.309
247.32,985.933,994.949,1012.094,1003.890
247.36,985.842,995.663,1011.509,1003.179
247.40,985.665,995.181,1011.650,1003.708
247.44,986.561,994.337,1012.666,1003.783
247.48,987.296,994.081,1012.840,1003.251
247.52,986.202,994.307,1012.450,1003.688
247.56,986.074,994.972,1011.532,1003.805
247.60,985.957,995.659,1012.324,1003.523
247.64,987.098,995.416,1012.763,1004.097
247.68,987.480,995.075,1013.159,1004.990
247.72,987.067,995.565,1012.999,1004.579
247.76,986.306,996.336,1011.543,1004.122
247.80,985.579,996.167,1012.132,1004.236
247.84,987.078,995.157,1012.392,1003.957
247.88,986.924,994.196,1013.075,1003.769
247.92,986.398,993.971,1012.192,1003.467
247.96,985.498,994.430,1011.101,1003.007
248.00,984.953,994.709,1011.706,1002.776
248.04,986.312,994.199,1011.573,1003.147
248.08,986.533,993.746,1013.115,1003.510
248.12,987.159,994.150,1012.628,1003.583
248.16,986.201,995.175,1012.005,1004.006
248.20,985.907,996.119,1012.069,1004.230
248.24,986.810,996.322,1012.158,1004.364
248.28,987.173,995.764,1013.559,1004.710
248.32,987.924,995.284,1012.860,1004.831
248.36,986.368,995.502,1012.554,1004.423
248.40,985.981,995.833,1011.693,1003.673
248.44,985.747,995.287,1011.437,1003.572
248.48,986.161,994.178,1012.679,1003.415
248.52,987.392,993.476,1012.681,1003.027
248.56,986.242,993.574,1012.639,1003.385
248.60,985.769,994.578,1011.060,1003.479
248.64,985.111,995.614,1011.584,1003.153
248.68,986.731,995.483,1012.687,1003.647
248.72,987.795,994.671,1013.392,1004.918
248.76,987.704,995.094,1013.626,1004.813
248.80,986.927,996.412,1012.290,1004.340
248.84,985.699,996.989,1011.812,1004.808
248.88,986.672,996.465,1012.333,1004.684
248.92,987.657,995.358,1013.757,1004.148
248.96,987.586,994.351,1013.107,1004.425
249.00,986.036,994.491,1011.658,1004.024
249.04,985.025,995.306,1011.410,1002.609
249.08,985.628,994.821,1011.315,1002.771
249.12,986.327,993.486,1012.601,1003.752
249.16,987.364,993.326,1013.376,1003.185
249.20,986.875,994.318,1012.453,1003.252
249.24,985.409,995.418,1011.417,1004.444
249.28,985.995,996.469,1011.680,1004.124
249.32,987.007,996.459,1013.332,1004.044
249.36,988.215,995.273,1013.458,1005.393
249.40,987.665,995.198,1013.519,1005.306
249.44,986.687,996.354,1012.314,1003.942
249.48,985.429,996.553,1011.045,1004.146
249.52,985.728,995.436,1011.958,1004.160
249.56,987.157,994.218,1012.796,1003.040
249.60,986.681,993.226,1012.841,1003.052
249.64,985.769,993.210,1011.453,1003.244
249.68,985.049,994.296,1011.179,1002.392
249.72,985.438,994.773,1011.715,1002.555
249.76,986.644,994.226,1012.161,1004.023
249.80,987.267,994.413,1013.666,1004.227
249.84,987.721,995.564,1012.985,1004.073
249.88,986.270,996.474,1012.122,1005.254
249.92,986.504,997.159,1012.410,1005.147
249.96,987.601,997.032,1013.207,1004.532
250.00,987.572,995.790,1013.423,1005.274
250.04,987.219,995.074,1012.603,1004.939
250.08,986.112,995.429,1012.236,1003.159
250.12,985.511,994.977,1011.245,1003.035
250.16,985.416,993.800,1011.457,1003.471
250.20,986.315,993.295,1012.443,1002.286
250.24,986.335,993.150,1012.234,1002.348
250.28,985.764,993.353,1011.660,1003.510
250.32,985.846,994.642,1011.804,1003.253
250.36,986.276,995.736,1012.209,1003.321
250.40,987.034,995.679,1012.794,1004.947
250.44,987.815,995.810,1013.641,1005.416
250.48,988.024,996.666,1013.625,1004.850
250.52,987.157,997.067,1012.791,1005.525
250.56,986.730,996.973,1012.251,1005.606
250.60,986.796,996.672,1012.701,1004.324
250.64,986.864,995.368,1012.731,1003.930
250.68,986.535,993.897,1012.198,1004.001
250.72,985.818,993.573,1011.939,1002.668
250.76,985.245,993.704,1011.287,1001.831
250.80,985.064,993.265,1011.012,1002.618
250.84,985.683,993.162,1011.929,1002.692
250.88,986.597,993.721,1012.529,1002.530
250.92,986.425,994.324,1012.346,1003.875
250.96,986.457,995.406,1012.112,1004.636
251.00,986.836,996.771,1012.709,1004.333
251.04,987.420,996.958,1013.287,1005.155
251.08,988.109,996.430,1013.447,1006.098
251.12,987.812,996.618,1013.757,1005.394
251.16,987.179,996.835,1012.513,1004.665
251.20,985.838,996.258,1011.762,1004.784
251.24,986.108,995.285,1011.946,1003.658
251.28,986.368,994.013,1012.364,1002.622
251.32,985.950,992.684,1011.961,1002.795
251.36,985.342,992.529,1011.139,1002.358
251.40,984.859,993.369,1011.243,1001.475
251.44,985.255,993.606,1011.191,1002.390
251.48,986.093,993.647,1012.242,1003.603
251.52,987.415,994.536,1013.188,1003.606
251.56,987.235,995.722,1012.992,1004.602
251.60,986.892,996.823,1012.520,1005.720
251.64,987.313,997.829,1013.023,1005.418
251.68,987.783,997.758,1013.697,1005.495
251.72,988.155,996.627,1013.469,1006.141
251.76,987.428,996.099,1013.431,1005.206
251.80,986.801,995.993,1012.271,1003.792
251.84,985.403,995.108,1011.388,1003.706
251.88,985.531,993.940,1011.438,1002.991
251.92,985.864,993.061,1012.061,1001.856
251.96,985.774,992.307,1011.870,1002.142
252.00,985.506,992.477,1011.454,1002.583
252.04,985.479,993.798,1011.660,1002.254
252.08,985.943,994.826,1011.796,1003.140
252.12,986.689,995.237,1012.521,1004.698
252.16,987.482,996.045,1013.326,1004.941
252.20,987.708,996.930,1013.457,1005.037
252.24,987.553,997.153,1013.072,1005.893
252.28,987.359,997.155,1013.003,1005.794
252.32,987.344,997.006,1012.910,1004.764
252.36,986.660,995.984,1012.481,1004.624
252.40,986.362,994.769,1012.089,1004.014
252.44,986.095,994.022,1012.183,1002.632
252.48,985.706,993.269,1011.659,1002.371
252.52,985.267,992.787,1011.298,1002.593
252.56,985.600,993.203,1011.837,1002.072
252.60,985.942,993.728,1011.834,1002.561
252.64,986.199,994.156,1012.162,1003.877
252.68,986.932,995.280,1012.798,1004.146
252.72,987.199,996.407,1012.841,1004.607
252.76,987.202,996.870,1012.933,1005.640
252.80,987.608,997.183,1013.303,1005.657
252.84,987.808,997.173,1013.494,1005.225
252.88,987.351,996.532,1012.993,1005.408
252.92,986.727,995.867,1012.216,1004.778
252.96,985.962,995.410,1011.954,1003.382
253.00,985.690,994.240,1011.722,1002.816
253.04,985.856,992.925,1011.875,1002.760
253.08,985.944,992.492,1012.034,1002.123
253.12,985.551,992.950,1011.613,1002.087
253.16,985.281,993.672,1011.084,1002.837
253.20,985.627,994.579,1011.879,1003.249
253.24,987.122,995.210,1013.171,1003.693
253.28,987.945,995.534,1013.360,1005.211
253.32,987.477,996.479,1013.266,1005.888
253.36,987.077,997.885,1012.404,1005.188
253.40,986.499,997.932,1012.308,1005.232
253.44,987.081,996.470,1012.975,1005.307
253.48,987.935,995.007,1013.497,1004.259
253.52,986.883,994.136,1012.919,1003.580
253.56,985.552,993.943,1011.083,1003.230
253.60,984.434,994.176,1010.816,1002.284
253.64,985.232,993.788,1011.195,1001.855
253.68,986.007,992.695,1012.166,1002.757
253.72,986.663,992.645,1012.722,1003.012
253.76,986.443,994.017,1012.038,1002.952
253.80,985.447,995.540,1011.618,1003.877
253.84,986.300,996.436,1011.826,1004.563
253.88,987.363,996.554,1013.505,1004.777
253.92,988.235,996.100,1013.829,1005.411
253.96,987.802,996.068,1013.170,1005.601
254.00,986.813,996.707,1012.949,1004.697
254.04,986.705,996.672,1011.937,1004.378
254.08,986.241,995.628,1012.599,1004.593
254.12,987.221,994.627,1012.821,1003.736
254.16,986.683,994.067,1012.541,1003.224
254.20,985.644,993.903,1011.683,1003.376
254.24,985.462,994.274,1011.101,1002.780
254.28,985.414,994.439,1012.086,1002.557
254.32,986.670,993.928,1012.192,1003.426
254.36,986.928,993.964,1013.023,1003.979
254.40,986.934,995.104,1012.659,1003.864
254.44,986.308,996.167,1011.890,1004.439
254.48,986.300,996.637,1012.444,1004.913
254.52,987.555,996.461,1013.041,1004.746
254.56,987.694,995.829,1013.763,1004.938
254.60,987.572,995.453,1012.933,1005.001
254.64,986.325,995.769,1012.071,1004.243
254.68,985.579,995.846,1011.739,1003.509
254.72,986.090,994.873,1011.722,1003.477
254.76,986.439,993.640,1012.679,1003.328
254.80,986.760,993.258,1012.331,1002.814
254.84,985.461,993.667,1011.607,1002.889
254.88,985.277,994.423,1011.207,1002.918
254.92,985.901,994.862,1011.830,1003.142
254.96,986.752,994.705,1012.927,1003.934
255.00,987.614,994.827,1013.027,1004.494
255.04,986.916,995.725,1012.972,1004.661
255.08,986.647,996.705,1011.944,1004.656
255.12,986.285,996.859,1012.312,1004.840
255.16,987.266,996.115,1012.944,1004.647
255.20,987.416,995.155,1013.026,1004.467
255.24,986.635,994.654,1012.628,1004.016
255.28,985.972,994.739,1011.536,1003.281
255.32,985.259,994.620,1011.625,1002.921
255.36,986.099,993.980,1011.927,1002.990
255.40,986.462,993.528,1012.586,1003.204
255.44,986.602,993.836,1012.614,1003.286
255.48,986.398,994.748,1011.924,1003.632
255.52,985.875,995.686,1012.057,1004.128
255.56,986.631,996.153,1012.089,1004.376
255.60,986.922,996.002,1012.998,1004.580
255.64,987.449,995.614,1013.035,1004.746
255.68,987.093,995.497,1012.614,1004.505
255.72,986.155,995.620,1012.408,1004.054
255.76,986.304,995.394,1011.592,1003.705
255.80,985.789,994.728,1012.324,1003.595
255.84,986.657,994.067,1012.051,1003.215
255.88,986.052,993.776,1012.202,1003.100
255.92,985.939,993.969,1011.976,1003.042
255.96,985.933,994.369,1011.640,1003.157
256.00,986.102,994.710,1012.586,1003.473
256.04,987.231,994.942,1012.457,1004.105
256.08,986.779,995.397,1013.090,1004.634
256.12,987.161,996.177,1012.422,1004.628
256.16,986.468,996.642,1012.476,1004.790
256.20,986.835,996.382,1012.608,1004.783
256.24,987.200,995.677,1012.716,1004.488
256.28,986.881,995.028,1013.137,1004.091
256.32,986.697,994.645,1011.844,1003.793
256.36,985.383,994.642,1011.977,1003.320
256.40,986.069,994.478,1011.644,1002.807
256.44,985.922,993.923,1012.082,1003.215
256.48,986.469,993.726,1012.566,1003.311
256.52,986.624,994.278,1012.009,1003.278
256.56,985.687,995.010,1012.150,1003.742
256.60,986.476,995.567,1011.877,1003.976
256.64,986.768,995.717,1012.965,1004.277
256.68,987.566,995.587,1013.301,1004.723
256.72,987.527,995.693,1012.808,1004.988
256.76,986.491,996.264,1012.864,1004.630
256.80,986.820,996.435,1011.845,1004.293
256.84,986.218,995.724,1012.703,1004.447
256.88,987.179,994.880,1012.801,1004.017
256.92,986.954,994.411,1012.610,1003.614
256.96,986.032,994.342,1012.234,1003.562
257.00,985.723,994.640,1011.033,1003.293
257.04,985.352,994.794,1012.115,1002.912
257.08,986.775,994.256,1012.294,1003.289
257.12,986.887,993.901,1012.810,1004.051
257.16,986.809,994.708,1012.856,1003.804
257.20,986.613,995.811,1012.062,1003.932
257.24,986.203,996.248,1012.343,1004.792
257.28,987.173,996.278,1012.764,1004.838
257.32,987.766,996.046,1013.684,1004.589
257.36,987.504,995.625,1013.004,1005.136
257.40,986.389,995.755,1011.899,1004.765
257.44,985.661,996.069,1011.838,1003.349
257.48,985.952,995.065,1011.639,1003.303
257.52,986.264,993.469,1012.427,1003.596
257.56,986.585,993.053,1012.486,1002.606
257.60,985.765,993.466,1011.524,1002.341
257.64,984.993,993.987,1011.275,1003.059
257.68,986.023,994.575,1011.918,1003.109
257.72,986.923,994.910,1012.893,1003.637
257.76,987.042,995.063,1012.605,1004.872
257.80,986.772,995.997,1012.413,1004.718
257.84,986.525,996.856,1012.615,1004.215
257.88,986.961,996.384,1012.470,1004.932
257.92,987.267,995.521,1013.080,1005.042
257.96,987.337,995.311,1013.181,1003.973
258.00,986.469,995.134,1012.094,1003.861
258.04,985.402,994.860,1011.361,1003.914
258.08,985.704,994.736,1011.652,1002.712
258.12,986.162,993.985,1012.303,1002.603
258.16,986.389,993.042,1012.221,1003.546
258.20,986.221,993.596,1012.067,1003.073
258.24,985.635,994.844,1011.791,1002.703
258.28,985.720,995.196,1011.467,1003.867
258.32,986.659,995.215,1012.776,1004.340
258.36,987.863,995.446,1013.721,1004.148
258.40,987.617,995.661,1012.976,1005.096
258.44,986.543,996.313,1012.395,1005.362
258.48,986.405,997.123,1012.215,1004.222
258.52,986.541,996.440,1012.305,1004.334
258.56,986.876,994.790,1012.855,1004.695
258.60,987.183,994.116,1012.883,1003.441
258.64,985.942,994.139,1011.844,1002.809
258.68,984.901,994.084,1010.660,1003.096
258.72,985.079,994.081,1011.404,1002.488
258.76,986.188,993.750,1012.187,1002.320
258.80,986.596,993.206,1012.396,1003.525
258.84,986.453,993.925,1012.500,1003.708
258.88,986.318,995.531,1012.050,1003.371
258.92,986.081,996.283,1011.880,1004.490
258.96,986.918,996.200,1012.718,1005.157
259.00,987.809,996.186,1013.566,1004.619
259.04,987.561,995.924,1013.136,1004.914
259.08,986.727,995.775,1012.338,1005.034
259.12,986.116,996.020,1012.032,1003.890
259.16,986.093,995.452,1012.004,1003.343
259.20,986.362,994.094,1012.350,1003.701
259.24,986.694,993.420,1012.484,1003.178
259.28,985.961,993.756,1012.008,1002.588
259.32,985.351,994.156,1011.243,1002.992
259.36,985.599,994.507,1011.594,1003.265
259.40,986.488,994.719,1012.570,1003.336
259.44,987.061,994.733,1012.803,1004.087
259.48,987.144,995.148,1012.843,1004.605
259.52,986.897,996.118,1012.871,1004.503
259.56,986.899,996.680,1012.387,1004.798
259.60,986.943,996.552,1012.917,1005.172
259.64,987.612,996.115,1013.165,1004.825
259.68,987.149,995.664,1012.913,1004.525
259.72,986.481,995.316,1012.335,1004.231
259.76,986.032,995.028,1011.937,1003.568
259.80,986.109,994.548,1012.143,1003.076
259.84,986.304,993.819,1012.094,1003.276
259.88,986.229,993.638,1012.274,1003.222
259.92,986.160,994.179,1011.985,1003.010
259.96,985.907,994.733,1011.945,1003.448
260.00,986.257,995.064,1012.151,1003.960
260.04,986.936,995.403,1012.734,1004.057
260.08,987.134,995.587,1013.133,1004.556
260.12,987.375,995.836,1012.787,1004.888
260.16,986.857,996.292,1012.875,1004.803
260.20,986.904,996.433,1012.471,1004.594
260.24,986.756,995.994,1012.682,1004.657
260.28,987.026,995.369,1012.784,1004.301
260.32,986.822,994.911,1012.590,1003.861
260.36,986.152,994.642,1012.128,1003.588
260.40,985.869,994.504,1011.544,1003.280
260.44,985.635,994.373,1012.000,1002.928
260.48,986.298,994.007,1011.924,1003.075
260.52,986.222,993.827,1012.319,1003.425
260.56,986.400,994.355,1012.190,1003.368
260.60,986.178,995.063,1012.011,1003.616
260.64,986.326,995.505,1012.314,1004.153
260.68,986.992,995.675,1012.477,1004.440
260.72,987.029,995.776,1012.968,1004.530
260.76,987.013,995.789,1012.639,1004.616
260.80,986.727,995.800,1012.387,1004.447
260.84,986.370,995.660,1012.347,1004.106
260.88,986.589,995.158,1012.311,1003.835
260.92,986.628,994.541,1012.688,1003.702
260.96,986.600,994.258,1012.278,1003.569
261.00,985.994,994.468,1011.960,1003.367
261.04,985.974,994.775,1012.018,1003.288
261.08,986.361,994.766,1012.202,1003.639
261.12,986.613,994.749,1012.512,1004.007
261.16,986.869,995.106,1012.664,1003.970
261.20,986.796,995.516,1012.557,1004.165
261.24,986.533,995.719,1012.439,1004.573
261.28,986.880,995.898,1012.466,1004.325
261.32,986.910,995.744,1013.019,1004.298
261.36,987.219,995.323,1012.759,1004.562
261.40,986.768,995.250,1012.621,1004.344
261.44,986.347,995.488,1012.241,1003.798
261.48,986.130,995.232,1011.781,1003.770
261.52,986.071,994.720,1012.252,1003.679
261.56,986.652,994.316,1012.434,1003.263
261.60,986.390,994.097,1012.384,1003.379
261.64,986.024,994.316,1011.806,1003.593
261.68,985.888,994.882,1011.935,1003.257
261.72,986.412,995.076,1012.356,1003.497
261.76,986.913,994.852,1012.623,1004.374
261.80,986.949,995.173,1012.911,1004.422
261.84,986.956,995.925,1012.488,1004.134
261.88,986.410,996.113,1012.373,1004.636
261.92,986.843,995.922,1012.496,1004.687
261.96,987.090,995.665,1012.967,1004.183
262.00,986.872,995.185,1012.769,1004.230
262.04,986.577,994.885,1012.219,1004.106
262.08,985.950,994.981,1011.882,1003.514
262.12,985.668,994.832,1011.530,1003.145
262.16,986.022,994.184,1012.159,1003.173
262.20,986.743,993.712,1012.606,1003.249
262.24,986.501,993.908,1012.185,1003.432
262.28,985.929,994.735,1012.127,1003.508
262.32,986.324,995.519,1012.071,1003.749
262.36,986.645,995.677,1012.557,1004.455
262.40,987.158,995.679,1012.899,1004.756
262.44,987.219,995.895,1012.892,1004.532
262.48,986.733,996.002,1012.522,1004.547
262.52,986.448,995.816,1012.125,1004.454
262.56,986.409,995.448,1012.423,1003.843
262.60,986.677,994.758,1012.420,1003.602
262.64,986.242,994.125,1012.111,1003.682
262.68,985.868,994.129,1011.915,1003.040
262.72,985.811,994.290,1011.698,1002.725
262.76,985.867,994.089,1011.983,1003.278
262.80,986.544,994.141,1012.325,1003.493
262.84,986.606,994.685,1012.686,1003.560
262.88,986.698,995.289,1012.309,1004.165
262.92,986.396,995.846,1012.256,1004.655
262.96,986.909,996.273,1012.804,1004.370
263.00,987.263,996.095,1012.923,1004.703
263.04,987.207,995.627,1012.906,1005.057
263.08,986.951,995.675,1012.780,1004.370
263.12,986.541,995.701,1012.445,1003.891
263.16,986.321,995.139,1012.100,1004.156
263.20,986.444,994.672,1012.442,1003.735
263.24,986.520,994.492,1012.392,1003.195
263.28,986.169,994.259,1011.972,1003.513
263.32,985.741,994.403,1011.736,1003.531
263.36,986.018,994.770,1011.857,1002.981
263.40,986.098,994.607,1012.286,1003.404
263.44,986.704,994.358,1012.356,1004.021
263.48,986.849,994.827,1012.971,1003.795
263.52,986.857,995.452,1012.449,1004.024
263.56,986.360,995.829,1012.091,1004.756
263.60,986.573,996.156,1012.493,1004.406
263.64,986.978,995.970,1012.581,1004.148
263.68,986.812,995.228,1012.822,1004.554
263.72,986.881,994.898,1012.588,1004.132
263.76,986.521,995.001,1012.460,1003.379
263.80,986.174,994.823,1011.995,1003.679
263.84,986.081,994.625,1011.887,1003.828
263.88,986.261,994.723,1012.502,1003.226
263.92,986.836,994.639,1012.453,1003.512
263.96,986.422,994.528,1012.538,1004.322
264.00,986.834,995.222,1012.377,1003.869
264.04,986.568,995.839,1012.608,1003.905
264.08,986.835,995.716,1012.493,1004.838
264.12,987.140,995.725,1012.965,1004.736
264.16,987.280,995.971,1013.152,1004.221
264.20,986.797,995.736,1012.341,1004.698
264.24,986.482,995.555,1012.346,1004.464
264.28,986.569,995.526,1012.537,1003.583
264.32,986.511,994.850,1012.203,1003.752
264.36,986.339,994.264,1012.423,1003.881
264.40,986.480,994.392,1012.293,1003.152
264.44,986.025,994.556,1011.950,1003.216
264.48,985.877,994.560,1011.884,1003.771
264.52,986.490,994.799,1012.324,1003.512
264.56,986.854,994.967,1012.977,1003.665
264.60,986.946,995.030,1012.305,1004.588
264.64,986.431,995.650,1012.675,1004.432
264.68,987.124,996.260,1012.854,1003.935
264.72,987.077,995.888,1012.611,1005.010
264.76,986.998,995.636,1013.016,1005.103
264.80,987.320,995.938,1012.671,1003.906
264.84,986.252,995.663,1012.497,1004.239
264.88,986.432,995.038,1011.787,1004.396
264.92,986.136,994.877,1012.300,1003.225
264.96,986.154,994.443,1012.138,1002.920
265.00,986.002,993.703,1011.615,1003.554
265.04,985.873,993.839,1012.385,1002.940
265.08,986.394,994.288,1011.831,1002.676
265.12,985.845,994.400,1012.024,1003.827
265.16,986.551,994.852,1012.403,1003.961
265.20,987.071,995.593,1012.718,1003.796
265.24,986.769,995.767,1012.972,1004.842
265.28,987.376,996.017,1012.427,1005.141
265.32,986.813,996.523,1013.163,1004.490
265.36,987.164,996.343,1012.483,1004.620
265.40,986.679,995.594,1012.464,1004.894
265.44,986.728,995.294,1012.776,1003.861
265.48,986.512,994.858,1012.017,1003.348
265.52,985.601,994.184,1011.925,1003.593
265.56,985.944,994.011,1011.423,1002.889
265.60,985.561,993.962,1012.031,1002.421
265.64,986.049,993.574,1011.813,1003.063
265.68,986.122,993.743,1011.990,1003.387
265.72,986.371,994.615,1012.675,1003.096
265.76,986.738,995.219,1012.199,1004.033
265.80,986.758,995.698,1012.809,1004.950
265.84,987.365,996.434,1012.988,1004.747
265.88,987.291,996.758,1012.890,1004.997
265.92,987.124,996.489,1013.101,1005.419
265.96,987.454,996.247,1012.618,1004.860
266.00,986.447,995.894,1012.812,1004.190
266.04,986.520,995.102,1012.031,1003.934
266.08,986.150,994.339,1012.059,1003.459
266.12,985.970,993.896,1012.145,1002.791
266.16,985.787,993.605,1011.297,1002.743
266.20,985.284,993.587,1011.796,1002.710
266.24,986.092,993.883,1011.630,1002.623
266.28,986.005,994.087,1012.348,1003.282
266.32,986.777,994.590,1012.479,1003.870
266.36,986.870,995.448,1012.565,1004.239
266.40,986.794,996.258,1012.930,1004.714
266.44,987.381,996.641,1012.529,1005.202
266.48,987.112,996.698,1013.530,1005.249
266.52,987.906,996.475,1013.083,1005.016
266.56,986.913,996.062,1012.821,1005.023
266.60,986.551,995.722,1012.284,1004.288
266.64,986.098,995.252,1011.765,1003.462
266.68,985.776,994.275,1012.234,1003.159
266.72,986.376,993.369,1011.792,1002.921
266.76,985.598,993.183,1011.868,1002.555
266.80,985.279,993.557,1011.101,1002.380
266.84,985.117,993.919,1011.129,1002.561
266.88,986.053,994.088,1012.472,1002.925
266.92,987.326,994.209,1012.728,1003.803
266.96,986.986,995.008,1013.157,1004.647
267.00,987.065,996.469,1012.464,1004.734
267.04,986.550,997.395,1012.289,1005.102
267.08,987.083,997.199,1013.140,1005.411
267.12,988.217,996.361,1013.506,1005.220
267.16,987.656,995.648,1013.745,1004.976
267.20,986.983,995.447,1012.190,1004.478
267.24,985.256,995.522,1011.433,1003.623
267.28,985.316,994.934,1011.191,1002.749
267.32,985.878,993.497,1011.922,1002.680
267.36,986.343,992.383,1012.638,1002.604
267.40,986.219,992.610,1011.605,1002.405
267.44,984.661,993.821,1011.136,1002.529
267.48,985.259,994.831,1011.021,1002.849
267.52,986.457,995.021,1012.624,1003.631
267.56,987.838,994.903,1013.645,1004.728
267.60,987.802,995.627,1013.033,1005.200
267.64,986.502,997.050,1012.586,1004.939
267.68,986.551,997.614,1011.896,1004.904
267.72,986.775,996.688,1013.012,1005.123
267.76,987.991,995.333,1013.518,1004.592
267.80,987.330,994.548,1013.062,1004.094
267.84,985.772,994.517,1011.645,1003.573
267.88,984.857,994.768,1010.546,1002.709
267.92,985.010,994.222,1011.540,1002.257
267.96,986.320,992.980,1012.120,1002.743
268.00,986.530,992.523,1012.599,1003.006
268.04,986.127,993.651,1011.973,1002.743
268.08,985.375,995.053,1011.179,1003.307
268.12,985.835,995.828,1012.114,1004.048
268.16,987.545,995.876,1013.147,1004.554
268.20,988.023,995.792,1013.946,1005.226
268.24,987.872,996.212,1013.185,1005.511
268.28,986.677,997.091,1012.278,1005.092
268.32,986.096,997.196,1012.015,1004.603
268.36,986.593,995.973,1012.135,1004.332
268.40,986.716,994.327,1012.875,1003.802
268.44,986.657,993.378,1012.485,1002.882
268.48,985.639,993.200,1011.605,1002.481
268.52,984.880,993.482,1010.924,1002.396
268.56,985.147,993.834,1011.300,1002.334
268.60,986.171,993.830,1012.402,1002.795
268.64,987.235,993.903,1012.852,1003.862
268.68,987.042,994.939,1012.944,1004.462
268.72,986.762,996.577,1012.443,1004.592
268.76,986.846,997.436,1012.621,1005.180
268.80,987.600,997.189,1013.392,1005.815
268.84,988.247,996.679,1013.573,1005.599
268.88,987.346,996.333,1013.278,1005.048
268.92,986.395,995.943,1011.741,1004.431
268.96,985.385,995.297,1011.584,1003.451
269.00,985.985,994.078,1011.994,1002.516
269.04,986.043,992.623,1011.915,1002.622
269.08,985.707,992.259,1011.875,1002.315
269.12,985.396,993.140,1011.320,1001.812
269.16,985.158,993.929,1011.404,1002.602
269.20,986.149,994.470,1012.124,1003.679
269.24,987.343,995.204,1013.101,1004.149
269.28,987.628,996.037,1013.556,1005.017
269.32,987.612,996.929,1012.859,1005.857
269.36,987.063,997.815,1012.999,1005.676
269.40,987.453,997.798,1013.031,1005.342
269.44,987.483,996.599,1013.109,1005.512
269.48,987.196,995.445,1013.124,1004.736
269.52,986.751,994.815,1012.397,1003.345
269.56,985.535,994.125,1011.583,1003.045
269.60,985.181,993.515,1011.069,1002.723
269.64,985.408,993.202,1011.728,1001.885
269.68,985.859,992.880,1011.865,1002.209
269.72,985.930,992.989,1011.801,1003.093
269.76,985.938,994.165,1012.146,1003.040
269.80,986.487,995.417,1012.127,1003.495
269.84,986.635,995.921,1012.707,1005.018
269.88,987.713,996.460,1013.256,1005.342
269.92,987.934,997.044,1013.788,1005.159
269.96,987.763,997.041,1013.266,1005.828
270.00,987.337,996.928,1012.791,1005.762
270.04,986.813,996.836,1012.767,1004.564
270.08,986.630,995.877,1012.139,1004.112
270.12,986.067,994.375,1012.232,1003.897
270.16,986.186,993.534,1011.777,1002.555
270.20,985.179,993.075,1011.420,1001.967
270.24,984.847,992.747,1010.826,1002.156
270.28,985.259,992.863,1011.313,1001.919
270.32,986.046,993.241,1012.550,1002.229
270.36,986.783,993.751,1012.166,1003.746
270.40,986.490,995.182,1012.729,1004.447
270.44,987.084,996.936,1012.582,1004.517
270.48,987.118,997.527,1012.894,1005.706
270.52,988.013,997.293,1013.888,1006.256
270.56,988.715,997.159,1014.084,1005.673
270.60,987.632,996.858,1013.300,1005.591
270.64,986.459,996.475,1011.903,1005.138
270.68,985.831,995.946,1011.951,1003.524
270.72,986.031,994.431,1011.951,1002.837
270.76,986.012,992.560,1011.843,1002.952
270.80,985.639,992.141,1011.913,1001.918
270.84,985.213,992.736,1011.020,1001.346
270.88,984.505,993.209,1010.920,1002.431
270.92,985.905,993.828,1011.829,1002.867
270.96,987.120,994.629,1013.286,1003.394
271.00,987.602,995.325,1013.150,1005.107
271.04,987.304,996.752,1012.887,1005.806
271.08,987.178,998.278,1013.022,1005.285
271.12,987.529,998.161,1012.856,1005.939
271.16,987.731,996.920,1013.832,1006.240
271.20,988.217,996.104,1013.416,1004.849
271.24,986.517,995.440,1012.535,1004.020
271.28,985.441,994.621,1011.033,1003.558
271.32,984.903,993.923,1010.854,1002.253
271.36,985.090,992.885,1011.743,1001.429
271.40,985.927,991.645,1011.416,1002.003
271.44,985.513,991.815,1012.222,1002.190
271.48,985.932,993.416,1011.576,1002.042
271.52,985.378,994.885,1011.422,1003.495
271.56,986.466,995.922,1012.601,1004.640
271.60,988.306,996.714,1013.593,1005.068
271.64,988.271,997.053,1014.319,1006.229
271.68,988.199,997.606,1013.076,1006.661
271.72,986.834,998.320,1012.756,1005.633
271.76,986.601,997.687,1012.205,1004.845
271.80,986.552,995.533,1012.187,1004.554
271.84,986.529,993.588,1012.848,1003.138
271.88,986.125,992.525,1011.675,1001.818
271.92,984.301,992.087,1010.708,1001.723
271.96,984.342,992.376,1010.345,1001.260
272.00,985.061,992.746,1011.378,1001.274
272.04,986.128,992.816,1012.298,1002.805
272.08,987.084,993.768,1012.623,1003.949
272.12,986.951,995.867,1013.148,1004.316
272.16,987.092,997.624,1012.399,1005.502
272.20,987.295,998.246,1012.922,1006.486
272.24,988.074,998.194,1013.960,1006.068
272.28,988.438,997.327,1013.640,1005.812
272.32,987.285,996.213,1013.332,1005.558
272.36,986.739,995.597,1012.059,1004.083
272.40,985.319,994.847,1011.700,1002.872
272.44,985.569,993.425,1011.423,1002.500
272.48,985.711,992.256,1011.690,1002.153
272.52,985.535,992.178,1011.883,1001.710
272.56,985.398,992.810,1011.180,1002.037
272.60,985.224,993.789,1011.575,1002.833
272.64,986.418,994.834,1012.244,1003.442
272.68,987.391,995.616,1013.433,1004.534
272.72,988.218,996.404,1013.700,1005.784
272.76,987.837,997.560,1013.294,1006.238
272.80,987.467,998.518,1013.193,1005.881
272.84,987.577,998.141,1013.094,1005.972
272.88,987.500,996.800,1013.110,1005.711
272.92,987.298,995.551,1013.006,1004.325
272.96,986.233,994.453,1012.141,1003.225
273.00,985.198,993.440,1011.001,1002.717
273.04,984.640,992.849,1010.936,1001.674
273.08,985.080,992.366,1011.287,1001.135
273.12,985.445,991.863,1011.557,1001.922
273.16,985.739,992.455,1011.593,1002.492
273.20,985.610,994.140,1011.763,1002.640
273.24,986.000,995.499,1011.841,1003.760
273.28,987.143,996.128,1012.916,1005.070
273.32,988.186,996.689,1014.008,1005.553
273.36,988.312,997.296,1013.441,1005.995
273.40,987.081,997.747,1012.961,1006.136
273.44,987.007,997.737,1012.449,1005.232
273.48,986.824,996.561,1012.812,1004.564
273.52,986.897,994.685,1012.722,1004.207
273.56,986.490,993.518,1012.033,1003.091
273.60,984.983,993.216,1011.438,1001.961
273.64,984.646,992.943,1010.217,1001.729
273.68,984.578,992.661,1011.375,1001.765
273.72,986.275,992.562,1012.044,1001.926
273.76,986.440,993.000,1012.426,1003.113
273.80,986.255,994.522,1012.324,1003.976
273.84,986.491,996.504,1011.893,1004.214
273.88,986.644,997.400,1012.967,1005.194
273.92,988.187,997.159,1013.239,1006.068
273.96,988.101,996.906,1014.018,1005.883
274.00,987.777,996.828,1013.325,1005.183
274.04,986.672,996.423,1012.123,1004.919
274.08,985.982,995.709,1012.249,1004.095
274.12,986.441,994.636,1011.936,1003.053
274.16,985.745,993.316,1012.000,1002.890
274.20,985.595,992.694,1011.515,1002.375
274.24,985.345,992.936,1011.329,1001.671
274.28,984.995,993.200,1011.293,1002.256
274.32,985.855,993.557,1011.553,1002.954
274.36,986.517,994.380,1012.970,1003.273
274.40,987.232,995.230,1012.470,1004.374
274.44,986.643,996.250,1012.789,1005.261
274.48,987.518,997.345,1013.097,1005.017
274.52,987.739,997.385,1013.342,1005.617
274.56,987.703,996.800,1013.469,1006.147
274.60,987.692,996.607,1012.977,1005.064
274.64,986.678,996.239,1013.004,1004.202
274.68,986.584,995.136,1011.833,1004.277
274.72,985.933,994.330,1012.144,1003.466
274.76,985.995,993.849,1012.102,1002.293
274.80,985.590,993.211,1011.264,1002.642
274.84,985.454,993.049,1011.909,1002.697
274.88,986.116,993.646,1011.779,1002.341
274.92,985.835,994.170,1012.015,1003.253
274.96,986.548,994.791,1012.312,1004.070
275.00,987.076,995.747,1012.889,1004.286
275.04,987.367,996.412,1013.284,1004.941
275.08,987.593,996.726,1012.857,1005.744
275.12,987.263,997.108,1013.229,1005.428
275.16,987.428,997.068,1013.008,1004.927
275.20,987.101,996.160,1012.822,1005.078
275.24,986.981,995.343,1012.782,1004.462
275.28,986.573,994.858,1012.452,1003.390
275.32,986.096,994.238,1012.100,1003.234
275.36,985.884,993.785,1011.729,1003.222
275.40,985.947,993.919,1012.042,1002.721
275.44,985.994,994.094,1011.877,1002.919
275.48,985.887,994.211,1011.690,1003.598
275.52,985.984,994.770,1012.016,1003.447
275.56,986.465,995.195,1012.276,1003.448
275.60,986.705,995.071,1012.678,1004.345
275.64,987.150,995.257,1012.836,1004.531
275.68,986.983,995.896,1012.765,1004.225
275.72,986.538,996.071,1012.388,1004.625
275.76,986.698,995.940,1012.284,1004.649
275.80,986.959,995.684,1012.974,1004.093
275.84,986.970,995.100,1012.620,1004.140
275.88,986.285,994.728,1011.902,1004.087
275.92,985.670,994.903,1011.861,1003.111
275.96,985.831,994.579,1011.495,1002.818
276.00,985.767,993.737,1012.079,1003.303
276.04,986.564,993.541,1012.334,1002.971
276.08,986.437,993.969,1012.495,1002.934
276.12,986.187,994.565,1012.173,1003.851
276.16,986.416,995.440,1011.972,1004.214
276.20,986.691,996.220,1012.995,1004.170
276.24,987.535,996.178,1012.771,1004.991
276.28,987.088,996.030,1013.110,1005.444
276.32,987.359,996.365,1013.036,1004.438
276.36,986.849,996.174,1012.406,1004.401
276.40,986.097,995.409,1012.165,1004.687
276.44,986.527,994.985,1011.981,1003.401
276.48,985.870,994.371,1012.317,1002.798
276.52,986.009,993.446,1011.465,1003.248
276.56,985.614,993.338,1011.867,1002.731
276.60,985.793,993.826,1011.968,1002.159
276.64,985.874,993.955,1011.493,1003.252
276.68,986.120,994.331,1012.469,1003.820
276.72,987.172,995.275,1012.715,1003.623
276.76,986.910,995.795,1012.926,1004.708
276.80,987.131,996.246,1012.624,1005.462
276.84,987.350,996.938,1013.194,1004.819
276.88,987.553,996.862,1013.444,1005.012
276.92,987.596,996.109,1012.875,1005.731
276.96,986.885,996.007,1012.840,1004.686
277.00,986.420,995.913,1011.948,1003.537
277.04,985.500,994.831,1011.709,1003.733
277.08,986.170,993.738,1011.809,1003.042
277.12,985.914,993.199,1012.308,1002.143
277.16,985.671,992.913,1011.507,1002.514
277.20,985.456,993.274,1011.386,1002.771
277.24,985.760,994.221,1012.215,1002.584
277.28,986.713,994.724,1011.989,1003.621
277.32,986.710,995.196,1013.142,1004.802
277.36,987.775,996.261,1012.994,1004.734
277.40,987.068,997.066,1012.858,1005.268
277.44,986.973,997.189,1012.764,1005.680
277.48,987.464,996.913,1012.785,1005.064
277.52,987.077,996.112,1013.570,1004.556
277.56,987.450,995.038,1012.506,1004.469
277.60,986.158,994.565,1012.505,1003.817
277.64,986.010,994.548,1011.609,1002.795
277.68,985.259,994.121,1011.371,1002.950
277.72,985.714,993.615,1011.792,1002.880
277.76,986.255,993.512,1011.972,1002.605
277.80,985.843,993.695,1012.197,1003.007
277.84,986.225,994.326,1011.626,1003.470
277.88,986.067,995.159,1012.502,1003.654
277.92,986.987,995.656,1012.451,1004.227
277.96,987.015,995.846,1012.898,1005.020
278.00,987.472,996.229,1013.349,1004.878
278.04,987.372,996.506,1012.833,1004.938
278.08,986.830,996.415,1012.858,1005.117
278.12,987.114,996.146,1012.601,1004.612
278.16,986.632,995.613,1012.692,1004.162
278.20,986.567,994.859,1012.263,1003.911
278.24,986.216,994.322,1012.075,1003.397
278.28,985.831,994.076,1011.872,1002.896
278.32,985.859,993.910,1011.839,1002.857
278.36,986.062,993.833,1012.244,1003.082
278.40,986.464,994.114,1011.991,1003.354
278.44,986.177,994.777,1012.515,1003.701
278.48,986.836,995.463,1012.479,1004.123
278.52,986.889,995.940,1012.711,1004.748
278.56,987.260,996.298,1013.210,1004.911
278.60,987.572,996.481,1012.928,1005.040
278.64,986.865,996.411,1012.943,1005.154
278.68,986.985,996.206,1012.328,1004.615
278.72,986.362,995.703,1012.306,1004.077
278.76,986.251,994.768,1012.264,1003.663
278.80,986.236,993.939,1011.822,1003.155
278.84,985.487,993.566,1011.928,1002.620
278.88,985.815,993.441,1011.491,1002.370
278.92,985.650,993.456,1012.025,1002.761
278.96,986.374,993.867,1012.120,1003.166
279.00,986.409,994.680,1012.405,1003.650
279.04,986.713,995.582,1012.666,1004.283
279.08,987.065,996.285,1012.396,1004.934
279.12,987.004,996.740,1013.181,1005.162
279.16,987.721,996.748,1012.964,1005.102
279.20,987.114,996.372,1013.107,1005.230
279.24,987.159,995.973,1012.848,1004.642
279.28,986.685,995.541,1012.365,1004.054
279.32,986.063,994.856,1012.286,1003.792
279.36,986.356,994.263,1011.763,1003.235
279.40,985.815,993.857,1012.454,1002.856
279.44,986.379,993.666,1011.843,1002.972
279.48,985.768,993.910,1011.944,1003.289
279.52,986.128,994.589,1012.268,1003.176
279.56,986.598,995.056,1011.937,1003.782
279.60,986.375,995.384,1012.781,1004.538
279.64,987.431,995.856,1012.630,1004.376
279.68,986.974,996.127,1013.060,1004.670
279.72,987.059,996.066,1012.524,1005.066
279.76,986.618,996.116,1012.319,1004.566
279.80,986.476,995.860,1012.571,1003.851
279.84,986.673,994.916,1011.997,1004.018
279.88,985.970,994.153,1012.393,1003.657
279.92,986.219,994.097,1011.892,1002.624
279.96,985.513,993.896,1011.590,1002.806
280.00,985.528,993.697,1011.587,1003.123
280.04,986.289,994.033,1012.266,1002.685
280.08,986.614,994.311,1012.686,1003.377
280.12,986.717,994.716,1012.181,1004.556
280.16,986.615,995.951,1012.749,1004.281
280.20,987.090,996.697,1012.697,1004.400
280.24,987.072,996.411,1012.665,1005.581
280.28,987.394,996.247,1013.225,1005.173
280.32,987.528,996.249,1013.167,1004.218
280.36,986.641,995.593,1012.352,1004.719
280.40,985.944,995.107,1011.629,1004.265
280.44,985.770,994.957,1011.926,1002.577
280.48,985.893,993.879,1011.928,1002.711
280.52,986.143,992.722,1011.970,1003.300
280.56,986.120,993.146,1012.448,1002.373
280.60,986.048,994.147,1011.659,1002.493
280.64,985.486,994.647,1011.758,1004.084
280.68,986.841,995.458,1012.454,1004.088
280.72,987.326,996.124,1013.321,1004.247
280.76,987.482,996.108,1013.144,1005.565
280.80,987.486,996.505,1012.868,1005.535
280.84,987.059,997.093,1013.199,1004.587
280.88,987.016,996.556,1012.208,1004.988
280.92,986.476,995.562,1012.630,1004.888
280.96,986.906,995.001,1012.575,1003.328
281.00,985.876,994.225,1011.728,1003.097
281.04,985.245,993.470,1011.378,1003.051
281.08,985.575,993.422,1011.474,1001.979
281.12,985.610,993.263,1011.932,1002.107
281.16,985.986,993.093,1011.659,1003.239
281.20,986.140,994.035,1012.419,1003.195
281.24,986.775,995.281,1012.536,1003.398
281.28,986.745,995.864,1012.450,1005.107
281.32,987.342,996.601,1013.024,1005.409
281.36,987.631,997.262,1013.420,1005.015
281.40,987.537,996.989,1013.151,1005.651
281.44,987.499,996.441,1013.013,1005.640
281.48,987.036,996.235,1012.927,1004.378
281.52,986.379,995.575,1011.928,1003.893
281.56,985.496,994.446,1011.437,1003.648
281.60,985.637,993.660,1011.806,1002.267
281.64,985.860,992.892,1011.812,1001.836
281.68,985.410,992.255,1011.548,1002.645
281.72,985.619,992.962,1011.545,1002.292
281.76,985.644,994.216,1011.906,1002.320
281.80,986.339,994.754,1012.060,1003.992
281.84,987.057,995.447,1012.913,1004.897
281.88,987.827,996.615,1013.559,1004.771
281.92,987.560,997.192,1013.018,1005.750
281.96,987.145,997.377,1013.005,1006.183
282.00,987.658,997.427,1013.085,1005.026
282.04,987.016,996.520,1012.996,1004.849
282.08,986.836,995.146,1012.116,1004.709
282.12,986.038,994.434,1012.307,1003.131
282.16,985.671,993.808,1011.550,1002.177
282.20,985.004,992.842,1010.929,1002.567
282.24,985.262,992.673,1011.715,1001.937
282.28,985.932,992.969,1011.727,1001.708
282.32,985.613,993.274,1011.889,1003.133
282.36,986.283,994.332,1011.870,1003.674
282.40,986.395,995.852,1012.592,1003.705
282.44,987.157,996.420,1012.856,1004.966
282.48,987.937,996.574,1013.492,1005.957
282.52,988.233,997.119,1013.983,1005.600
282.56,987.557,997.439,1012.953,1005.647
282.60,986.737,997.163,1012.454,1005.552
282.64,986.848,996.427,1012.733,1004.419
282.68,987.000,995.064,1012.771,1003.764
282.72,986.426,993.661,1012.379,1003.684
282.76,985.822,993.386,1011.632,1002.634
282.80,985.090,993.656,1011.244,1001.867
282.84,985.011,993.437,1011.065,1002.547
282.88,985.861,993.342,1011.963,1002.835
282.92,986.734,993.846,1012.862,1002.865
282.96,986.904,994.538,1012.477,1004.062
283.00,986.470,995.777,1012.531,1004.865
283.04,987.130,997.095,1012.547,1004.637
283.08,987.221,997.309,1013.278,1005.421
283.12,988.114,996.694,1013.466,1006.043
283.16,987.853,996.526,1013.739,1005.320
283.20,987.202,996.457,1012.753,1004.620
283.24,986.048,995.851,1011.531,1004.518
283.28,985.522,995.096,1012.012,1003.394
283.32,986.442,993.981,1011.866,1002.392
283.36,985.704,992.624,1012.252,1002.826
283.40,986.013,992.508,1011.534,1002.452
283.44,985.080,993.511,1011.317,1001.928
283.48,985.210,994.147,1011.142,1002.722
283.52,985.893,994.438,1011.737,1003.695
283.56,987.003,994.956,1013.201,1003.707
283.60,987.519,995.455,1012.968,1004.506
283.64,986.975,996.093,1012.826,1005.424
283.68,986.992,997.054,1012.612,1004.966
283.72,986.861,997.213,1012.519,1004.811
283.76,987.050,996.205,1012.996,1005.136
283.80,987.558,995.282,1013.133,1004.486
283.84,986.976,994.813,1012.880,1003.683
283.88,985.934,994.574,1011.837,1003.639
283.92,985.623,994.495,1011.459,1003.156
283.96,985.953,994.331,1012.138,1002.680
284.00,986.419,993.791,1012.295,1003.300
284.04,986.607,993.798,1012.543,1003.684
284.08,986.586,994.793,1012.462,1003.444
284.12,986.253,995.649,1011.930,1004.066
284.16,986.395,996.031,1012.482,1004.718
284.20,987.669,996.162,1013.194,1004.590
284.24,987.637,995.991,1013.533,1005.064
284.28,987.255,995.993,1012.601,1005.293
284.32,986.311,996.397,1012.201,1004.356
284.36,986.162,996.081,1012.109,1003.751
284.40,986.497,994.762,1012.043,1004.014
284.44,986.396,993.726,1012.675,1003.406
284.48,986.280,993.609,1011.971,1002.519
284.52,985.308,993.691,1011.442,1002.755
284.56,985.376,993.879,1011.456,1002.973
284.60,986.233,994.294,1012.170,1002.810
284.64,986.636,994.426,1012.756,1003.693
284.68,986.929,994.832,1012.226,1004.583
284.72,986.442,996.032,1012.794,1004.270
284.76,987.028,996.710,1012.454,1004.424
284.80,987.017,996.299,1012.888,1005.381
284.84,987.573,996.005,1013.425,1005.016
284.88,987.374,995.989,1012.761,1004.377
284.92,986.249,995.639,1012.511,1004.460
284.96,986.439,995.225,1011.791,1003.963
285.00,985.958,994.788,1012.244,1003.191
285.04,986.335,994.058,1012.146,1003.105
285.08,986.248,993.551,1012.069,1003.277
285.12,986.026,993.900,1012.269,1002.949
285.16,985.918,994.481,1011.536,1003.095
285.20,985.829,994.855,1012.053,1003.709
285.24,986.839,995.138,1012.640,1003.936
285.28,987.342,995.353,1013.108,1004.349
285.32,987.221,995.727,1013.021,1004.939
285.36,986.966,996.374,1012.459,1004.916
285.40,986.647,996.795,1012.744,1004.574
285.44,987.135,996.228,1012.446,1004.780
285.48,986.890,995.390,1012.988,1004.660
285.52,987.039,994.982,1012.886,1003.769
285.56,986.505,994.691,1012.135,1003.599
285.60,985.778,994.475,1011.932,1003.659
285.64,986.171,994.521,1011.938,1003.073
285.68,986.341,994.439,1012.610,1003.169
285.72,986.606,994.217,1012.148,1003.990
285.76,986.286,994.795,1012.089,1003.805
285.80,986.016,995.577,1012.298,1003.429
285.84,986.490,995.498,1011.750,1004.140
285.88,986.494,995.134,1012.957,1004.469
285.92,987.710,995.190,1013.153,1003.830
285.96,986.763,995.209,1012.637,1004.440
286.00,986.220,995.531,1011.923,1004.566
286.04,986.203,995.956,1012.023,1003.602
286.08,986.427,995.430,1012.499,1003.753
286.12,986.950,994.367,1012.444,1004.368
286.16,986.764,994.333,1012.874,1003.562
286.20,986.241,994.830,1011.842,1003.165
286.24,985.278,994.877,1011.169,1003.805
286.28,985.862,994.889,1012.114,1003.328
286.32,987.029,994.573,1012.901,1003.122
286.36,987.244,994.064,1013.080,1004.300
286.40,986.859,994.754,1012.550,1004.495
286.44,986.148,996.279,1011.893,1003.740
286.48,985.877,996.608,1011.741,1004.318
286.52,986.811,995.740,1012.749,1004.844
286.56,988.025,995.065,1013.857,1004.210
286.60,987.633,994.845,1013.360,1004.288
286.64,986.373,995.225,1011.974,1004.610
286.68,985.696,996.065,1011.787,1003.730
286.72,986.234,995.926,1012.061,1003.504
286.76,986.757,994.615,1012.557,1004.382
286.80,986.987,994.038,1012.996,1003.867
286.84,986.402,994.547,1012.010,1002.969
286.88,985.211,994.813,1011.289,1003.398
286.92,985.730,994.716,1011.579,1003.438
286.96,986.450,994.516,1012.435,1003.119
287.00,986.775,994.144,1012.698,1003.649
287.04,986.532,994.368,1012.252,1004.033
287.08,986.268,995.329,1012.204,1003.567
287.12,986.380,995.794,1012.307,1003.897
287.16,986.856,995.531,1012.517,1004.773
287.20,987.121,995.546,1013.039,1004.559
287.24,987.141,995.785,1012.741,1004.114
287.28,986.363,995.627,1012.160,1004.529
287.32,986.193,995.470,1011.895,1004.171
287.36,986.162,995.218,1012.322,1003.267
287.40,986.577,994.333,1012.536,1003.409
287.44,986.824,993.691,1012.655,1003.773
287.48,986.578,994.194,1012.568,1003.330
287.52,986.092,995.089,1011.770,1003.440
287.56,985.712,995.533,1011.729,1004.157
287.60,986.727,995.602,1012.621,1004.067
287.64,987.495,995.367,1013.389,1004.234
287.68,987.553,995.179,1013.207,1004.957
287.72,986.828,995.798,1012.484,1004.752
287.76,986.309,996.558,1012.242,1004.026
287.80,986.377,996.103,1012.033,1004.368
287.84,986.720,995.093,1012.721,1004.521
287.88,987.277,994.589,1013.297,1003.506
287.92,986.807,994.339,1012.375,1003.563
287.96,985.598,994.496,1011.510,1003.917
288.00,985.563,995.125,1011.395,1002.990
288.04,985.921,994.954,1012.082,1002.953
288.08,986.755,993.987,1012.409,1003.991
288.12,986.933,994.000,1013.058,1003.833
288.16,986.846,995.023,1012.608,1003.343
288.20,985.935,995.654,1011.609,1004.381
288.24,986.008,996.015,1011.913,1004.554
288.28,986.931,996.058,1012.812,1003.791
288.32,987.430,995.172,1013.336,1004.443
288.36,987.505,994.643,1013.195,1004.914
288.40,986.883,995.430,1012.729,1003.948
288.44,986.088,996.092,1011.833,1003.834
288.48,985.932,995.707,1011.844,1004.493
288.52,986.979,995.124,1012.867,1003.949
288.56,987.546,994.629,1013.571,1003.660
288.60,986.867,994.440,1012.317,1004.453
288.64,985.625,995.204,1011.619,1003.971
288.68,985.769,996.003,1011.808,1002.902
288.72,986.443,995.074,1012.254,1003.927
288.76,987.184,994.014,1012.967,1004.535
288.80,987.030,994.488,1012.736,1003.385
288.84,985.732,995.244,1011.772,1003.377
288.88,985.580,995.293,1011.179,1004.071
288.92,986.191,995.122,1012.570,1003.602
288.96,987.487,994.700,1013.026,1003.473
289.00,986.896,994.251,1012.827,1004.532
289.04,986.422,995.051,1012.016,1004.114
289.08,985.716,996.118,1011.584,1003.316
289.12,985.979,995.710,1012.097,1004.023
289.16,987.249,994.696,1012.684,1004.451
289.20,987.283,994.474,1013.510,1003.772
289.24,986.674,994.884,1012.048,1003.751
289.28,985.302,995.314,1011.333,1004.043
289.32,985.896,995.560,1011.993,1003.303
289.36,986.822,994.846,1012.518,1003.520
289.40,986.831,993.983,1013.092,1004.318
289.44,987.106,994.442,1012.431,1003.699
289.48,985.946,995.399,1012.200,1003.426
289.52,985.887,995.615,1011.396,1004.209
289.56,986.231,995.459,1012.289,1004.152
289.60,987.249,995.177,1013.376,1003.602
289.64,987.336,994.627,1012.524,1004.386
289.68,986.136,994.862,1012.305,1004.412
289.72,986.056,995.762,1011.668,1003.187
289.76,985.745,995.481,1011.837,1003.568
289.80,986.485,994.416,1012.366,1004.208
289.84,987.081,994.156,1012.916,1003.397
289.88,986.557,994.410,1012.599,1003.189
289.92,985.911,994.687,1011.242,1004.076
289.96,985.440,995.306,1011.831,1003.610
290.00,986.610,995.469,1012.301,1003.110
290.04,986.898,994.571,1012.714,1004.374
290.08,986.993,994.449,1012.957,1004.499
290.12,986.795,995.499,1012.306,1003.455
290.16,985.856,995.871,1012.114,1004.029
290.20,986.631,995.509,1012.127,1004.730
290.24,987.165,995.390,1013.210,1004.038
290.28,987.149,995.189,1012.979,1004.049
290.32,986.607,995.045,1012.132,1004.582
290.36,986.276,995.476,1012.463,1003.839
290.40,986.697,995.556,1012.254,1003.567
290.44,986.442,994.896,1012.433,1004.428
290.48,986.724,994.742,1012.527,1004.026
290.52,986.608,995.097,1012.449,1003.296
290.56,985.958,994.963,1011.870,1003.935
290.60,986.160,994.831,1011.933,1003.984
290.64,986.629,994.967,1012.951,1003.204
290.68,987.034,994.678,1012.424,1003.907
290.72,986.312,994.655,1012.429,1004.552
290.76,986.469,995.559,1012.202,1003.534
290.80,986.442,995.827,1012.238,1003.726
290.84,986.477,995.152,1012.511,1004.801
290.88,987.149,995.105,1012.569,1004.121
290.92,986.654,995.388,1012.952,1003.486
290.96,986.351,995.057,1011.702,1004.341
291.00,985.915,995.044,1011.861,1004.051
291.04,986.468,995.170,1012.618,1002.903
291.08,986.555,994.459,1012.047,1003.768
291.12,986.146,994.070,1012.293,1004.133
291.16,986.439,994.787,1012.166,1002.823
291.20,985.894,995.033,1011.853,1003.287
291.24,986.114,994.607,1011.993,1004.361
291.28,986.827,994.904,1012.709,1003.620
291.32,986.896,995.204,1012.962,1003.543
291.36,986.697,995.057,1012.032,1004.812
291.40,986.266,995.602,1012.408,1004.334
291.44,986.834,996.108,1012.610,1003.446
291.48,986.774,995.351,1012.578,1004.651
291.52,986.980,994.854,1012.773,1004.827
291.56,986.872,995.420,1012.497,1003.411
291.60,985.650,995.412,1011.699,1003.696
291.64,985.642,994.799,1011.448,1004.003
291.68,986.602,994.472,1012.788,1002.816
291.72,986.937,993.888,1012.691,1003.203
291.76,986.044,993.738,1011.699,1004.205
291.80,985.742,994.992,1011.762,1003.006
291.84,985.730,995.635,1011.781,1002.926
291.88,986.459,994.807,1012.234,1004.562
291.92,987.413,994.600,1013.254,1004.313
291.96,987.233,995.321,1012.965,1003.655
292.00,986.063,995.730,1011.789,1004.599
292.04,985.910,995.988,1011.746,1004.463
292.08,986.777,995.931,1012.857,1003.436
292.12,987.326,994.763,1013.109,1004.262
292.16,987.100,994.149,1012.592,1004.731
292.20,986.260,995.128,1012.416,1003.259
292.24,985.692,995.687,1011.255,1003.184
292.28,985.515,994.951,1011.660,1004.218
292.32,987.022,994.449,1013.157,1003.459
292.36,987.641,994.232,1013.075,1003.318
292.40,986.058,994.352,1012.135,1004.567
292.44,985.903,995.551,1011.319,1003.770
292.48,985.773,996.263,1012.184,1003.041
292.52,986.937,995.115,1012.541,1004.536
292.56,987.633,994.308,1013.571,1004.814
292.60,987.618,995.107,1013.518,1003.668
292.64,986.357,995.859,1011.651,1004.344
292.68,985.407,996.156,1011.485,1004.857
292.72,986.620,996.172,1012.512,1003.574
292.76,987.432,995.035,1013.330,1003.877
292.80,987.309,993.872,1013.038,1004.898
292.84,986.491,994.675,1012.056,1003.624
292.88,985.184,995.767,1011.481,1002.701
292.92,985.607,995.143,1011.154,1003.834
292.96,986.600,994.160,1012.931,1003.913
293.00,987.833,994.080,1013.686,1003.108
293.04,986.977,994.366,1012.599,1004.171
293.08,985.902,995.455,1011.865,1004.684
293.12,986.250,996.787,1011.904,1003.707
293.16,986.749,996.460,1012.777,1004.441
293.20,987.739,995.196,1013.374,1005.525
293.24,987.807,995.223,1013.355,1004.475
293.28,986.257,995.862,1012.160,1003.784
293.32,985.262,995.685,1010.696,1004.117
293.36,985.469,995.028,1011.883,1003.276
293.40,986.904,993.909,1012.815,1002.556
293.44,986.818,992.734,1012.587,1003.484
293.48,985.856,993.252,1011.877,1003.321
293.52,985.116,994.976,1010.971,1002.271
293.56,985.069,995.341,1011.264,1003.175
293.60,986.722,994.603,1012.528,1004.322
293.64,988.073,994.530,1014.020,1004.038
293.68,987.650,995.230,1013.230,1004.485
293.72,986.102,996.299,1011.644,1005.280
293.76,985.824,997.391,1011.830,1004.387
293.80,986.929,996.776,1012.664,1004.115
293.84,987.564,994.788,1013.458,1005.109
293.88,987.743,994.087,1013.313,1004.294
293.92,986.145,994.841,1012.005,1002.982
293.96,984.740,995.123,1010.569,1003.299
294.00,985.044,994.660,1011.180,1003.216
294.04,986.646,993.838,1012.805,1002.507
294.08,987.192,993.018,1012.879,1003.282
294.12,986.283,993.470,1012.107,1003.903
294.16,985.388,995.351,1011.181,1003.018
294.20,985.372,996.287,1011.478,1003.312
294.24,987.037,995.375,1013.009,1004.754
294.28,988.527,994.795,1014.128,1004.973
294.32,988.029,995.561,1013.790,1004.651
294.36,986.399,996.643,1011.715,1005.089
294.40,985.525,997.291,1011.485,1004.780
294.44,986.697,996.641,1012.700,1003.935
294.48,987.813,994.643,1013.407,1004.373
294.52,987.358,993.491,1013.452,1004.368
294.56,986.310,994.273,1011.565,1002.951
294.60,984.262,995.159,1010.624,1002.627
294.64,984.950,994.704,1010.788,1003.052
294.68,986.564,993.643,1012.868,1002.885
294.72,987.703,993.051,1013.582,1003.171
294.76,986.746,993.732,1012.162,1004.131
294.80,985.274,995.758,1011.544,1003.798
294.84,985.693,997.044,1011.268,1003.627
294.88,986.714,996.184,1012.810,1004.858
294.92,988.345,995.025,1014.066,1005.181
294.96,988.341,995.144,1013.740,1004.458
295.00,986.135,995.928,1012.031,1004.570
295.04,985.299,996.445,1010.685,1004.259
295.08,985.744,996.009,1012.331,1003.292
295.12,987.298,994.163,1012.886,1003.606
295.16,987.029,992.896,1012.952,1003.952
295.20,986.191,993.727,1012.155,1002.713
295.24,985.019,994.887,1010.616,1002.538
295.28,984.697,994.903,1011.207,1003.498
295.32,986.843,994.515,1012.448,1003.386
295.36,987.441,994.194,1013.593,1003.631
295.40,987.052,994.446,1012.557,1004.558
295.44,986.256,995.826,1011.856,1004.255
295.48,985.984,996.828,1012.276,1003.887
295.52,987.063,996.204,1012.363,1004.859
295.56,987.586,995.261,1013.952,1005.119
295.60,988.209,995.284,1013.429,1004.279
295.64,986.254,995.645,1012.004,1004.496
295.68,985.213,995.896,1011.231,1004.140
295.72,986.011,995.626,1011.812,1002.978
295.76,986.680,994.054,1013.183,1003.356
295.80,987.350,992.883,1012.352,1003.922
295.84,985.798,993.796,1012.333,1002.898
295.88,985.457,995.082,1011.204,1002.499
295.92,985.491,995.060,1011.270,1003.888
295.96,986.735,994.812,1013.350,1004.144
296.00,988.399,995.012,1013.527,1003.911
296.04,987.026,995.392,1013.226,1005.173
296.08,986.618,996.492,1011.741,1005.193
296.12,986.065,997.450,1012.212,1004.121
296.16,986.987,996.496,1013.040,1004.569
296.20,988.110,994.735,1013.372,1005.279
296.24,987.420,994.568,1013.782,1004.115
296.28,986.389,995.264,1011.342,1003.323
296.32,984.298,995.331,1010.871,1003.731
296.36,985.715,994.845,1011.385,1002.873
296.40,986.584,993.708,1012.765,1002.595
296.44,986.818,992.697,1012.823,1003.487
296.48,986.325,993.434,1011.890,1003.261
296.52,985.421,995.200,1011.969,1002.707
296.56,986.196,995.772,1011.479,1003.978
296.60,986.856,995.558,1013.300,1005.126
296.64,988.574,995.879,1013.833,1004.686
296.68,987.477,996.358,1013.117,1005.270
296.72,986.570,996.831,1012.397,1005.544
296.76,986.667,997.103,1012.148,1004.486
296.80,986.687,996.147,1012.918,1004.214
296.84,987.252,994.471,1012.685,1004.467
296.88,986.697,993.930,1012.691,1003.461
296.92,985.728,994.162,1011.801,1002.518
296.96,985.046,994.092,1010.612,1002.931
297.00,985.133,993.899,1011.715,1002.796
297.04,986.706,993.766,1012.392,1002.465
297.08,986.584,993.604,1012.645,1003.655
297.12,986.420,994.422,1012.243,1004.109
297.16,986.332,996.015,1012.130,1003.613
297.20,986.533,996.533,1012.666,1004.525
297.24,987.502,996.078,1012.880,1005.625
297.28,987.758,996.204,1013.819,1004.996
297.32,987.667,996.393,1013.022,1004.615
297.36,986.249,996.114,1012.014,1005.192
297.40,986.055,995.935,1012.000,1004.080
297.44,986.531,995.227,1012.251,1002.961
297.48,986.270,993.641,1012.605,1003.623
297.52,986.579,993.084,1012.035,1003.294
297.56,985.608,993.843,1012.017,1002.164
297.60,985.355,994.287,1011.021,1002.803
297.64,985.505,994.353,1011.569,1003.709
297.68,986.829,994.673,1013.007,1003.259
297.72,987.402,994.919,1012.634,1004.001
297.76,986.482,995.297,1012.648,1005.114
297.80,986.851,996.434,1012.272,1004.309
297.84,986.551,996.811,1012.544,1004.302
297.88,987.014,995.873,1012.942,1005.230
297.92,987.707,995.313,1013.096,1004.672
297.96,986.797,995.321,1013.121,1003.787
298.00,986.300,995.148,1011.573,1004.030
298.04,985.488,994.944,1011.665,1003.744
298.08,985.990,994.675,1011.899,1002.788
298.12,986.260,993.863,1012.059,1003.042
298.16,986.028,993.315,1012.357,1003.434
298.20,986.282,993.925,1011.626,1002.807
298.24,985.296,994.710,1011.864,1002.934
298.28,986.137,994.843,1011.478,1003.773
298.32,986.445,994.948,1012.742,1003.961
298.36,987.359,995.255,1013.242,1003.939
298.40,987.200,995.456,1012.488,1004.789
298.44,986.351,996.049,1012.662,1004.865
298.48,986.914,996.593,1012.095,1004.147
298.52,986.384,996.030,1012.712,1004.550
298.56,987.070,995.074,1012.576,1004.554
298.60,986.760,994.732,1012.465,1003.577
298.64,985.901,994.558,1012.279,1003.185
298.68,985.918,994.237,1011.246,1003.368
298.72,985.718,994.142,1012.384,1002.987
298.76,986.857,994.076,1012.367,1002.940
298.80,986.301,994.116,1012.209,1003.961
298.84,986.308,994.952,1012.350,1003.867
298.88,986.672,995.892,1012.188,1003.693
298.92,986.599,995.915,1012.858,1004.761
298.96,987.643,995.754,1012.885,1005.109
299.00,987.281,996.109,1013.373,1004.570
299.04,987.067,996.181,1012.616,1004.651
299.08,986.532,995.898,1012.158,1004.855
299.12,986.383,995.693,1012.613,1003.904
299.16,986.781,995.021,1012.148,1003.505
299.20,985.991,994.082,1012.278,1003.808
299.24,986.137,993.927,1011.733,1003.017
299.28,985.502,994.102,1011.688,1002.433
299.32,985.605,993.927,1011.643,1003.029
299.36,986.189,993.822,1011.764,1003.294
299.40,986.254,994.348,1012.868,1003.079
299.44,986.993,994.795,1012.248,1003.794
299.48,986.514,995.395,1012.607,1004.761
299.52,986.989,996.311,1012.851,1004.535
299.56,987.391,996.718,1012.823,1004.782
299.60,987.288,996.375,1013.403,1005.589
299.64,987.493,996.255,1012.620,1005.150
299.68,986.501,996.293,1012.863,1004.207
299.72,986.478,995.553,1011.995,1004.081
299.76,985.976,994.541,1011.870,1003.870
299.80,986.177,993.977,1012.458,1002.602
299.84,986.161,993.388,1011.672,1002.554
299.88,985.349,993.170,1011.884,1003.098
299.92,986.105,993.851,1011.580,1002.530
299.96,985.738,994.497,1012.024,1002.981
300.00,986.400,994.742,1012.213,1004.127
300.04,987.038,995.353,1012.725,1004.319
300.08,987.163,996.095,1013.330,1004.403
300.12,987.359,996.367,1012.537,1005.329
300.16,986.866,996.641,1013.027,1005.328
300.20,987.335,996.762,1012.605,1004.585
300.24,986.515,996.058,1012.460,1004.683
300.28,986.674,995.116,1012.488,1004.201
300.32,986.566,994.496,1012.563,1003.194
300.36,986.174,993.880,1012.248,1003.055
300.40,985.904,993.647,1011.566,1003.199
300.44,985.693,994.036,1011.975,1002.691
300.48,986.047,994.358,1011.906,1002.976
300.52,986.249,994.419,1011.941,1003.887
300.56,986.305,994.982,1012.415,1003.890
300.60,986.803,995.613,1012.395,1003.762
300.64,986.556,995.635,1012.538,1004.607
300.68,987.022,995.662,1012.576,1004.717
300.72,986.963,995.913,1012.992,1004.141
300.76,986.859,995.703,1012.528,1004.443
300.80,986.608,995.357,1012.192,1004.551
300.84,986.303,995.328,1012.500,1003.657
300.88,986.510,994.940,1012.162,1003.408
300.92,986.249,994.293,1012.219,1003.859
300.96,986.312,994.216,1012.203,1003.352
301.00,986.180,994.564,1012.150,1002.955
301.04,986.043,994.540,1011.848,1003.677
301.08,986.317,994.677,1012.188,1003.857
301.12,986.772,995.145,1012.901,1003.572
301.16,987.108,995.242,1012.578,1004.318
301.20,986.763,995.513,1012.752,1004.898
301.24,987.216,996.235,1012.664,1004.334
301.28,986.637,996.364,1012.568,1004.629
301.32,986.746,995.897,1012.504,1004.959
301.36,987.175,995.574,1012.993,1004.120
301.40,986.868,995.116,1012.647,1003.935
301.44,986.086,994.640,1011.659,1004.118
301.48,985.533,994.727,1011.740,1003.094
301.52,985.838,994.442,1011.758,1002.512
301.56,986.151,993.505,1012.227,1003.286
301.60,986.651,993.358,1012.533,1003.336
301.64,986.361,994.276,1012.265,1002.990
301.68,985.814,995.205,1011.804,1003.774
301.72,986.337,995.735,1012.019,1004.408
301.76,987.262,996.001,1013.221,1004.357
301.80,987.709,995.882,1013.262,1004.966
301.84,987.135,995.907,1012.890,1005.328
301.88,986.660,996.470,1012.258,1004.427
301.92,986.155,996.296,1012.044,1004.046
301.96,986.269,995.130,1012.303,1004.173
302.00,986.874,994.108,1012.565,1003.469
302.04,986.364,993.703,1012.679,1002.861
302.08,985.840,993.712,1011.298,1003.098
302.12,985.167,994.223,1011.455,1002.978
302.16,985.906,994.578,1011.991,1002.711
302.20,986.521,994.347,1012.270,1003.711
302.24,986.902,994.501,1013.068,1004.252
302.28,987.237,995.440,1012.642,1004.051
302.32,986.368,996.250,1012.400,1004.633
302.36,986.621,996.527,1012.268,1004.977
302.40,987.177,996.381,1012.841,1004.586
302.44,987.338,995.702,1013.386,1004.593
302.48,987.238,995.075,1012.688,1004.671
302.52,986.292,995.154,1012.193,1003.880
302.56,985.753,995.247,1011.743,1003.202
302.60,985.797,994.582,1011.643,1003.370
302.64,986.437,993.785,1012.488,1003.243
302.68,986.706,993.660,1012.513,1003.010
302.72,985.944,994.045,1011.723,1003.390
302.76,985.499,994.872,1011.370,1003.457
302.80,985.731,995.417,1011.743,1003.336
302.84,986.599,995.075,1012.557,1003.884
302.88,987.299,994.639,1013.149,1004.374
302.92,987.225,995.057,1012.777,1004.236
302.96,986.210,995.858,1012.073,1004.181
303.00,986.099,996.160,1011.956,1004.227
303.04,986.780,995.710,1012.655,1004.209
303.08,987.312,994.972,1013.182,1004.288
303.12,987.023,994.683,1012.586,1004.173
303.16,985.940,995.104,1011.988,1003.702
303.20,985.684,995.290,1011.375,1003.287
303.24,985.606,994.743,1011.731,1003.431
303.28,986.537,994.017,1012.537,1003.215
303.32,986.743,993.681,1012.552,1003.174
303.36,986.014,994.018,1011.930,1003.487
303.40,985.623,994.890,1011.549,1003.309
303.44,985.951,995.394,1011.941,1003.403
303.48,986.773,995.058,1012.853,1004.191
303.52,987.685,994.909,1013.288,1004.591
303.56,987.242,995.572,1013.035,1004.555
303.60,986.623,996.336,1012.354,1004.634
303.64,986.533,996.598,1012.243,1004.747
303.68,986.986,996.190,1012.901,1004.583
303.72,987.287,995.351,1013.052,1004.443
303.76,986.774,994.857,1012.441,1004.186
303.80,985.921,994.811,1011.772,1003.414
303.84,985.439,994.694,1011.546,1002.930
303.88,985.806,994.001,1011.667,1002.943
303.92,986.243,993.418,1012.278,1002.959
303.96,986.308,993.504,1012.203,1002.928
304.00,985.931,994.183,1011.838,1003.209
304.04,985.924,994.988,1012.099,1003.549
304.08,986.840,995.488,1012.413,1004.099
304.12,987.276,995.732,1013.374,1004.803
304.16,987.810,996.112,1013.247,1005.166
304.20,987.219,996.697,1012.808,1005.269
304.24,986.702,997.014,1012.635,1005.011
304.28,987.144,996.573,1012.504,1004.712
304.32,986.909,995.520,1013.134,1004.527
304.36,987.132,994.669,1012.549,1003.985
304.40,986.000,994.364,1012.050,1003.309
304.44,985.386,994.260,1011.134,1002.847
304.48,985.092,993.935,1011.110,1002.572
304.52,985.757,993.415,1012.046,1002.384
304.56,986.606,993.054,1012.341,1002.839
304.60,986.203,993.555,1012.322,1003.411
304.64,985.908,994.971,1011.511,1003.465
304.68,985.943,996.066,1011.929,1003.772
304.72,987.018,996.040,1012.994,1004.757
304.76,988.356,995.789,1013.863,1005.305
304.80,988.074,996.154,1013.980,1005.354
304.84,987.234,996.935,1012.330,1005.377
304.88,985.810,997.345,1011.866,1004.989
304.92,986.431,996.609,1012.197,1004.119
304.96,986.985,994.734,1012.868,1003.895
305.00,986.904,993.200,1012.861,1003.551
305.04,985.848,993.155,1011.374,1002.511
305.08,984.186,993.757,1010.500,1001.867
305.12,984.437,993.687,1010.469,1002.016
305.16,985.848,993.072,1012.179,1002.372
305.20,987.335,992.854,1013.267,1003.006
305.24,986.950,993.849,1012.643,1004.042
305.28,986.104,996.035,1011.841,1004.337
305.32,986.083,997.642,1011.939,1004.623
305.36,987.404,997.438,1013.229,1005.546
305.40,988.780,996.429,1014.480,1006.035
305.44,988.639,996.178,1014.006,1005.620
305.48,986.667,996.621,1012.244,1004.995
305.52,985.220,996.695,1011.031,1004.132
305.56,985.371,995.515,1011.374,1003.143
305.60,986.418,993.272,1012.551,1002.642
305.64,986.722,991.632,1012.737,1002.480
305.68,985.635,991.951,1011.427,1002.016
305.72,984.171,993.526,1010.412,1001.749
305.76,984.595,994.499,1010.651,1002.358
305.80,986.352,994.429,1012.613,1003.482
305.84,988.415,994.411,1014.128,1004.463
305.88,988.247,995.497,1013.749,1005.426
305.92,986.931,997.540,1012.462,1005.759
305.96,986.525,998.953,1012.179,1005.553
306.00,987.347,998.266,1013.376,1005.770
306.04,988.730,996.268,1014.191,1005.853
306.08,988.164,995.067,1013.894,1004.951
306.12,986.361,995.048,1011.971,1003.730
306.16,984.549,995.063,1010.505,1002.887
306.20,984.605,994.144,1010.922,1002.227
306.24,986.033,992.588,1012.130,1001.929
306.28,986.557,991.558,1012.610,1002.361
306.32,985.957,992.412,1011.915,1002.547
306.36,985.129,994.435,1010.958,1002.644
306.40,985.183,995.863,1011.343,1003.544
306.44,987.006,996.027,1012.811,1004.654
306.48,988.512,995.871,1014.404,1005.350
306.52,988.642,996.286,1013.934,1005.788
306.56,987.072,997.411,1012.646,1005.824
306.60,986.135,998.075,1011.937,1005.110
306.64,986.450,997.098,1012.052,1004.589
306.68,987.159,994.887,1013.374,1004.233
306.72,987.571,993.226,1013.005,1003.459
306.76,985.601,993.033,1011.617,1002.645
306.80,984.145,993.689,1010.179,1001.877
306.84,984.300,993.753,1010.460,1001.660
306.88,985.738,992.906,1012.318,1002.337
306.92,987.467,992.535,1012.941,1003.123
306.96,986.649,993.817,1012.824,1003.745
307.00,986.112,996.059,1011.642,1004.085
307.04,985.898,997.494,1011.636,1004.811
307.08,987.176,997.353,1013.283,1005.446
307.12,988.991,996.418,1014.268,1005.636
307.16,988.352,995.903,1014.139,1005.709
307.20,986.949,996.357,1012.172,1005.016
307.24,985.257,996.737,1011.151,1003.897
307.28,985.381,995.653,1011.557,1003.265
307.32,986.556,993.436,1012.391,1003.119
307.36,986.767,992.079,1013.124,1002.588
307.40,986.136,992.399,1011.684,1002.149
307.44,984.387,993.715,1010.922,1002.448
307.48,985.260,994.790,1011.153,1002.697
307.52,986.758,994.989,1012.901,1003.715
307.56,988.229,994.944,1013.969,1005.108
307.60,988.068,996.001,1013.312,1005.583
307.64,986.821,997.796,1012.722,1005.334
307.68,986.606,998.377,1012.069,1005.490
307.72,987.343,997.248,1013.456,1005.553
307.76,988.601,995.664,1014.139,1005.012
307.80,987.602,994.705,1013.120,1004.562
307.84,985.523,994.831,1011.393,1003.624
307.88,984.553,995.017,1010.406,1002.363
307.92,984.938,993.900,1011.388,1002.131
307.96,986.394,992.178,1012.191,1002.536
308.00,986.467,991.928,1012.752,1002.422
308.04,985.961,993.304,1011.717,1002.369
308.08,985.073,994.953,1011.110,1003.353
308.12,986.092,996.024,1012.205,1004.126
308.16,987.975,996.328,1013.602,1004.891
308.20,988.464,996.268,1014.127,1006.007
308.24,987.902,997.036,1013.201,1006.077
308.28,986.749,998.007,1012.446,1005.201
308.32,986.329,997.552,1012.143,1004.946
308.36,986.861,995.681,1012.640,1004.728
308.40,987.220,994.039,1013.053,1003.472
308.44,986.142,993.168,1012.094,1002.680
308.48,984.908,993.045,1010.768,1002.260
308.52,984.444,993.305,1010.722,1001.706
308.56,985.395,993.188,1011.598,1001.855
308.60,986.382,992.906,1012.348,1003.044
308.64,986.950,993.667,1012.658,1003.607
308.68,986.619,995.468,1012.639,1003.950
308.72,986.589,996.903,1011.975,1005.006
308.76,986.791,997.480,1012.710,1005.684
308.80,988.060,997.334,1013.770,1005.425
308.84,988.286,996.565,1013.658,1005.621
308.88,987.241,996.012,1012.996,1005.446
308.92,986.413,996.080,1011.959,1004.003
308.96,985.523,995.471,1011.626,1003.215
309.00,985.739,993.900,1011.671,1003.192
309.04,986.339,992.741,1012.270,1002.428
309.08,985.987,992.556,1012.261,1002.035
309.12,985.392,993.061,1010.899,1002.615
309.16,984.718,994.160,1011.149,1002.737
309.20,986.022,994.953,1011.900,1002.790
309.24,987.090,994.816,1012.995,1004.253
309.28,987.683,995.038,1013.437,1005.218
309.32,987.504,996.469,1012.912,1004.797
309.36,986.548,997.512,1012.548,1005.044
309.40,986.855,997.275,1012.159,1005.598
309.44,987.227,996.437,1013.372,1004.915
309.48,987.825,995.412,1013.377,1004.196
309.52,986.669,994.459,1012.266,1004.333
309.56,985.422,994.410,1011.606,1003.275
309.60,985.239,994.561,1010.935,1002.087
309.64,985.160,993.534,1011.693,1002.604
309.68,986.471,992.646,1012.232,1002.906
309.72,986.498,993.109,1012.667,1002.580
309.76,985.932,994.235,1011.757,1003.191
309.80,985.626,995.432,1011.331,1004.074
309.84,986.417,996.272,1012.812,1004.116
309.88,988.124,996.195,1013.401,1004.852
309.92,988.047,995.899,1013.915,1005.981
309.96,987.692,996.663,1013.069,1005.412
310.00,986.427,997.488,1012.131,1004.654
310.04,986.328,996.810,1012.383,1004.784
310.08,987.418,995.235,1013.040,1004.518
310.12,987.369,994.169,1013.360,1003.739
310.16,986.356,993.948,1012.083,1003.312
310.20,985.147,994.302,1011.273,1002.977
310.24,985.513,994.501,1011.394,1002.604
310.28,986.017,994.065,1012.301,1003.172
310.32,987.031,993.803,1012.691,1003.685
310.36,986.688,994.512,1012.656,1003.812
310.40,986.289,995.661,1011.850,1003.970
310.44,985.984,996.273,1011.805,1004.422
310.48,986.759,996.161,1012.822,1004.478
310.52,987.753,995.582,1013.217,1004.581
310.56,987.149,995.144,1013.206,1004.779
310.60,986.611,995.450,1011.994,1004.141
310.64,985.610,995.726,1011.754,1003.506
310.68,985.987,995.031,1011.841,1003.532
310.72,986.585,994.007,1012.520,1003.524
310.76,986.758,993.637,1012.905,1003.170
310.80,986.379,993.976,1011.707,1003.261
310.84,985.358,994.798,1011.770,1003.471
310.88,986.190,995.361,1011.871,1003.448
310.92,986.738,995.223,1012.658,1004.110
310.96,987.268,995.049,1013.307,1004.635
311.00,987.603,995.528,1012.752,1004.503
311.04,986.309,996.199,1012.576,1004.580
311.08,986.463,996.408,1011.745,1004.542
311.12,986.466,995.983,1012.657,1004.233
311.16,987.273,995.032,1013.303,1004.021
311.20,987.306,994.283,1012.651,1004.163
311.24,986.093,994.580,1012.355,1003.684
311.28,985.743,995.159,1011.036,1003.113
311.32,985.189,995.004,1011.702,1003.295
311.36,986.626,994.239,1012.280,1003.409
311.40,986.881,993.828,1012.916,1003.498
311.44,986.730,994.197,1012.620,1003.609
311.48,986.006,995.127,1011.403,1003.861
311.52,985.414,995.928,1012.019,1003.798
311.56,987.029,995.797,1012.511,1003.936
311.60,987.616,995.009,1013.662,1004.785
311.64,987.778,995.040,1013.490,1004.905
311.68,986.759,996.071,1012.030,1004.386
311.72,985.265,996.705,1011.715,1004.244
311.76,986.443,996.054,1011.847,1004.067
311.80,987.360,994.634,1013.753,1003.903
311.84,987.824,993.704,1013.329,1004.039
311.88,986.149,994.252,1011.720,1003.822
311.92,984.781,995.505,1011.174,1002.919
311.96,985.639,995.500,1011.066,1003.024
312.00,986.403,994.214,1012.932,1003.969
312.04,987.805,993.655,1013.214,1003.742
312.08,986.664,994.426,1012.557,1003.526
312.12,985.460,995.518,1011.261,1003.912
312.16,985.510,996.066,1011.210,1003.838
312.20,986.553,995.617,1013.081,1003.729
312.24,988.139,994.489,1013.348,1004.432
312.28,987.257,994.397,1013.306,1004.703
312.32,986.346,995.713,1011.983,1003.795
312.36,985.496,996.411,1011.307,1003.738
312.40,986.024,995.664,1012.356,1004.359
312.44,987.915,994.667,1013.307,1004.046
312.48,987.466,994.296,1013.657,1004.002
312.52,986.577,994.780,1011.941,1004.231
312.56,985.386,995.866,1011.485,1003.727
312.60,985.866,996.006,1011.906,1003.469
312.64,987.063,994.898,1012.669,1004.218
312.68,987.377,994.163,1013.721,1004.344
312.72,987.420,994.701,1012.607,1003.714
312.76,985.603,995.564,1011.893,1003.987
312.80,985.847,995.951,1011.467,1004.104
312.84,986.639,995.660,1012.621,1003.811
312.88,987.462,994.744,1013.463,1004.200
312.92,987.313,994.439,1012.663,1004.562
312.96,986.123,995.316,1012.274,1003.778
313.00,985.826,995.959,1011.433,1003.495
313.04,985.889,995.338,1011.927,1004.116
313.08,987.033,994.543,1013.044,1003.885
313.12,987.520,994.262,1013.092,1003.541
313.16,986.277,994.506,1012.454,1004.084
313.20,986.001,995.363,1011.450,1003.855
313.24,985.893,995.926,1012.411,1003.467
313.28,987.257,995.273,1012.654,1004.277
313.32,987.159,994.728,1012.960,1004.918
313.36,986.894,995.380,1012.928,1003.862
313.40,986.366,995.892,1011.775,1003.800
313.44,985.729,995.517,1012.020,1004.521
313.48,987.039,995.172,1012.621,1003.777
313.52,986.957,994.707,1012.936,1003.577
313.56,986.359,994.350,1012.155,1004.181
313.60,985.959,994.818,1011.691,1003.502
313.64,985.832,995.217,1012.075,1002.867
313.68,986.280,994.590,1011.763,1003.868
313.72,986.389,994.195,1012.579,1003.930
313.76,986.962,994.680,1012.747,1003.077
313.80,986.286,994.899,1012.023,1003.905
313.84,985.962,995.144,1011.967,1004.440
313.88,986.692,995.750,1012.349,1003.542
313.92,986.755,995.512,1012.837,1004.046
313.96,986.980,994.923,1012.495,1004.927
314.00,986.785,995.310,1012.696,1003.962
314.04,986.338,995.711,1012.251,1003.513
314.08,986.149,995.183,1011.755,1004.367
314.12,986.552,994.795,1012.803,1003.898
314.16,987.236,994.749,1012.736,1003.287
314.20,986.094,994.546,1012.111,1004.175
314.24,985.852,994.885,1011.508,1003.854
314.28,986.017,995.409,1012.267,1002.832
314.32,986.785,994.719,1012.644,1003.819
314.36,987.125,994.140,1012.593,1004.707
314.40,986.616,995.118,1013.001,1003.610
314.44,986.507,995.943,1011.677,1003.626
314.48,985.616,995.706,1011.894,1004.912
314.52,986.924,995.550,1012.647,1004.031
314.56,987.340,995.214,1013.204,1003.487
314.60,986.853,994.490,1012.721,1004.628
314.64,986.401,994.849,1011.790,1004.155
314.68,985.545,995.750,1011.939,1002.866
314.72,985.886,995.146,1011.456,1003.579
314.76,986.496,994.030,1012.774,1004.081
314.80,987.599,994.017,1013.410,1003.150
314.84,986.621,994.440,1012.294,1003.709
314.88,985.576,995.239,1011.486,1004.353
314.92,985.880,996.163,1011.572,1003.545
314.96,986.444,995.825,1012.715,1003.750
315.00,987.424,994.573,1012.952,1004.843
315.04,987.295,994.544,1013.143,1004.212
315.08,986.321,995.408,1012.179,1003.388
315.12,985.454,995.601,1011.036,1003.988
315.16,985.661,995.220,1011.976,1003.823
315.20,986.994,994.602,1012.625,1003.104
315.24,986.752,993.829,1012.798,1003.686
315.28,986.315,993.900,1012.045,1003.834
315.32,985.808,995.020,1011.638,1002.910
315.36,985.669,995.402,1011.924,1003.360
315.40,986.619,994.841,1012.207,1004.392
315.44,987.415,994.818,1013.531,1004.041
315.48,987.410,995.292,1013.032,1004.113
315.52,986.397,995.784,1011.834,1004.923
315.56,985.868,996.434,1012.130,1004.342
315.60,986.781,996.260,1012.297,1003.739
315.64,986.936,994.911,1013.069,1004.538
315.68,987.384,994.170,1012.932,1004.258
315.72,986.423,994.709,1012.210,1003.177
315.76,985.121,995.063,1011.277,1003.298
315.80,985.586,994.805,1011.203,1003.442
315.84,986.368,994.293,1012.936,1003.027
315.88,987.367,993.765,1012.728,1003.453
315.92,986.550,994.063,1012.529,1004.153
315.96,986.146,995.438,1012.042,1003.673
316.00,985.980,996.342,1011.578,1003.900
316.04,986.408,995.920,1012.531,1004.707
316.08,987.660,995.363,1013.177,1004.580
316.12,987.400,995.221,1013.374,1004.234
316.16,986.655,995.336,1012.176,1004.375
316.20,985.672,995.614,1011.434,1004.026
316.24,985.739,995.528,1012.026,1003.192
316.28,986.708,994.427,1012.407,1003.417
316.32,986.848,993.450,1012.905,1003.856
316.36,986.595,993.935,1012.309,1003.214
316.40,985.643,994.953,1011.545,1003.053
316.44,985.475,995.282,1011.398,1003.813
316.48,986.374,995.186,1012.343,1003.908
316.52,987.419,994.981,1013.373,1003.825
316.56,987.303,994.848,1012.651,1004.595
316.60,986.133,995.478,1012.061,1004.500
316.64,985.960,996.293,1011.816,1003.491
316.68,986.216,995.705,1012.154,1003.907
316.72,987.123,994.447,1013.040,1004.430
316.76,987.544,994.243,1013.220,1003.716
316.80,986.399,994.808,1012.319,1003.567
316.84,985.519,995.320,1011.083,1003.990
316.88,985.504,995.595,1011.884,1003.483
316.92,987.150,995.030,1012.996,1003.377
316.96,987.606,994.053,1013.480,1004.543
317.00,987.212,994.546,1012.742,1004.556
317.04,985.936,996.169,1011.736,1003.644
317.08,985.448,996.610,1011.374,1003.999
317.12,986.549,995.587,1012.341,1004.587
317.16,987.870,994.605,1013.991,1003.931
317.20,987.679,994.257,1013.082,1004.047
317.24,985.782,994.845,1011.548,1004.285
317.28,984.926,995.913,1010.912,1003.171
317.32,985.546,995.612,1011.550,1002.902
317.36,986.920,993.841,1013.098,1003.888
317.40,987.793,993.080,1013.167,1003.872
317.44,986.283,994.267,1012.399,1003.183
317.48,985.133,995.605,1010.850,1003.440
317.52,985.342,995.916,1011.306,1003.937
317.56,987.125,995.330,1013.436,1003.855
317.60,988.433,994.509,1013.688,1004.534
317.64,986.892,994.768,1012.805,1005.022
317.68,985.938,996.322,1011.493,1003.823
317.72,985.531,996.751,1011.633,1003.593
317.76,986.547,995.247,1012.607,1004.586
317.80,988.038,994.075,1013.540,1004.134
317.84,987.138,994.225,1013.459,1003.481
317.88,985.965,994.860,1010.988,1003.897
317.92,984.753,995.634,1011.273,1003.607
317.96,986.278,995.538,1012.122,1003.004
318.00,987.198,994.251,1012.949,1004.045
318.04,987.329,993.748,1013.554,1004.415
318.08,987.060,994.976,1012.074,1003.542
318.12,984.900,996.143,1011.522,1003.857
318.16,985.772,996.083,1011.077,1004.201
318.20,986.737,995.320,1013.133,1003.791
318.24,987.920,994.241,1013.777,1003.923
318.28,987.340,994.011,1012.575,1004.493
318.32,985.619,995.302,1012.136,1003.748
318.36,985.728,996.308,1010.861,1003.253
318.40,985.619,995.554,1012.217,1004.178
318.44,987.600,994.415,1013.089,1004.146
318.48,987.436,994.221,1013.201,1003.661
318.52,986.217,994.694,1012.450,1003.843
318.56,985.869,995.456,1011.008,1003.873
318.60,985.480,995.785,1012.219,1003.550
318.64,987.105,995.116,1012.445,1003.803
318.68,987.169,994.301,1013.347,1004.413
318.72,987.251,994.629,1012.796,1004.010
318.76,986.136,995.582,1011.937,1003.828
318.80,985.866,995.975,1012.038,1004.087
318.84,986.694,995.613,1012.030,1004.310
318.88,986.973,995.128,1013.395,1004.050
318.92,987.403,994.763,1012.782,1004.080
318.96,986.356,994.921,1012.176,1004.182
319.00,985.813,995.486,1011.902,1003.622
319.04,986.104,995.451,1011.586,1003.446
319.08,986.066,994.627,1012.489,1003.866
319.12,986.998,994.134,1012.286,1003.553
319.16,986.189,994.257,1012.627,1003.244
319.20,986.164,994.556,1011.615,1003.452
319.24,985.692,994.886,1011.666,1003.676
319.28,986.253,995.086,1012.513,1003.403
319.32,987.065,994.862,1012.380,1003.886
319.36,986.678,994.766,1013.127,1004.452
319.40,987.053,995.434,1012.289,1004.072
319.44,986.180,995.996,1012.176,1004.120
319.48,986.368,995.839,1012.406,1004.456
319.52,987.250,995.433,1012.651,1004.281
319.56,987.030,995.090,1013.423,1004.128
319.60,987.077,994.990,1011.929,1004.278
319.64,985.435,995.284,1011.939,1003.937
319.68,986.099,995.428,1011.714,1003.136
319.72,986.241,994.592,1012.283,1003.572
319.76,986.880,993.824,1013.061,1003.829
319.80,987.102,994.130,1012.563,1003.410
319.84,985.902,994.971,1012.279,1003.664
319.88,986.262,995.602,1011.510,1004.125
319.92,986.482,995.870,1012.833,1004.213
319.96,987.647,995.641,1013.193,1004.494
320.00,987.312,995.461,1012.874,1005.053
320.04,986.544,995.938,1012.557,1004.505
320.08,986.214,996.241,1011.607,1003.846
320.12,985.752,995.425,1012.127,1004.020
320.16,986.896,994.314,1012.544,1003.616
320.20,986.722,993.734,1012.804,1003.140
320.24,986.126,993.750,1012.035,1003.208
320.28,985.569,994.367,1011.149,1003.166
320.32,985.310,994.911,1011.645,1002.989
320.36,986.446,994.741,1012.295,1003.410
320.40,987.246,994.358,1013.112,1004.167
320.44,987.308,994.850,1013.051,1004.369
320.48,986.745,995.993,1012.374,1004.359
320.52,986.324,996.719,1012.350,1004.735
320.56,986.980,996.556,1012.356,1004.961
320.60,987.178,995.978,1013.281,1004.719
320.64,987.450,995.346,1012.955,1004.366
320.68,986.471,994.956,1012.149,1004.134
320.72,985.564,994.959,1011.779,1003.359
320.76,985.882,994.641,1011.474,1002.811
320.80,985.796,993.764,1012.298,1003.120
320.84,986.710,993.318,1012.201,1003.079
320.88,986.181,993.821,1012.502,1002.967
320.92,986.026,994.659,1011.674,1003.460
320.96,985.916,995.410,1011.617,1004.020
321.00,986.291,995.818,1012.705,1004.061
321.04,987.593,995.662,1012.822,1004.423
321.08,987.311,995.430,1013.549,1005.032
321.12,987.381,995.842,1012.519,1004.739
321.16,986.077,996.407,1012.106,1004.309
321.20,985.963,996.102,1011.779,1004.129
321.24,986.481,995.041,1012.246,1003.825
321.28,986.788,993.960,1013.253,1003.370
321.32,986.871,993.512,1011.879,1003.279
321.36,984.992,993.948,1011.536,1003.080
321.40,985.339,994.645,1011.098,1002.434
321.44,985.868,994.426,1012.021,1003.053
321.48,987.028,993.889,1013.219,1004.009
321.52,987.734,994.445,1013.064,1004.099
321.56,986.588,995.843,1012.883,1004.382
321.60,986.622,996.926,1011.879,1005.045
321.64,986.752,997.183,1012.833,1005.228
321.68,987.936,996.647,1013.683,1005.060
321.72,988.089,995.773,1013.465,1005.331
321.76,986.956,995.559,1013.061,1004.864
321.80,986.317,995.825,1011.552,1003.717
321.84,985.274,995.368,1011.787,1003.411
321.88,986.377,994.121,1012.146,1003.319
321.92,986.776,993.234,1012.714,1002.990
321.96,986.237,993.302,1012.451,1002.901
322.00,985.786,994.128,1011.085,1003.099
322.04,984.999,995.043,1011.680,1003.261
322.08,986.644,995.339,1012.064,1003.552
322.12,987.301,994.975,1013.597,1004.459
322.16,987.951,995.173,1013.444,1005.018
322.20,987.098,996.308,1012.582,1004.845
322.24,986.256,997.185,1012.329,1004.757
322.28,986.752,996.839,1012.088,1004.949
322.32,987.054,995.782,1013.379,1004.655
322.36,987.763,994.788,1013.209,1004.070
322.40,986.613,994.351,1012.470,1003.929
322.44,985.455,994.619,1011.318,1003.358
322.48,985.110,994.834,1011.095,1002.594
322.52,985.783,994.092,1012.225,1002.781
322.56,987.133,993.189,1012.683,1003.438
322.60,986.927,993.560,1013.125,1003.530
322.64,986.369,995.079,1011.967,1003.645
322.68,985.743,996.300,1011.520,1004.344
322.72,986.462,996.650,1012.761,1004.655
322.76,988.175,996.166,1013.561,1004.901
322.80,988.022,995.632,1013.958,1005.440
322.84,987.257,995.973,1012.512,1005.094
322.88,985.898,996.642,1011.935,1004.086
322.92,985.939,996.105,1011.922,1003.847
322.96,986.785,994.532,1012.319,1003.961
323.00,986.866,993.524,1013.216,1003.269
323.04,986.486,993.540,1011.805,1002.830
323.08,984.915,994.040,1011.288,1003.019
323.12,985.456,994.621,1011.325,1002.768
323.16,986.255,994.571,1012.210,1003.181
323.20,987.048,994.280,1013.236,1004.105
323.24,987.466,994.807,1012.764,1004.408
323.28,986.397,996.102,1012.597,1004.366
323.32,986.451,996.842,1011.865,1004.687
323.36,986.800,996.571,1012.843,1004.936
323.40,987.944,995.829,1013.775,1004.789
323.44,987.799,995.265,1013.004,1004.839
323.48,986.092,995.432,1012.439,1004.352
323.52,986.078,995.766,1011.190,1003.364
323.56,985.299,995.051,1011.973,1003.370
323.60,986.750,993.793,1012.351,1003.382
323.64,986.939,993.260,1012.971,1003.017
323.68,986.403,993.706,1012.353,1003.153
323.72,985.569,994.706,1010.942,1003.621
323.76,985.301,995.710,1012.076,1003.444
323.80,987.220,995.628,1012.643,1003.871
323.84,987.603,994.941,1013.584,1005.174
323.88,987.689,995.430,1013.224,1004.951
323.92,986.439,996.631,1012.050,1004.302
323.96,985.625,996.797,1011.631,1004.482
324.00,986.569,995.767,1012.128,1004.369
324.04,987.184,994.515,1013.379,1003.619
324.08,987.169,993.695,1012.708,1003.506
324.12,985.673,993.824,1011.525,1003.400
324.16,984.814,994.679,1010.918,1002.533
324.20,985.202,994.706,1011.152,1002.503
324.24,986.414,993.694,1012.686,1003.375
324.28,987.634,993.380,1013.245,1003.712
324.32,986.733,994.516,1012.503,1003.811
324.36,985.703,996.083,1011.699,1004.110
324.40,986.328,996.832,1011.989,1004.434
324.44,987.365,996.358,1013.565,1004.999
324.48,988.531,995.645,1013.633,1005.329
324.52,987.340,995.760,1013.415,1005.096
324.56,986.550,996.401,1011.853,1004.358
324.60,985.402,996.291,1011.311,1004.022
324.64,985.843,995.094,1011.978,1003.532
324.68,986.797,993.582,1012.294,1002.923
324.72,986.158,992.686,1012.671,1002.740
324.76,985.752,992.951,1011.107,1002.454
324.80,984.462,993.919,1010.836,1002.279
324.84,985.164,994.397,1011.390,1002.491
324.88,986.615,994.121,1012.407,1003.446
324.92,987.484,994.194,1013.741,1004.196
324.96,987.809,995.325,1013.065,1004.614
325.00,986.588,996.917,1012.469,1005.183
325.04,986.654,997.838,1012.236,1005.397
325.08,987.342,997.500,1013.049,1005.395
325.12,987.966,996.271,1013.809,1005.363
325.16,987.822,995.281,1013.132,1004.892
325.20,986.136,995.131,1012.062,1003.863
325.24,985.070,995.014,1010.966,1002.872
325.28,985.152,994.050,1011.293,1002.451
325.32,986.116,992.674,1012.484,1002.395
325.36,986.724,992.165,1012.427,1002.536
325.40,985.729,993.147,1011.771,1002.788
325.44,985.153,994.839,1010.969,1003.022
325.48,985.614,995.844,1011.642,1003.627
325.52,987.211,995.720,1013.281,1004.555
325.56,988.547,995.516,1013.983,1005.331
325.60,987.908,996.207,1013.651,1005.504
325.64,986.810,997.359,1012.177,1005.284
325.68,986.025,997.664,1012.077,1004.930
325.72,986.951,996.482,1012.583,1004.579
325.76,987.435,994.647,1013.332,1004.276
325.80,987.071,993.630,1012.900,1003.502
325.84,985.753,993.770,1011.449,1002.793
325.88,984.695,994.198,1010.972,1002.451
325.92,985.267,994.016,1011.093,1002.538
325.96,986.029,993.534,1012.348,1002.899
326.00,987.084,993.504,1012.844,1003.281
326.04,986.759,994.334,1012.651,1003.900
326.08,986.276,995.782,1012.003,1004.291
326.12,986.221,996.869,1011.891,1004.557
326.16,987.092,996.824,1013.160,1004.934
326.20,988.267,996.039,1013.657,1005.351
326.24,987.754,995.696,1013.556,1005.265
326.28,986.713,996.090,1012.242,1004.442
326.32,985.580,996.143,1011.348,1003.868
326.36,985.548,995.172,1011.893,1003.486
326.40,986.840,993.727,1012.399,1002.975
326.44,986.647,992.810,1012.946,1002.875
326.48,986.066,993.113,1011.696,1002.922
326.52,985.029,994.336,1011.143,1002.678
326.56,985.383,995.115,1011.406,1002.964
326.60,986.589,994.917,1012.381,1003.983
326.64,987.575,994.795,1013.653,1004.464
326.68,987.817,995.475,1013.159,1004.660
326.72,986.582,996.513,1012.434,1005.027
326.76,986.287,997.156,1011.982,1004.875
326.80,986.892,996.805,1012.683,1004.564
326.84,987.548,995.447,1013.551,1004.710
326.88,987.696,994.495,1013.116,1004.513
326.92,986.337,994.742,1012.406,1003.649
326.96,985.397,995.160,1010.924,1003.159
327.00,984.994,994.813,1011.359,1003.151
327.04,986.656,993.934,1012.749,1002.893
327.08,987.446,993.270,1013.151,1003.409
327.12,986.726,993.810,1012.784,1003.977
327.16,986.130,995.565,1011.398,1003.745
327.20,985.289,996.740,1011.542,1004.042
327.24,986.748,996.355,1012.512,1004.618
327.28,988.144,995.341,1013.905,1004.854
327.32,988.039,995.020,1013.981,1004.807
327.36,986.948,995.661,1012.024,1004.614
327.40,985.188,996.448,1011.531,1004.076
327.44,986.000,996.113,1011.630,1003.547
327.48,986.773,994.478,1012.998,1003.812
327.52,987.571,993.324,1013.347,1003.733
327.56,986.662,993.696,1012.112,1003.257
327.60,984.691,994.898,1011.117,1003.080
327.64,985.173,995.375,1010.494,1003.041
327.68,986.042,994.757,1013.017,1003.349
327.72,988.405,993.831,1013.668,1003.994
327.76,987.618,994.189,1013.341,1004.686
327.80,986.236,996.073,1012.147,1004.361
327.84,985.761,997.477,1011.009,1004.277
327.88,986.023,996.917,1012.718,1004.866
327.92,988.426,995.374,1013.471,1004.834
327.96,987.715,994.519,1013.853,1004.488
328.00,986.373,994.797,1011.680,1003.908
328.04,984.612,995.419,1010.565,1003.066
328.08,984.873,994.953,1011.420,1002.537
328.12,986.784,993.305,1012.410,1002.893
328.16,987.074,992.348,1013.316,1003.316
328.20,986.366,993.399,1011.923,1003.028
328.24,985.025,995.242,1011.103,1003.017
328.28,985.448,996.031,1011.563,1003.853
328.32,987.194,995.708,1012.882,1004.624
328.36,988.240,995.384,1014.407,1004.825
328.40,988.277,995.691,1013.318,1005.213
328.44,986.338,996.680,1012.298,1005.290
328.48,986.151,997.419,1011.812,1004.424
328.52,986.631,996.483,1012.466,1004.352
328.56,987.444,994.644,1013.485,1004.626
328.60,987.639,993.850,1013.147,1003.783
328.64,985.969,994.288,1012.017,1003.104
328.68,984.860,994.775,1010.568,1003.086
328.72,984.979,994.711,1011.340,1002.852
328.76,986.624,993.975,1012.710,1002.780
328.80,987.289,993.253,1012.824,1003.715
328.84,986.309,993.986,1012.393,1003.899
328.88,985.821,995.750,1011.353,1003.225
328.92,985.586,996.323,1011.825,1003.942
328.96,987.314,995.629,1012.936,1004.877
329.00,988.122,995.210,1013.977,1004.777
329.04,987.567,995.581,1013.152,1004.660
329.08,986.043,996.200,1011.532,1004.757
329.12,985.595,996.560,1011.859,1003.972
329.16,986.761,995.602,1012.402,1003.604
329.20,987.073,993.913,1013.165,1004.161
329.24,987.103,993.521,1012.820,1003.553
329.28,985.802,994.381,1011.540,1002.797
329.32,984.678,994.965,1010.773,1003.100
329.36,985.566,994.778,1011.495,1003.233
329.40,987.010,994.186,1013.338,1003.188
329.44,987.814,993.818,1013.285,1004.096
329.48,986.743,994.738,1012.562,1004.626
329.52,986.086,996.609,1011.870,1003.997
329.56,986.132,997.199,1011.888,1004.477
329.60,987.073,996.171,1013.216,1005.299
329.64,988.596,995.331,1013.931,1004.796
329.68,987.486,995.253,1013.553,1004.504
329.72,986.111,995.643,1011.521,1004.530
329.76,985.288,996.036,1011.310,1003.581
329.80,986.107,995.294,1012.438,1003.086
329.84,987.180,993.573,1012.517,1003.847
329.88,986.507,993.169,1012.840,1003.586
329.92,985.923,994.287,1011.507,1002.459
329.96,984.674,994.956,1010.808,1002.998
330.00,985.677,994.718,1011.798,1003.554
330.04,987.409,994.413,1013.444,1003.396
330.08,987.950,994.346,1013.767,1004.269
330.12,987.090,995.303,1012.441,1005.190
330.16,985.856,997.105,1011.839,1004.508
330.20,986.306,997.661,1012.176,1004.271
330.24,987.447,996.111,1013.272,1005.341
330.28,988.372,994.794,1014.062,1005.115
330.32,987.471,995.003,1013.044,1003.927
330.36,985.249,995.485,1011.084,1003.797
330.40,984.798,995.431,1010.660,1003.344
330.44,985.847,994.533,1012.129,1002.501
330.48,987.090,992.895,1013.039,1003.004
330.52,986.855,992.497,1012.618,1003.526
330.56,985.737,994.119,1011.644,1002.791
330.60,984.943,995.702,1011.086,1002.966
330.64,986.063,995.740,1011.773,1004.257
330.68,987.662,995.260,1013.816,1004.733
330.72,988.486,995.369,1013.920,1004.751
330.76,987.141,996.077,1012.665,1005.280
330.80,986.092,997.080,1011.953,1004.924
330.84,986.440,997.145,1012.118,1004.209
330.88,987.142,995.622,1013.137,1004.568
330.92,987.765,994.185,1013.269,1004.523
330.96,986.688,994.205,1012.515,1003.409
331.00,985.009,994.747,1010.842,1002.887
331.04,984.465,994.650,1010.458,1002.806
331.08,985.716,993.850,1011.972,1002.394
331.12,986.920,992.833,1012.778,1002.739
331.16,986.605,992.817,1012.516,1003.456
331.20,986.005,994.447,1011.701,1003.227
331.24,985.357,996.044,1011.568,1003.484
331.28,986.419,996.242,1012.082,1004.591
331.32,987.762,995.812,1013.707,1005.066
331.36,988.509,995.767,1014.252,1005.035
331.40,987.629,996.179,1012.950,1005.396
331.44,986.110,996.957,1011.976,1005.094
331.48,986.254,997.024,1012.026,1004.053
331.52,986.751,995.553,1012.786,1004.171
331.56,987.345,993.826,1012.961,1004.182
331.60,986.685,993.570,1012.739,1003.026
331.64,985.529,994.114,1011.392,1002.587
331.68,984.792,994.363,1010.664,1003.086
331.72,985.668,994.339,1012.085,1002.798
331.76,987.138,994.021,1012.939,1003.125
331.80,987.188,993.975,1013.013,1004.376
331.84,986.841,995.279,1012.506,1004.382
331.88,986.166,996.877,1011.982,1004.158
331.92,986.458,997.023,1012.372,1004.982
331.96,987.796,996.194,1013.471,1005.334
332.00,988.407,995.671,1014.228,1004.867
332.04,987.478,995.621,1012.913,1004.888
332.08,985.824,996.000,1011.569,1004.556
332.12,985.415,996.109,1011.612,1003.348
332.16,986.376,994.822,1012.156,1003.182
332.20,986.749,993.083,1012.938,1003.685
332.24,986.814,992.971,1012.411,1002.924
332.28,985.269,994.082,1011.331,1002.424
332.32,984.600,994.741,1010.503,1003.058
332.36,985.641,994.780,1011.753,1003.212
332.40,987.323,994.379,1013.596,1003.418
332.44,987.973,994.211,1013.171,1004.606
332.48,986.639,995.436,1012.792,1004.896
332.52,986.415,997.207,1011.825,1004.156
332.56,986.048,997.338,1012.084,1004.875
332.60,987.440,996.097,1013.134,1005.281
332.64,987.918,995.158,1013.575,1004.445
332.68,986.863,994.821,1012.839,1003.878
332.72,985.581,994.811,1011.133,1003.702
332.76,984.980,994.856,1011.315,1002.809
332.80,986.054,994.120,1011.995,1002.419
332.84,986.655,992.970,1012.691,1003.322
332.88,986.700,993.145,1012.685,1003.444
332.92,986.193,994.713,1011.964,1003.013
332.96,985.616,995.868,1011.685,1003.950
333.00,986.452,996.139,1011.949,1004.808
333.04,987.508,996.108,1013.612,1004.558
333.08,988.129,995.799,1013.703,1004.907
333.12,987.383,995.771,1012.814,1005.486
333.16,986.404,996.520,1012.399,1004.520
333.20,986.185,996.559,1011.813,1003.825
333.24,986.268,995.228,1012.315,1004.277
333.28,986.933,994.013,1012.660,1003.733
333.32,986.444,993.724,1012.389,1002.759
333.36,985.530,993.785,1011.502,1002.788
333.40,985.275,993.969,1011.094,1002.999
333.44,985.768,994.286,1012.197,1002.670
333.48,986.720,994.253,1012.388,1003.356
333.52,986.773,994.402,1012.725,1004.346
333.56,986.991,995.497,1012.684,1004.138
333.60,986.512,996.459,1012.346,1004.447
333.64,986.792,996.618,1012.597,1005.141
333.68,987.566,996.362,1013.058,1005.023
333.72,987.439,995.966,1013.458,1004.740
333.76,987.047,995.629,1012.317,1004.642
333.80,985.798,995.461,1011.922,1004.020
333.84,985.881,995.100,1011.742,1003.011
333.88,986.072,994.012,1011.948,1003.065
333.92,986.094,993.096,1012.303,1003.140
333.96,986.218,993.310,1011.826,1002.470
334.00,985.309,993.980,1011.590,1002.630
334.04,985.691,994.430,1011.440,1003.351
334.08,986.362,994.872,1012.625,1003.600
334.12,987.456,995.196,1013.044,1004.123
334.16,987.270,995.601,1013.121,1005.118
334.20,987.277,996.532,1012.778,1005.101
334.24,986.784,997.249,1012.441,1004.899
334.28,986.717,996.836,1012.510,1005.112
334.32,987.049,995.865,1012.649,1004.721
334.36,986.854,994.956,1012.856,1003.777
334.40,986.409,994.202,1012.012,1003.325
334.44,985.427,993.785,1011.705,1002.996
334.48,985.599,993.749,1011.404,1002.336
334.52,985.498,993.574,1011.767,1002.520
334.56,986.130,993.470,1011.953,1003.063
334.60,986.266,994.014,1012.239,1003.290
334.64,986.482,994.965,1012.370,1003.594
334.68,986.571,995.703,1012.311,1004.448
334.72,986.869,996.229,1012.744,1004.885
334.76,987.469,996.563,1013.137,1004.867
334.80,987.549,996.381,1013.169,1005.183
334.84,987.134,996.193,1012.718,1005.218
334.88,986.603,996.176,1012.310,1004.316
334.92,986.168,995.622,1012.223,1003.749
334.96,986.339,994.440,1011.965,1003.649
335.00,986.181,993.628,1012.598,1003.077
335.04,986.584,993.498,1012.435,1002.555
335.08,985.920,993.654,1011.740,1003.226
335.12,985.476,994.437,1011.522,1003.423
335.16,986.060,995.307,1011.892,1003.070
335.20,986.647,995.217,1012.804,1004.043
335.24,987.497,995.033,1012.823,1004.982
335.28,987.129,995.797,1013.185,1004.505
335.32,986.842,996.539,1012.383,1004.380
335.36,986.396,996.355,1012.100,1005.030
335.40,986.990,995.967,1013.120,1004.457
335.44,987.635,995.329,1013.089,1004.004
335.48,986.562,994.720,1012.535,1004.454
335.52,986.056,994.869,1011.662,1003.711
335.56,985.524,995.111,1011.657,1002.688
335.60,985.768,994.336,1011.832,1003.236
335.64,986.643,993.485,1012.349,1003.470
335.68,986.717,993.750,1013.024,1002.930
335.72,986.310,994.471,1011.755,1003.498
335.76,985.483,995.269,1011.492,1004.136
335.80,986.398,996.009,1012.603,1003.687
335.84,987.721,995.691,1013.322,1004.371
335.88,987.861,995.214,1013.703,1005.635
335.92,987.480,996.098,1012.950,1004.994
335.96,986.385,997.119,1012.148,1004.269
336.00,986.016,996.667,1011.837,1004.854
336.04,986.823,995.404,1012.681,1004.446
336.08,987.395,994.450,1013.352,1003.333
336.12,986.382,993.715,1012.073,1003.515
336.16,985.215,993.870,1011.035,1003.132
336.20,984.813,994.476,1011.009,1002.032
336.24,985.459,993.938,1011.474,1002.463
336.28,986.439,993.043,1012.463,1003.390
336.32,987.134,993.463,1013.121,1003.189
336.36,986.656,994.835,1012.397,1003.579
336.40,985.904,996.057,1011.522,1004.779
336.44,986.278,996.989,1012.302,1004.707
336.48,987.693,996.867,1013.514,1004.615
336.52,988.355,995.765,1013.979,1005.729
336.56,987.838,995.610,1013.318,1005.559
336.60,986.500,996.537,1012.178,1004.087
336.64,985.477,996.485,1011.405,1003.955
336.68,985.937,995.027,1011.862,1004.012
336.72,987.140,993.690,1013.232,1002.974
336.76,986.791,992.988,1012.709,1002.883
336.80,985.556,993.325,1011.203,1003.205
336.84,984.891,994.598,1011.318,1002.482
336.88,985.958,995.049,1011.761,1002.787
336.92,986.828,994.421,1012.778,1004.463
336.96,987.768,994.726,1013.520,1004.580
337.00,987.337,996.059,1012.940,1004.260
337.04,986.130,996.891,1011.799,1005.186
337.08,986.219,997.020,1011.839,1005.098
337.12,987.081,996.439,1013.299,1004.078
337.16,987.862,994.848,1013.397,1004.418
337.20,986.993,993.951,1012.711,1004.598
337.24,985.796,994.757,1011.815,1002.948
337.28,985.008,995.162,1010.750,1002.461
337.32,985.156,994.175,1011.497,1003.406
337.36,986.952,993.352,1012.870,1002.975
337.40,987.295,993.409,1013.214,1002.902
337.44,986.099,994.156,1011.810,1004.117
337.48,985.518,995.771,1011.342,1003.892
337.52,986.206,996.739,1012.494,1003.542
337.56,987.614,995.801,1013.081,1005.172
337.60,987.981,995.143,1013.914,1005.689
337.64,987.778,996.064,1013.327,1004.303
337.68,986.275,996.657,1011.943,1004.523
337.72,985.722,996.248,1011.583,1004.958
337.76,986.868,995.600,1012.812,1003.591
337.80,987.268,994.393,1013.381,1003.396
337.84,986.857,993.434,1012.303,1004.225
337.88,985.746,994.235,1012.043,1003.116
337.92,985.603,995.254,1011.406,1002.370
337.96,985.604,994.762,1011.560,1003.960
338.00,986.813,994.338,1012.859,1004.103
338.04,987.538,994.804,1013.195,1003.306
338.08,986.406,995.172,1012.384,1004.431
338.12,986.233,995.779,1011.626,1004.747
338.16,986.312,996.461,1012.618,1003.733
338.20,987.098,995.796,1012.675,1004.280
338.24,987.047,994.705,1012.763,1005.044
338.28,986.915,994.984,1013.110,1003.667
338.32,986.421,995.321,1011.598,1003.276
338.36,985.009,994.886,1011.457,1004.171
338.40,986.320,994.652,1011.947,1003.109
338.44,986.673,994.267,1012.890,1002.713
338.48,986.604,993.551,1012.393,1004.047
338.52,986.207,994.252,1011.613,1003.752
338.56,985.403,995.643,1012.067,1002.758
338.60,986.225,995.500,1011.448,1003.854
338.64,986.515,994.711,1012.776,1004.788
338.68,987.669,994.941,1013.451,1003.618
338.72,986.993,995.290,1012.534,1004.022
338.76,985.962,995.450,1012.065,1004.934
338.80,986.626,996.094,1012.086,1003.880
338.84,986.728,995.906,1013.104,1003.747
338.88,987.298,994.787,1012.586,1004.987
338.92,986.741,994.825,1012.738,1004.290
338.96,986.361,995.532,1012.289,1003.023
339.00,985.756,995.192,1011.298,1003.958
339.04,985.804,994.577,1012.202,1003.999
339.08,987.103,994.507,1012.746,1002.738
339.12,986.436,994.125,1012.679,1003.583
339.16,986.265,994.207,1011.563,1004.288
339.20,985.683,995.367,1012.192,1003.084
339.24,986.514,995.639,1012.363,1003.289
339.28,987.018,994.773,1012.463,1005.094
339.32,987.114,995.047,1013.381,1004.474
339.36,987.081,996.020,1012.269,1003.568
339.40,985.666,995.948,1011.818,1004.715
339.44,986.398,995.547,1012.106,1004.410
339.48,987.201,995.255,1013.167,1003.226
339.52,987.006,994.348,1012.906,1004.122
339.56,986.448,994.178,1011.894,1004.432
339.60,985.659,995.306,1012.067,1002.824
339.64,985.971,995.387,1011.544,1003.117
339.68,986.245,994.360,1012.475,1004.496
339.72,987.511,994.353,1013.198,1003.711
339.76,986.917,994.991,1012.655,1003.459
339.80,985.806,995.395,1011.745,1004.608
339.84,986.180,995.918,1011.828,1004.151
339.88,986.848,995.953,1013.253,1003.554
339.92,987.589,994.885,1012.943,1004.852
339.96,987.071,994.740,1012.875,1004.900
340.00,986.511,995.846,1012.579,1003.412
340.04,986.066,995.944,1011.468,1003.877
340.08,985.885,995.114,1012.024,1004.664
340.12,987.028,994.778,1012.826,1003.341
340.16,986.780,994.405,1012.529,1003.198
340.20,985.632,994.030,1011.546,1004.125
340.24,985.587,994.627,1011.456,1002.904
340.28,985.773,994.893,1012.029,1002.369
340.32,986.378,993.887,1012.129,1004.018
340.36,986.857,993.873,1012.726,1003.990
340.40,986.770,995.093,1012.652,1003.055
340.44,986.041,995.637,1011.828,1004.266
340.48,986.442,995.777,1012.261,1004.935
340.52,987.491,996.104,1013.398,1004.103
340.56,987.641,995.817,1013.407,1004.797
340.60,987.132,995.573,1012.607,1005.519
340.64,986.644,996.289,1012.473,1004.157
340.68,986.301,996.304,1012.241,1003.721
340.72,986.569,995.009,1012.208,1004.541
340.76,986.895,994.272,1013.049,1003.825
340.80,986.900,994.343,1012.642,1002.878
340.84,985.785,994.312,1011.709,1003.722
340.88,985.727,994.652,1011.551,1003.655
340.92,986.225,995.163,1012.394,1002.912
340.96,986.890,994.752,1012.620,1003.909
341.00,986.938,994.535,1012.734,1004.775
341.04,987.029,995.570,1012.883,1003.839
341.08,986.521,996.264,1012.050,1004.137
341.12,986.135,996.007,1012.083,1005.073
341.16,987.173,995.831,1012.923,1004.164
341.20,987.373,995.374,1013.188,1003.886
341.24,986.630,994.702,1012.254,1004.689
341.28,985.969,994.990,1011.696,1003.719
341.32,985.609,995.342,1011.859,1002.588
341.36,985.915,994.309,1011.528,1003.525
341.40,986.171,993.453,1012.317,1003.616
341.44,986.636,993.870,1012.502,1002.432
341.48,985.854,994.191,1011.647,1003.180
341.52,985.500,994.531,1011.594,1003.973
341.56,986.505,995.323,1012.332,1003.249
341.60,987.050,995.379,1013.126,1003.909
341.64,987.396,995.082,1012.779,1005.378
341.68,987.078,995.986,1012.907,1004.670
341.72,986.739,996.887,1012.485,1004.080
341.76,986.280,996.305,1011.876,1005.177
341.80,986.791,995.550,1012.805,1004.515
341.84,987.429,995.057,1013.317,1003.294
341.88,986.673,994.207,1012.282,1004.065
341.92,985.655,994.222,1011.777,1003.861
341.96,985.774,995.022,1011.673,1002.298
342.00,985.662,994.573,1011.836,1003.121
342.04,986.508,993.701,1012.190,1004.111
342.08,986.773,994.224,1012.759,1003.163
342.12,986.363,995.021,1012.240,1003.245
342.16,985.912,995.218,1011.518,1004.582
342.20,986.387,995.735,1012.615,1004.104
342.24,987.401,995.867,1013.040,1003.775
342.28,987.110,995.230,1012.709,1005.133
342.32,986.692,995.407,1012.528,1004.768
342.36,986.452,996.144,1012.227,1003.329
342.40,986.048,995.522,1012.096,1004.017
342.44,986.692,994.454,1012.392,1004.413
342.48,986.927,994.390,1012.915,1003.179
342.52,986.224,994.473,1012.059,1003.225
342.56,985.596,994.445,1011.425,1003.879
342.60,986.068,994.871,1012.092,1003.141
342.64,986.584,994.877,1012.668,1003.238
342.68,986.947,994.419,1012.534,1004.491
342.72,986.881,994.968,1012.886,1004.253
342.76,986.947,996.000,1012.733,1003.796
342.80,986.496,996.154,1012.136,1004.948
342.84,986.788,996.044,1012.674,1005.014
342.88,987.426,996.067,1013.284,1004.013
342.92,987.230,995.475,1012.854,1004.616
342.96,986.561,995.055,1012.340,1004.804
343.00,986.302,995.467,1012.126,1003.329
343.04,985.872,995.187,1011.919,1003.215
343.08,986.037,994.121,1011.958,1003.887
343.12,986.689,993.866,1012.599,1003.083
343.16,986.403,994.138,1012.472,1002.861
343.20,985.838,994.329,1011.475,1003.853
343.24,985.717,994.991,1011.972,1003.604
343.28,986.714,995.487,1012.447,1003.229
343.32,986.865,995.027,1012.810,1004.618
343.36,987.404,995.095,1012.974,1004.882
343.40,987.156,996.054,1013.059,1004.082
343.44,986.580,996.395,1012.398,1004.686
343.48,986.737,996.077,1012.245,1005.157
343.52,987.058,995.973,1013.334,1004.177
343.56,987.424,995.395,1012.731,1004.111
343.60,986.330,994.750,1012.571,1004.608
343.64,986.488,994.994,1012.100,1003.453
343.68,985.834,995.064,1011.677,1003.055
343.72,985.613,994.365,1011.939,1003.666
343.76,986.816,993.993,1012.455,1003.207
343.80,986.709,994.087,1013.142,1003.134
343.84,986.729,994.415,1011.904,1004.097
343.88,985.786,995.430,1012.116,1004.196
343.92,986.689,996.318,1012.337,1003.701
343.96,986.992,995.921,1012.707,1004.835
344.00,987.321,995.437,1013.295,1005.241
344.04,987.519,995.834,1012.779,1004.207
344.08,986.147,995.962,1012.610,1004.196
344.12,986.545,995.479,1011.660,1004.483
344.16,986.324,995.104,1012.978,1003.701
344.20,987.338,994.588,1012.922,1003.355
344.24,986.588,994.127,1012.229,1004.240
344.28,985.853,994.717,1012.059,1003.674
344.32,985.914,995.522,1011.362,1002.885
344.36,985.539,995.017,1012.008,1003.788
344.40,986.961,994.286,1012.441,1003.974
344.44,987.163,994.366,1013.325,1003.345
344.48,986.557,994.729,1012.152,1003.945
344.52,985.673,995.375,1011.363,1004.292
344.56,986.037,996.006,1012.549,1003.406
344.60,987.379,995.437,1012.741,1004.030
344.64,987.173,994.571,1013.208,1005.150
344.68,987.122,995.218,1012.588,1004.066
344.72,985.855,996.106,1011.890,1003.483
344.76,985.864,995.644,1011.658,1004.291
344.80,986.693,994.839,1012.512,1004.050
344.84,987.205,994.449,1013.406,1003.260
344.88,986.725,994.177,1012.072,1003.870
344.92,985.485,994.669,1011.645,1003.866
344.96,985.893,995.478,1011.858,1002.801
345.00,986.475,994.998,1012.274,1003.604
345.04,986.853,994.224,1012.967,1004.692
345.08,987.364,994.857,1012.784,1003.764
345.12,986.155,995.768,1012.269,1003.687
345.16,986.024,995.803,1011.508,1004.630
345.20,986.492,995.701,1012.527,1004.154
345.24,987.243,995.303,1013.180,1003.694
345.28,987.054,994.596,1012.599,1004.504
345.32,986.176,994.789,1012.327,1004.151
345.36,986.218,995.493,1011.564,1003.004
345.40,985.433,995.149,1011.910,1003.635
345.44,986.688,994.324,1012.176,1003.960
345.48,986.775,994.225,1012.954,1003.229
345.52,986.533,994.448,1012.290,1003.406
345.56,985.874,994.793,1011.447,1004.051
345.60,985.873,995.430,1012.351,1003.541
345.64,987.008,995.469,1012.465,1003.629
345.68,986.757,994.850,1012.806,1004.817
345.72,987.021,995.167,1012.653,1004.327
345.76,986.548,995.852,1012.310,1003.599
345.80,985.898,995.650,1011.817,1004.381
345.84,986.234,995.161,1011.843,1004.165
345.88,986.551,994.898,1012.900,1003.022
345.92,986.840,994.137,1012.455,1003.501
345.96,986.173,993.837,1011.952,1004.025
346.00,985.859,994.757,1011.968,1002.903
346.04,986.054,995.173,1011.946,1002.995
346.08,986.526,994.622,1012.654,1004.454
346.12,987.635,994.802,1013.267,1004.340
346.16,987.279,995.748,1013.081,1004.143
346.20,986.462,996.299,1012.076,1005.074
346.24,986.304,996.665,1012.119,1004.929
346.28,987.061,996.462,1013.054,1004.023
346.32,987.398,995.222,1013.101,1004.619
346.36,987.154,994.436,1012.736,1004.606
346.40,986.141,994.945,1012.193,1003.245
346.44,985.444,995.165,1011.191,1002.957
346.48,985.460,994.359,1011.537,1003.533
346.52,986.657,993.812,1012.789,1003.006
346.56,987.169,993.671,1013.088,1003.044
346.60,986.513,994.100,1012.263,1004.117
346.64,986.093,995.540,1011.946,1004.050
346.68,986.522,996.633,1012.438,1003.872
346.72,987.291,996.275,1013.286,1005.229
346.76,988.379,995.854,1013.775,1005.745
346.80,987.949,996.416,1013.821,1005.009
346.84,986.807,996.876,1012.203,1005.047
346.88,985.901,996.701,1011.698,1004.917
346.92,986.516,995.909,1012.580,1003.717
346.96,987.080,994.295,1012.858,1003.470
347.00,986.775,993.075,1012.691,1003.643
347.04,985.993,993.517,1011.901,1002.732
347.08,985.193,994.443,1011.154,1002.347
347.12,985.196,994.557,1011.440,1003.291
347.16,986.760,994.358,1012.508,1003.620
347.20,987.448,994.568,1013.558,1003.801
347.24,987.325,995.172,1012.845,1004.735
347.28,986.470,996.349,1012.177,1005.030
347.32,986.438,997.342,1012.365,1004.507
347.36,987.281,996.790,1013.051,1004.903
347.40,988.039,995.514,1013.810,1005.454
347.44,987.891,995.231,1013.488,1004.708
347.48,986.417,995.710,1012.242,1003.971
347.52,985.401,995.742,1011.097,1003.896
347.56,985.601,995.063,1011.654,1003.326
347.60,986.652,993.917,1012.836,1002.812
347.64,986.934,992.910,1012.677,1003.272
347.68,986.041,993.343,1011.989,1003.263
347.72,985.359,994.808,1011.315,1002.692
347.76,985.402,995.424,1011.343,1003.346
347.80,986.602,995.040,1012.608,1004.277
347.84,987.940,994.919,1013.771,1004.322
347.88,987.758,995.407,1013.261,1004.710
347.92,986.501,996.320,1012.240,1005.145
347.96,986.295,997.150,1012.122,1004.561
348.00,986.910,996.681,1012.766,1004.430
348.04,987.480,995.225,1013.242,1004.982
348.08,987.321,994.565,1012.938,1004.281
348.12,986.063,994.874,1012.128,1003.167
348.16,985.291,994.823,1010.890,1003.166
348.20,985.255,994.241,1011.599,1003.124
348.24,986.552,993.682,1012.402,1002.582
348.28,986.643,993.259,1012.589,1003.122
348.32,986.252,993.786,1011.950,1003.646
348.36,985.516,995.214,1011.364,1003.330
348.40,985.779,996.002,1012.173,1003.494
348.44,987.402,995.454,1012.830,1004.672
348.48,987.809,995.160,1013.798,1005.170
348.52,987.661,995.953,1013.260,1004.594
348.56,986.463,996.707,1012.018,1004.772
348.60,986.147,996.653,1012.320,1004.809
348.64,987.426,995.955,1012.861,1004.242
348.68,987.245,994.839,1013.318,1004.343
348.72,986.797,994.369,1012.274,1004.141
348.76,985.494,994.839,1011.457,1003.106
348.80,985.044,994.844,1011.193,1002.590
348.84,985.796,993.915,1011.548,1003.035
348.88,986.508,993.141,1012.992,1002.994
348.92,987.042,993.401,1012.480,1002.967
348.96,985.872,994.441,1011.924,1003.666
349.00,985.853,995.714,1011.739,1003.940
349.04,986.486,996.343,1012.242,1004.178
349.08,987.364,996.004,1013.368,1004.936
349.12,988.035,995.691,1013.301,1005.297
349.16,987.024,996.102,1012.936,1004.777
349.20,986.207,996.430,1011.725,1004.311
349.24,985.720,995.909,1011.688,1004.033
349.28,986.441,994.688,1012.457,1003.438
349.32,986.901,993.485,1012.762,1003.106
349.36,986.351,993.094,1012.271,1003.097
349.40,985.341,993.821,1011.301,1002.814
349.44,985.193,994.685,1011.172,1002.586
349.48,985.824,994.683,1011.905,1003.321
349.52,987.160,994.375,1013.048,1004.007
349.56,987.679,994.794,1013.404,1004.298
349.60,986.843,995.850,1012.547,1004.746
349.64,986.211,996.924,1011.902,1004.846
349.68,986.574,997.099,1012.519,1004.627
349.72,987.487,996.046,1013.110,1004.815
349.76,987.508,994.942,1013.246,1004.790
349.80,986.697,994.843,1012.373,1003.824
349.84,985.319,995.024,1011.140,1003.096
349.88,985.005,994.525,1011.150,1002.852
349.92,985.975,993.575,1012.108,1002.611
349.96,986.731,992.823,1012.649,1002.729
350.00,986.204,993.139,1012.154,1003.174
350.04,985.533,994.541,1011.397,1003.155
350.08,985.575,995.717,1011.456,1003.353
350.12,986.511,995.694,1012.422,1004.364
350.16,987.773,995.381,1013.681,1004.854
350.20,988.162,995.633,1013.663,1004.902
350.24,986.872,996.376,1012.608,1005.170
350.28,986.100,996.985,1011.665,1004.817
350.32,986.248,996.698,1012.350,1004.131
350.36,987.291,995.111,1013.058,1004.122
350.40,987.366,993.760,1013.130,1004.158
350.44,986.483,993.945,1012.296,1003.161
350.48,985.152,994.649,1010.830,1002.731
350.52,984.619,994.680,1010.971,1002.975
350.56,986.073,994.115,1012.056,1002.861
350.60,987.205,993.448,1013.223,1003.145
350.64,987.053,993.665,1012.912,1003.971
350.68,986.229,995.163,1011.829,1004.022
350.72,985.649,996.687,1011.710,1003.869
350.76,986.391,996.644,1011.973,1004.661
350.80,987.375,995.672,1013.424,1005.046
350.84,988.094,995.178,1013.751,1004.433
350.88,986.858,995.226,1012.344,1004.405
350.92,985.307,995.596,1011.290,1004.059
350.96,985.394,995.596,1011.268,1002.967
351.00,986.084,994.274,1012.391,1002.952
351.04,987.103,992.840,1012.913,1003.492
351.08,986.943,993.092,1012.771,1003.091
351.12,985.586,994.530,1011.613,1003.006
351.16,985.315,995.647,1010.876,1003.661
351.20,986.006,995.845,1012.645,1004.103
351.24,988.333,995.414,1013.706,1004.433
351.28,988.268,995.174,1014.169,1005.414
351.32,987.433,996.186,1012.751,1005.447
351.36,986.081,997.606,1011.839,1004.593
351.40,986.180,997.355,1012.408,1004.560
351.44,987.580,995.547,1012.788,1004.981
351.48,987.537,994.272,1013.947,1004.190
351.52,987.047,994.151,1012.240,1003.250
351.56,984.698,994.440,1010.795,1003.266
351.60,984.689,994.633,1010.942,1002.505
351.64,986.037,993.981,1011.992,1002.278
351.68,986.866,992.844,1013.231,1003.388
351.72,987.217,993.225,1012.415,1003.772
351.76,985.697,995.254,1012.055,1003.342
351.80,985.685,996.555,1011.282,1003.947
351.84,986.473,996.373,1012.322,1005.010
351.88,988.004,995.856,1014.202,1004.858
351.92,988.582,995.557,1013.643,1004.935
351.96,986.690,995.833,1012.722,1005.312
352.00,985.969,996.673,1011.347,1004.260
352.04,985.588,996.402,1011.793,1003.465
352.08,986.525,994.517,1012.620,1003.853
352.12,987.330,993.063,1012.816,1003.533
352.16,986.209,993.252,1012.700,1002.594
352.20,985.419,994.071,1010.732,1002.676
352.24,984.616,994.629,1011.153,1003.170
352.28,986.496,994.791,1012.400,1003.037
352.32,987.564,994.443,1013.560,1004.028
352.36,987.806,994.705,1013.573,1005.126
352.40,987.179,996.366,1012.464,1004.905
352.44,986.009,997.803,1012.050,1004.798
352.48,986.753,997.418,1012.193,1005.296
352.52,987.796,996.040,1013.881,1005.161
352.56,988.438,994.995,1013.843,1004.538
352.60,986.484,994.738,1012.175,1004.321
352.64,985.036,995.250,1010.977,1003.250
352.68,985.122,995.033,1011.162,1002.352
352.72,986.060,993.476,1012.341,1002.938
352.76,987.050,992.450,1012.746,1003.251
352.80,986.432,993.284,1012.543,1002.690
352.84,985.481,994.791,1011.302,1003.143
352.88,985.440,995.728,1011.305,1004.053
352.92,986.958,995.991,1013.201,1004.258
352.96,988.261,995.722,1013.648,1004.989
353.00,987.767,995.811,1013.483,1005.693
353.04,987.066,996.796,1012.813,1004.964
353.08,986.501,997.283,1011.935,1004.563
353.12,986.216,996.335,1012.410,1004.878
353.16,987.281,995.041,1012.655,1004.083
353.20,986.730,994.093,1012.998,1003.243
353.24,986.218,993.594,1011.864,1003.141
353.28,985.252,993.789,1011.161,1002.888
353.32,985.190,994.208,1011.722,1002.302
353.36,986.394,994.009,1011.940,1002.930
353.40,986.668,993.807,1013.059,1004.001
353.44,987.317,994.768,1012.621,1004.003
353.48,986.271,996.167,1012.314,1004.264
353.52,986.386,996.824,1012.103,1004.920
353.56,987.219,996.659,1012.822,1005.013
353.60,987.596,996.078,1013.801,1004.842
353.64,987.675,995.479,1012.696,1004.862
353.68,985.997,995.421,1012.232,1004.284
353.72,985.710,995.426,1011.212,1003.148
353.76,985.392,994.525,1011.609,1002.922
353.80,986.181,993.178,1012.245,1002.927
353.84,986.493,992.706,1012.113,1002.557
353.88,985.557,993.261,1011.996,1002.497
353.92,985.543,994.208,1011.126,1002.998
353.96,985.730,995.012,1012.179,1003.450
354.00,987.209,995.354,1012.888,1004.097
354.04,987.574,995.603,1013.164,1005.110
354.08,987.255,996.374,1013.069,1005.258
354.12,986.996,997.149,1012.223,1004.883
354.16,986.463,996.956,1012.792,1004.988
354.20,987.529,995.947,1012.731,1004.798
354.24,987.138,995.019,1013.141,1004.262
354.28,986.350,994.531,1012.089,1003.609
354.32,985.279,994.394,1010.913,1002.994
354.36,984.921,994.045,1011.635,1002.299
354.40,986.434,993.242,1011.886,1002.392
354.44,986.362,992.718,1013.025,1003.174
354.48,986.779,993.656,1012.246,1003.313
354.52,985.856,995.395,1011.755,1003.590
354.56,985.867,996.437,1012.099,1004.450
354.60,987.504,996.567,1012.682,1005.036
354.64,987.971,996.276,1014.369,1005.319
354.68,988.263,996.185,1013.059,1005.535
354.72,986.448,996.615,1012.485,1005.126
354.76,986.177,996.758,1012.025,1004.074
354.80,986.201,995.565,1011.664,1003.918
354.84,986.125,993.939,1012.707,1003.564
354.88,986.759,993.061,1011.949,1002.483
354.92,985.027,992.954,1011.664,1002.230
354.96,984.969,993.253,1010.618,1002.283
355.00,985.136,993.697,1011.403,1002.184
355.04,986.211,993.822,1012.597,1002.859
355.08,987.305,994.049,1012.402,1004.123
355.12,986.628,995.352,1013.393,1004.509
355.16,987.423,996.896,1012.267,1004.644
355.20,986.680,997.424,1012.975,1005.738
355.24,988.077,997.262,1013.603,1005.844
355.28,988.295,996.906,1013.608,1005.501
355.32,987.303,996.408,1013.488,1005.322
355.36,986.976,995.996,1011.891,1004.655
355.40,985.589,995.516,1012.181,1003.588
355.44,986.051,994.409,1011.480,1002.987
355.48,985.645,993.133,1011.978,1002.752
355.52,986.112,992.622,1012.169,1002.124
355.56,985.742,992.830,1011.359,1002.228
355.60,984.843,993.626,1011.411,1002.803
355.64,985.923,994.614,1011.359,1002.880
355.68,986.404,995.057,1012.928,1003.695
355.72,987.802,995.231,1013.079,1004.957
355.76,987.406,996.095,1013.144,1005.312
355.80,986.931,997.317,1012.746,1004.937
355.84,986.768,997.442,1011.980,1005.246
355.88,986.726,996.543,1013.124,1005.137
355.92,987.896,995.401,1013.078,1004.215
355.96,986.598,994.445,1012.827,1003.955
356.00,985.806,994.119,1011.402,1003.317
356.04,984.816,994.245,1010.778,1002.276
356.08,984.945,993.703,1011.689,1002.033
356.12,986.548,992.664,1012.003,1002.678
356.16,986.426,992.693,1012.908,1003.043
356.20,986.444,994.144,1011.940,1003.083
356.24,985.604,995.710,1011.528,1003.908
356.28,986.308,996.528,1012.361,1004.642
356.32,987.999,996.538,1013.584,1005.056
356.36,988.374,996.239,1014.325,1005.723
356.40,987.999,996.522,1012.957,1005.867
356.44,986.210,997.274,1012.334,1004.920
356.48,986.124,997.003,1011.678,1004.162
356.52,986.248,995.213,1012.308,1004.098
356.56,987.154,993.470,1013.246,1003.241
356.60,986.753,992.766,1012.363,1002.618
356.64,984.859,993.179,1010.966,1002.614
356.68,984.381,994.109,1010.287,1002.136
356.72,985.156,994.282,1011.616,1002.157
356.76,986.930,993.499,1012.778,1003.438
356.80,987.555,993.659,1013.377,1004.274
356.84,986.974,995.439,1012.552,1004.121
356.88,985.655,997.124,1011.297,1004.660
356.92,985.993,997.461,1011.980,1005.004
356.96,987.789,996.493,1013.714,1004.764
357.00,988.804,995.100,1014.360,1005.039
357.04,987.576,994.824,1013.145,1005.154
357.08,985.783,995.928,1011.406,1003.830
357.12,984.707,996.330,1010.908,1003.077
357.16,985.923,994.762,1011.709,1003.438
357.20,987.094,992.966,1013.308,1003.351
357.24,987.169,992.689,1012.756,1002.759
357.28,985.109,993.719,1011.035,1002.851
357.32,984.452,994.993,1010.685,1002.784
357.36,985.799,995.227,1011.676,1002.987
357.40,987.229,994.385,1013.392,1004.115
357.44,988.067,994.298,1013.580,1004.714
357.48,987.074,995.668,1012.775,1004.450
357.52,986.001,997.075,1011.937,1004.596
357.56,986.521,997.156,1011.931,1005.017
357.60,987.351,996.220,1013.779,1004.931
357.64,988.513,995.176,1013.700,1004.712
357.68,987.054,994.909,1013.122,1004.656
357.72,986.200,995.475,1011.729,1003.836
357.76,985.310,995.731,1011.197,1003.352
357.80,985.703,994.800,1011.853,1003.383
357.84,986.803,993.605,1012.583,1003.216
357.88,986.799,993.236,1013.059,1003.009
357.92,986.314,993.830,1011.778,1003.280
357.96,985.151,994.989,1011.303,1003.468
358.00,985.772,995.702,1011.665,1003.400
358.04,986.827,995.350,1012.885,1004.120
358.08,987.874,994.847,1013.437,1004.838
358.12,987.365,995.352,1013.048,1004.682
358.16,986.309,996.400,1012.184,1004.331
358.20,986.007,996.598,1011.576,1004.448
358.24,986.533,995.829,1012.835,1004.309
358.28,987.695,994.745,1013.208,1003.994
358.32,986.975,994.134,1012.793,1004.064
358.36,985.855,994.567,1011.775,1003.548
358.40,985.242,995.158,1010.942,1002.889
358.44,985.407,994.765,1011.842,1003.062
358.48,987.005,993.804,1012.566,1003.462
358.52,987.047,993.618,1013.366,1003.619
358.56,986.790,994.555,1012.093,1003.718
358.60,985.483,995.822,1011.507,1004.057
358.64,985.986,996.406,1011.999,1004.056
358.68,987.298,995.876,1012.972,1004.450
358.72,987.890,995.053,1014.022,1004.922
358.76,987.859,995.212,1012.930,1004.775
358.80,986.113,996.120,1012.455,1004.294
358.84,986.135,996.463,1011.483,1004.118
358.88,986.128,995.675,1012.292,1004.283
358.92,987.208,994.629,1013.151,1003.801
358.96,987.149,994.008,1012.514,1003.591
359.00,985.496,994.157,1011.879,1003.475
359.04,985.425,994.760,1010.706,1002.776
359.08,985.108,994.681,1011.765,1002.764
359.12,986.681,993.851,1012.336,1003.374
359.16,987.058,993.594,1012.943,1003.651
359.20,986.527,994.523,1012.516,1003.576
359.24,985.917,995.716,1011.338,1003.931
359.28,985.782,996.241,1012.207,1004.225
359.32,987.342,995.912,1012.781,1004.399
359.36,987.630,995.254,1013.671,1004.848
359.40,987.416,995.266,1012.896,1004.737
359.44,986.217,995.941,1011.849,1004.134
359.48,985.658,996.072,1011.944,1003.767
359.52,986.510,995.143,1012.076,1003.875
359.56,986.953,994.087,1013.159,1003.735
359.60,986.996,993.845,1012.642,1003.389
359.64,985.756,994.387,1011.562,1003.409
359.68,985.263,995.097,1011.243,1003.209
359.72,985.908,995.112,1011.857,1003.220
359.76,986.872,994.454,1012.974,1003.842
359.80,987.573,994.244,1013.013,1004.197
359.84,986.650,995.108,1012.705,1004.136
359.88,986.127,996.194,1011.726,1004.170
359.92,986.236,996.422,1012.138,1004.406
359.96,987.253,995.803,1013.174,1004.575
360.00,987.831,995.140,1013.379,1004.649
360.04,987.196,995.127,1013.080,1004.453
360.08,986.339,995.644,1011.883,1004.128
360.12,985.643,995.840,1011.545,1003.809
360.16,986.037,995.225,1012.117,1003.579
360.20,986.991,994.181,1012.837,1003.535
360.24,986.877,993.658,1012.743,1003.608
360.28,986.003,994.210,1011.844,1003.349
360.32,985.516,995.100,1011.531,1003.083
360.36,985.981,995.199,1011.997,1003.580
360.40,987.091,994.767,1012.888,1004.194
360.44,987.481,994.883,1013.368,1004.326
360.48,987.204,995.557,1012.870,1004.447
360.52,986.575,996.349,1012.166,1004.784
360.56,986.432,996.645,1012.500,1004.736
360.60,987.253,996.212,1012.762,1004.517
360.64,987.058,995.371,1012.930,1004.677
360.68,986.757,994.907,1012.531,1004.092
360.72,986.121,994.890,1011.888,1003.254
360.76,985.444,994.512,1011.585,1003.191
360.80,985.879,993.985,1011.645,1003.021
360.84,986.228,993.658,1012.613,1002.768
360.88,986.732,993.611,1012.434,1003.167
360.92,986.107,994.259,1011.861,1003.817
360.96,985.803,995.486,1011.902,1003.634
361.00,986.516,996.064,1012.226,1003.895
361.04,987.147,995.662,1013.196,1004.947
361.08,987.920,995.538,1013.339,1005.068
361.12,987.316,996.131,1013.041,1004.585
361.16,986.460,996.432,1012.241,1004.731
361.20,986.286,996.165,1011.883,1004.592
361.24,986.490,995.554,1012.663,1003.770
361.28,986.810,994.442,1012.368,1003.579
361.32,986.117,993.673,1012.198,1003.497
361.36,985.953,993.843,1011.822,1002.595
361.40,985.455,994.085,1011.499,1002.627
361.44,985.666,994.042,1011.622,1003.254
361.48,986.333,994.246,1012.297,1003.294
361.52,986.852,994.666,1012.886,1003.536
361.56,987.030,995.112,1012.454,1004.525
361.60,986.566,995.990,1012.421,1004.792
361.64,986.535,996.789,1012.431,1004.396
361.68,987.185,996.485,1012.927,1004.712
361.72,987.576,995.605,1013.380,1005.210
361.76,987.293,995.363,1012.723,1004.540
361.80,986.083,995.624,1012.200,1003.706
361.84,985.751,995.229,1011.253,1003.623
361.88,985.542,994.376,1011.817,1003.336
361.92,986.467,993.633,1012.488,1002.529
361.96,986.371,993.099,1012.182,1002.897
362.00,985.829,993.439,1012.038,1003.249
362.04,985.917,994.645,1011.692,1002.900
362.08,985.949,995.385,1011.912,1003.593
362.12,986.799,995.410,1012.787,1004.639
362.16,987.900,995.693,1013.362,1004.747
362.20,987.330,996.197,1013.173,1005.014
362.24,986.819,996.674,1012.263,1005.212
362.28,986.460,996.797,1012.381,1004.668
362.32,986.814,996.056,1012.647,1004.206
362.36,987.076,994.754,1012.639,1004.224
362.40,986.461,994.064,1012.845,1003.615
362.44,986.247,994.140,1011.590,1002.815
362.48,985.035,994.187,1011.242,1002.937
362.52,985.412,994.079,1011.603,1002.848
362.56,986.694,993.929,1012.386,1002.778
362.60,986.730,993.839,1012.985,1003.747
362.64,986.797,994.667,1012.021,1004.264
362.68,986.005,996.150,1012.387,1003.925
362.72,986.788,996.643,1012.366,1004.439
362.76,987.334,996.107,1013.016,1005.482
362.80,987.912,995.937,1013.924,1005.024
362.84,987.586,996.103,1012.823,1004.624
362.88,986.090,996.041,1012.198,1004.800
362.92,986.272,995.853,1011.918,1003.983
362.96,986.358,995.073,1012.254,1003.311
363.00,986.261,993.844,1012.455,1003.530
363.04,986.410,993.376,1011.805,1003.042
363.08,985.201,993.774,1011.692,1002.382
363.12,985.296,994.048,1010.903,1002.618
363.16,985.446,993.968,1011.734,1003.084
363.20,986.766,994.068,1012.870,1003.112
363.24,987.259,994.397,1012.742,1003.916
363.28,986.662,995.302,1012.895,1004.715
363.32,987.025,996.660,1012.145,1004.615
363.36,986.529,997.208,1012.853,1004.961
363.40,987.807,996.680,1013.289,1005.461
363.44,988.189,996.040,1013.925,1005.338
363.48,987.739,995.940,1013.522,1004.919
363.52,986.472,996.049,1011.828,1004.639
363.56,985.465,995.958,1011.784,1003.827
363.60,986.198,995.026,1011.813,1003.109
363.64,986.313,993.474,1012.565,1003.259
363.68,986.524,992.794,1012.260,1002.903
363.72,985.522,993.418,1011.570,1002.348
363.76,985.045,994.188,1011.207,1002.593
363.80,985.758,994.483,1011.438,1003.319
363.84,986.575,994.672,1012.982,1003.689
363.88,987.665,994.995,1013.073,1004.208
363.92,986.983,995.701,1012.894,1005.018
363.96,986.711,996.752,1012.094,1004.908
364.00,986.209,997.185,1012.056,1004.643
364.04,986.838,996.300,1012.875,1004.654
364.08,987.804,994.957,1013.341,1004.493
364.12,987.178,994.337,1013.218,1004.031
364.16,986.064,994.655,1011.364,1003.489
364.20,984.409,995.014,1010.740,1002.968
364.24,985.257,994.537,1011.236,1002.428
364.28,986.489,993.228,1012.532,1002.749
364.32,986.987,992.534,1013.131,1003.275
364.36,986.768,993.636,1012.302,1003.165
364.40,985.541,995.449,1011.783,1003.562
364.44,985.993,996.499,1011.627,1004.483
364.48,987.192,996.569,1013.202,1004.953
364.52,988.508,996.175,1014.107,1005.278
364.56,987.991,996.066,1013.432,1005.707
364.60,986.726,996.663,1012.467,1005.043
364.64,986.040,996.956,1011.734,1004.090
364.68,986.064,995.730,1012.109,1004.059
364.72,986.952,994.004,1012.814,1003.691
364.76,986.926,993.161,1012.889,1002.917
364.80,985.798,993.348,1011.577,1002.740
364.84,984.523,994.052,1010.435,1002.719
364.88,984.923,994.533,1011.191,1002.285
364.92,986.405,994.046,1012.249,1002.912
364.96,987.071,993.537,1012.967,1004.104
365.00,986.954,994.522,1012.833,1003.917
365.04,986.424,996.100,1011.991,1003.866
365.08,985.881,996.705,1011.982,1004.949
365.12,987.084,996.534,1012.465,1004.996
365.16,987.507,996.031,1013.717,1004.508
365.20,987.595,995.285,1013.168,1004.717
365.24,986.703,995.077,1012.258,1004.525
365.28,985.779,995.532,1011.943,1003.373
365.32,985.550,995.156,1011.009,1003.197
365.36,985.459,994.038,1011.851,1003.290
365.40,986.502,993.304,1012.384,1002.538
365.44,986.317,993.055,1012.153,1002.561
365.48,985.562,993.495,1011.643,1003.186
365.52,985.612,994.621,1011.355,1003.026
365.56,985.844,995.379,1012.194,1003.316
365.60,987.117,995.193,1012.548,1004.486
365.64,987.386,995.342,1013.466,1004.912
365.68,987.461,996.155,1013.013,1004.579
365.72,986.519,996.661,1012.013,1004.939
365.76,986.215,996.540,1012.412,1004.817
365.80,987.343,995.885,1012.912,1004.077
365.84,987.115,994.748,1013.184,1004.285
365.88,986.608,994.216,1012.212,1004.061
365.92,985.666,994.693,1011.540,1002.882
365.96,985.187,994.713,1011.629,1002.676
366.00,986.195,993.880,1011.620,1003.331
366.04,986.408,993.548,1012.933,1003.234
366.08,986.866,994.089,1012.252,1003.058
366.12,985.833,994.850,1011.949,1003.897
366.16,986.180,995.663,1012.135,1004.111
366.20,987.150,996.071,1012.671,1004.149
366.24,987.262,995.822,1013.457,1005.063
366.28,987.662,995.832,1012.669,1005.232
366.32,986.587,996.389,1012.983,1004.436
366.36,986.623,996.318,1011.898,1004.301
366.40,986.321,995.420,1012.331,1004.422
366.44,986.963,994.651,1013.151,1003.596
366.48,986.892,994.135,1012.071,1003.359
366.52,985.325,994.083,1011.997,1003.484
366.56,985.945,994.487,1011.218,1002.726
366.60,985.563,994.465,1012.128,1002.906
366.64,986.748,994.026,1012.537,1003.705
366.68,986.962,994.275,1012.499,1003.954
366.72,986.366,995.335,1012.764,1003.787
366.76,986.688,996.021,1011.875,1004.317
366.80,986.447,996.155,1012.732,1004.899
366.84,987.412,996.090,1012.886,1004.605
366.88,987.170,995.827,1012.942,1004.556
366.92,986.920,995.447,1012.900,1004.589
366.96,986.591,995.381,1011.955,1004.101
367.00,985.898,995.266,1012.337,1003.505
367.04,986.386,994.637,1012.034,1003.465
367.08,986.338,994.031,1012.332,1003.536
367.12,986.476,994.061,1012.465,1003.149
367.16,986.117,994.403,1011.765,1003.319
367.20,985.811,994.805,1011.880,1003.620
367.24,986.301,995.132,1012.197,1003.624
367.28,986.742,995.165,1012.627,1003.973
367.32,986.950,995.121,1012.734,1004.413
367.36,986.897,995.499,1012.598,1004.347
367.40,986.524,995.906,1012.416,1004.204
367.44,986.515,995.848,1012.031,1004.372
367.48,986.500,995.412,1012.598,1004.211
367.52,986.926,995.005,1012.685,1003.799
367.56,986.451,994.597,1012.189,1003.837
367.60,986.049,994.581,1012.187,1003.521
367.64,986.331,994.695,1012.066,1003.154
367.68,986.223,994.505,1012.162,1003.667
367.72,986.407,994.565,1012.376,1003.825
367.76,986.679,995.015,1012.400,1003.560
367.80,986.619,995.265,1012.559,1004.032
367.84,986.749,995.386,1012.375,1004.577
367.88,986.752,995.800,1012.667,1004.275
367.92,986.783,995.943,1012.640,1004.206
367.96,986.893,995.551,1012.560,1004.607
368.00,986.915,995.343,1012.970,1004.325
368.04,986.999,995.330,1012.442,1003.895
368.08,986.080,995.155,1012.206,1004.107
368.12,986.121,995.027,1011.803,1003.716
368.16,986.346,994.843,1012.601,1003.192
368.20,986.836,994.241,1012.710,1003.665
368.24,986.923,994.179,1012.364,1004.075
368.28,986.270,995.094,1012.731,1003.633
368.32,986.508,995.790,1011.680,1003.887
368.36,986.205,995.760,1012.623,1004.678
368.40,987.533,995.676,1013.094,1004.428
368.44,987.479,995.582,1013.171,1004.477
368.48,986.840,995.597,1012.908,1004.854
368.52,986.836,995.936,1011.951,1004.400
368.56,986.065,996.007,1012.797,1003.934
368.60,987.072,995.254,1012.098,1004.166
368.64,986.411,994.541,1012.727,1004.158
368.68,986.606,994.575,1012.389,1003.188
368.72,985.883,994.562,1011.438,1003.256
368.76,985.404,994.408,1011.899,1003.435
368.80,986.401,994.391,1011.702,1003.001
368.84,986.024,994.187,1012.690,1003.192
368.88,986.908,994.172,1012.262,1003.767
368.92,986.462,994.797,1012.565,1003.890
368.96,986.624,995.662,1012.693,1003.978
369.00,986.992,996.041,1012.202,1004.697
369.04,986.901,996.195,1013.305,1005.065
369.08,987.727,996.293,1012.830,1004.719
369.12,986.640,996.155,1012.580,1004.857
369.16,986.407,995.826,1012.303,1004.387
369.20,986.666,995.327,1012.259,1003.581
369.24,986.363,994.379,1012.798,1003.577
369.28,986.815,993.763,1012.229,1003.564
369.32,986.022,994.101,1012.359,1003.093
369.36,985.898,994.635,1011.537,1003.122
369.40,985.835,994.810,1011.844,1003.654
369.44,986.800,994.927,1012.960,1003.735
369.48,987.485,995.047,1012.829,1004.264
369.52,986.910,995.500,1013.016,1004.821
369.56,986.819,996.346,1012.108,1004.672
369.60,986.221,996.741,1012.248,1004.451
369.64,986.843,996.087,1012.744,1004.533
369.68,987.454,995.058,1012.944,1004.496
369.72,986.938,994.630,1013.099,1003.938
369.76,986.272,994.754,1011.616,1003.562
369.80,985.198,994.892,1011.476,1003.301
369.84,985.844,994.619,1011.813,1002.947
369.88,986.427,993.883,1012.315,1003.226
369.92,986.626,993.625,1012.825,1003.483
369.96,986.683,994.307,1012.134,1003.440
370.00,985.728,995.291,1012.067,1003.783
370.04,986.195,995.845,1011.505,1004.163
370.08,986.535,995.860,1012.759,1004.262
370.12,987.522,995.437,1013.236,1004.419
370.16,987.320,995.174,1012.614,1004.725
370.20,986.229,995.564,1012.627,1004.193
370.24,986.289,995.821,1011.441,1003.635
370.28,985.823,995.178,1012.440,1003.865
370.32,987.198,994.333,1012.739,1003.725
370.36,986.895,994.054,1012.763,1003.577
370.40,986.243,994.490,1012.253,1003.620
370.44,985.889,995.172,1011.172,1003.635
370.48,985.507,995.449,1012.206,1003.566
370.52,987.163,995.058,1012.493,1003.751
370.56,987.133,994.534,1013.268,1004.419
370.60,987.231,994.930,1013.065,1004.266
370.64,986.540,995.864,1011.938,1004.100
370.68,985.660,996.231,1012.084,1004.413
370.72,986.922,995.876,1012.318,1004.211
370.76,987.140,995.112,1013.435,1004.190
370.80,987.236,994.565,1012.575,1004.283
370.84,985.951,994.887,1011.715,1003.787
370.88,985.292,995.325,1011.525,1002.993
370.92,985.905,994.686,1011.349,1003.201
370.96,986.086,993.727,1012.787,1003.475
371.00,987.252,993.541,1012.632,1003.020
371.04,986.311,994.109,1012.548,1003.376
371.08,985.955,995.059,1011.579,1004.022
371.12,986.083,995.994,1011.822,1003.959
371.16,986.822,996.129,1013.084,1004.207
371.20,987.864,995.453,1012.912,1005.178
371.24,987.105,995.527,1013.520,1004.971
371.28,987.070,996.228,1012.284,1004.076
371.32,985.870,996.123,1011.790,1004.401
371.36,986.279,995.398,1012.313,1004.219
371.40,987.000,994.673,1012.552,1003.371
371.44,986.413,993.975,1012.832,1003.406
371.48,986.366,993.834,1011.531,1003.487
371.52,985.301,994.491,1011.806,1002.932
371.56,985.827,994.798,1011.548,1002.892
371.60,986.184,994.422,1012.191,1003.763
371.64,987.146,994.417,1013.422,1003.871
371.68,987.532,995.012,1012.686,1004.068
371.72,986.193,995.857,1012.438,1004.783
371.76,986.425,996.632,1011.832,1004.586
371.80,986.652,996.612,1012.856,1004.288
371.84,987.637,995.545,1013.357,1004.818
371.88,987.527,994.816,1012.884,1004.816
371.92,986.167,995.240,1012.329,1003.738
371.96,985.531,995.494,1010.848,1003.186
372.00,985.034,994.667,1011.620,1003.336
372.04,986.610,993.642,1012.385,1002.816
372.08,986.803,993.028,1012.761,1002.815
372.12,986.076,993.365,1012.006,1003.332
372.16,985.330,994.692,1010.862,1003.188
372.20,985.012,995.702,1011.576,1003.072
372.24,986.823,995.268,1012.230,1003.918
372.28,987.561,994.545,1013.851,1004.742
372.32,987.937,995.041,1013.247,1004.485
372.36,986.157,996.226,1011.859,1004.475
372.40,985.455,996.852,1011.387,1004.420
372.44,986.390,996.212,1012.145,1004.053
372.48,987.407,994.676,1013.643,1003.985
372.52,987.711,993.640,1013.038,1004.123
372.56,986.052,994.183,1012.206,1003.522
372.60,985.220,995.273,1011.053,1002.862
372.64,985.392,995.241,1011.317,1003.326
372.68,986.606,994.372,1012.962,1003.827
372.72,988.007,994.041,1013.429,1003.772
372.76,987.035,994.678,1013.335,1004.257
372.80,986.530,995.963,1011.507,1004.605
372.84,985.554,997.030,1011.941,1004.413
372.88,987.038,996.711,1012.877,1004.363
372.92,987.978,995.299,1013.440,1005.157
372.96,987.569,994.755,1013.519,1004.823
373.00,986.507,995.460,1011.805,1003.660
373.04,984.854,995.705,1011.175,1003.462
373.08,985.809,994.854,1011.434,1003.366
373.12,986.729,993.686,1013.217,1002.997
373.16,987.356,993.049,1012.930,1003.258
373.20,986.038,993.742,1011.711,1003.632
373.24,985.112,995.377,1011.562,1003.085
373.28,986.106,995.965,1011.570,1003.434
373.32,986.940,995.222,1013.430,1004.825
373.36,988.515,995.037,1013.741,1004.930
373.40,987.382,995.890,1013.149,1004.655
373.44,986.030,996.825,1011.666,1004.864
373.48,985.961,996.900,1011.517,1004.491
373.52,986.705,995.844,1013.300,1003.934
373.56,988.159,994.150,1013.309,1004.173
373.60,986.827,993.627,1013.058,1004.156
373.64,985.696,994.703,1011.197,1002.967
373.68,984.581,995.436,1010.649,1002.657
373.72,985.418,994.629,1011.945,1003.333
373.76,987.701,993.530,1013.053,1003.461
373.80,987.386,993.569,1013.812,1003.713
373.84,986.606,994.817,1011.859,1004.182
373.88,985.271,996.536,1011.415,1004.141
373.92,986.207,997.001,1012.173,1004.110
373.96,987.750,995.835,1013.245,1005.009
374.00,988.195,994.886,1014.271,1005.216
374.04,987.581,995.390,1012.538,1004.399
374.08,985.131,996.223,1011.454,1003.996
374.12,985.341,996.021,1011.053,1003.587
374.16,986.302,994.640,1012.270,1003.300
374.20,987.178,993.127,1013.526,1003.215
374.24,987.080,992.918,1012.334,1003.280
374.28,985.251,994.180,1011.692,1003.020
374.32,985.251,995.471,1010.866,1002.979
374.36,985.756,995.491,1011.894,1003.829
374.40,987.479,994.881,1013.424,1004.310
374.44,988.119,994.846,1013.565,1004.571
374.48,986.886,995.671,1012.800,1004.808
374.52,986.130,996.726,1011.404,1004.582
374.56,985.782,996.857,1012.061,1004.196
374.60,987.015,995.610,1012.716,1004.262
374.64,987.422,994.162,1013.256,1004.201
374.68,986.770,993.949,1012.819,1003.468
374.72,985.776,994.488,1011.272,1003.039
374.76,984.890,994.823,1011.263,1003.107
374.80,985.933,994.542,1011.788,1003.076
374.84,986.905,994.016,1013.004,1003.346
374.88,987.244,993.923,1012.985,1003.990
374.92,986.503,994.997,1012.071,1004.157
374.96,985.708,996.341,1011.921,1003.903
375.00,986.523,996.520,1011.925,1004.332
375.04,987.037,995.665,1013.348,1004.948
375.08,988.151,995.134,1013.493,1004.525
375.12,987.001,995.282,1012.766,1004.370
375.16,985.762,995.669,1011.620,1004.204
375.20,985.640,995.760,1011.382,1003.523
375.24,986.242,994.863,1012.624,1003.252
375.28,987.318,993.580,1012.723,1003.711
375.32,986.386,993.500,1012.555,1003.613
375.36,985.851,994.639,1011.681,1002.802
375.40,985.576,995.293,1011.406,1003.311
375.44,986.302,995.039,1012.714,1004.240
375.48,987.968,994.986,1013.380,1004.244
375.52,987.380,995.410,1013.493,1004.697
375.56,986.938,996.200,1012.258,1005.062
375.60,986.151,996.971,1012.082,1004.694
375.64,986.691,996.729,1012.575,1004.353
375.68,987.213,995.344,1012.789,1004.683
375.72,987.108,994.451,1013.294,1004.147
375.76,986.752,994.470,1012.114,1003.201
375.80,985.072,994.537,1011.267,1003.273
375.84,985.380,994.466,1011.319,1002.935
375.88,986.232,994.070,1012.293,1002.659
375.92,986.856,993.488,1012.959,1003.422
375.96,986.900,993.886,1012.371,1003.960
376.00,986.102,995.422,1012.271,1003.709
376.04,986.271,996.473,1011.994,1004.128
376.08,986.973,996.326,1012.825,1005.157
376.12,988.073,996.061,1013.920,1005.201
376.16,988.086,996.106,1013.467,1005.067
376.20,986.718,996.353,1012.451,1005.166
376.24,986.116,996.550,1011.769,1004.398
376.28,986.102,995.875,1012.170,1003.612
376.32,986.649,994.262,1012.432,1003.654
376.36,986.427,993.164,1012.358,1003.279
376.40,985.753,993.340,1011.801,1002.252
376.44,984.945,993.772,1010.830,1002.298
376.48,985.129,993.836,1011.402,1002.801
376.52,986.587,993.914,1012.443,1002.925
376.56,986.987,994.176,1013.079,1003.786
376.60,987.240,995.077,1012.739,1004.609
376.64,986.659,996.507,1012.429,1004.798
376.68,986.602,997.440,1012.439,1004.996
376.72,987.401,997.089,1013.083,1005.401
376.76,988.043,996.169,1013.891,1005.362
376.80,987.844,995.652,1013.199,1004.897
376.84,986.260,995.621,1012.289,1004.268
376.88,985.596,995.513,1011.226,1003.479
376.92,985.483,994.648,1011.660,1002.953
376.96,986.248,993.315,1012.310,1002.767
377.00,986.338,992.595,1012.049,1002.713
377.04,985.539,993.135,1011.764,1002.453
377.08,985.300,994.169,1011.089,1002.558
377.12,985.579,994.744,1011.715,1003.317
377.16,986.951,994.965,1012.983,1003.975
377.20,987.851,995.308,1013.274,1004.716
377.24,987.194,996.140,1012.967,1005.286
377.28,986.990,997.228,1012.492,1005.041
377.32,986.783,997.368,1012.576,1005.061
377.36,987.317,996.437,1013.073,1005.176
377.40,987.605,995.427,1013.314,1004.642
377.44,986.871,994.869,1012.567,1003.935
377.48,985.640,994.676,1011.654,1003.421
377.52,985.288,994.411,1011.186,1002.793
377.56,985.468,993.751,1011.567,1002.489
377.60,986.144,993.024,1012.354,1002.587
377.64,986.554,993.032,1012.342,1002.937
377.68,986.072,994.010,1012.253,1003.269
377.72,986.189,995.362,1011.819,1003.718
377.76,986.324,996.232,1012.443,1004.514
377.80,987.689,996.476,1013.240,1005.094
377.84,988.109,996.469,1013.881,1005.551
377.88,987.770,996.723,1013.348,1005.636
377.92,986.979,997.041,1012.512,1005.206
377.96,986.505,996.819,1012.565,1004.545
378.00,986.897,995.620,1012.391,1004.293
378.04,986.593,994.357,1012.756,1003.851
378.08,986.375,993.745,1011.958,1002.935
378.12,985.172,993.624,1011.268,1002.488
378.16,984.892,993.549,1010.959,1002.323
378.20,985.534,993.407,1011.540,1002.242
378.24,986.346,993.279,1012.658,1002.725
378.28,986.923,993.720,1012.463,1003.683
378.32,986.402,995.130,1012.409,1004.120
378.36,986.479,996.651,1012.200,1004.401
378.40,986.812,997.093,1012.510,1005.190
378.44,987.566,996.749,1013.419,1005.544
378.48,988.171,996.326,1013.578,1005.129
378.52,987.050,996.004,1012.809,1004.949
378.56,986.088,995.796,1011.686,1004.299
378.60,985.544,995.317,1011.632,1003.194
378.64,985.932,994.041,1011.869,1002.764
378.68,986.113,992.683,1012.142,1002.843
378.72,985.985,992.585,1011.986,1002.249
378.76,985.331,993.354,1011.268,1002.192
378.80,985.035,994.139,1011.126,1002.904
378.84,986.024,994.709,1012.029,1003.336
378.88,987.302,995.021,1013.298,1003.944
378.92,987.920,995.391,1013.387,1005.140
378.96,987.304,996.528,1013.001,1005.542
379.00,986.758,997.786,1012.448,1005.127
379.04,986.828,997.663,1012.576,1005.242
379.08,987.645,996.317,1013.400,1005.337
379.12,987.827,995.120,1013.427,1004.622
379.16,986.548,994.725,1012.330,1003.733
379.20,985.197,994.603,1011.034,1003.051
379.24,984.742,994.192,1010.931,1002.431
379.28,985.642,993.233,1011.636,1002.086
379.32,986.123,992.341,1012.457,1002.462
379.36,986.340,992.619,1011.968,1002.701
379.40,985.527,994.096,1011.673,1002.850
379.44,985.690,995.490,1011.457,1003.522
379.48,986.485,995.982,1012.527,1004.517
379.52,988.064,996.080,1013.932,1005.048
379.56,988.454,996.324,1013.826,1005.643
379.60,987.323,996.967,1013.036,1005.864
379.64,986.608,997.671,1012.000,1005.068
379.68,986.256,997.112,1012.414,1004.531
379.72,987.302,995.242,1012.995,1004.357
379.76,987.230,993.681,1013.044,1003.827
379.80,986.260,993.483,1012.350,1002.816
379.84,985.248,993.904,1010.913,1002.487
379.88,984.613,994.055,1010.962,1002.664
379.92,985.903,993.947,1011.832,1002.608
379.96,986.797,993.678,1013.007,1003.175
380.00,987.338,993.975,1013.214,1004.086
380.04,987.029,995.418,1012.568,1004.508
380.08,986.245,997.094,1012.305,1004.773
380.12,986.805,997.615,1012.186,1005.292
380.16,987.513,996.930,1013.655,1005.506
380.20,988.551,995.995,1013.974,1005.207
380.24,987.535,995.551,1013.157,1005.000
380.28,986.059,995.731,1011.806,1004.219
380.32,985.201,995.664,1010.957,1003.211
380.36,985.376,994.475,1011.757,1002.745
380.40,986.520,992.784,1012.135,1002.734
380.44,986.147,992.207,1012.428,1002.482
380.48,985.539,993.041,1011.291,1002.157
380.52,984.680,994.158,1010.689,1002.547
380.56,985.565,994.777,1012.112,1003.100
380.60,987.773,994.809,1013.111,1004.044
380.64,987.788,995.160,1014.037,1005.285
380.68,987.999,996.569,1013.114,1005.427
380.72,986.780,998.074,1012.831,1005.500
380.76,987.321,998.181,1012.792,1005.844
380.80,987.937,997.146,1013.584,1005.844
380.84,988.033,995.986,1013.845,1005.143
380.88,987.111,995.281,1012.399,1004.301
380.92,985.322,994.880,1011.603,1003.439
380.96,985.081,994.291,1010.800,1002.392
381.00,985.164,993.110,1011.647,1002.013
381.04,986.048,992.007,1011.890,1002.102
381.08,985.712,992.102,1011.703,1002.203
381.12,985.350,993.389,1011.721,1002.214
381.16,985.854,994.669,1011.390,1003.179
381.20,986.430,995.490,1012.782,1004.429
381.24,988.142,996.240,1013.519,1005.071
381.28,988.100,996.982,1013.822,1005.906
381.32,987.797,997.696,1013.054,1006.284
381.36,986.975,998.174,1012.625,1005.772
381.40,987.013,997.539,1012.795,1005.041
381.44,987.263,995.695,1012.883,1004.747
381.48,987.073,994.112,1013.197,1003.847
381.52,986.369,993.514,1011.923,1002.728
381.56,984.571,993.452,1010.565,1002.367
381.60,984.155,993.436,1010.544,1001.783
381.64,985.557,992.956,1011.813,1001.588
381.68,986.716,992.356,1012.904,1002.814
381.72,987.034,993.110,1012.466,1003.781
381.76,985.801,995.537,1011.958,1003.730
381.80,985.895,997.331,1011.456,1004.313
381.84,986.949,997.248,1013.049,1005.571
381.88,988.983,996.537,1014.433,1005.848
381.92,988.742,996.269,1014.227,1005.737
381.96,986.799,996.729,1012.392,1005.458
382.00,985.457,997.088,1010.961,1004.299
382.04,985.283,995.991,1011.680,1003.182
382.08,986.674,993.464,1012.374,1003.077
382.12,986.704,991.680,1012.901,1002.683
382.16,985.712,992.015,1011.578,1001.742
382.20,984.134,993.360,1010.103,1001.702
382.24,984.212,994.186,1010.618,1002.313
382.28,986.442,994.195,1012.233,1003.009
382.32,987.737,994.089,1014.036,1004.185
382.36,988.211,995.068,1013.363,1005.191
382.40,986.736,997.169,1012.549,1005.395
382.44,986.439,998.681,1011.974,1005.327
382.48,987.134,998.083,1012.978,1005.768
382.52,988.749,996.314,1014.578,1005.704
382.56,988.659,995.141,1013.857,1005.136
382.60,986.034,995.206,1012.080,1004.242
382.64,984.696,995.559,1010.271,1002.852
382.68,984.593,994.554,1011.063,1002.202
382.72,986.035,992.430,1012.183,1002.373
382.76,986.789,991.363,1012.523,1002.232
382.80,985.585,992.316,1011.852,1002.008
382.84,984.735,994.120,1010.370,1002.450
382.88,984.984,995.364,1011.372,1003.267
382.92,987.356,995.586,1013.141,1004.191
382.96,988.631,995.478,1014.334,1005.505
383.00,988.375,996.429,1013.820,1006.014
383.04,986.906,998.082,1012.287,1005.673
383.08,986.197,998.624,1012.130,1005.309
383.12,987.263,997.125,1012.895,1005.239
383.16,987.943,994.974,1013.854,1004.763
383.20,987.281,993.812,1012.808,1003.670
383.24,985.053,993.827,1011.013,1002.643
383.28,983.935,993.915,1010.057,1001.815
383.32,984.688,993.168,1010.901,1001.521
383.36,986.155,992.012,1012.550,1002.071
383.40,986.989,991.960,1012.663,1002.753
383.44,986.021,993.738,1012.030,1003.201
383.48,985.356,996.096,1011.128,1003.716
383.52,986.133,997.199,1012.092,1004.654
383.56,988.256,996.851,1014.269,1005.630
383.60,989.466,996.362,1014.639,1006.311
383.64,987.920,996.928,1013.479,1006.211
383.68,986.212,997.952,1011.904,1005.071
383.72,985.933,997.437,1011.646,1004.316
383.76,986.592,995.134,1012.779,1004.179
383.80,987.491,993.036,1013.109,1003.352
383.84,986.265,992.486,1012.366,1002.372
383.88,984.562,993.086,1010.392,1002.062
383.92,983.949,993.794,1010.220,1001.891
383.96,985.413,993.746,1011.903,1002.049
384.00,987.377,993.132,1012.920,1003.380
384.04,987.395,993.753,1013.504,1004.417
384.08,987.016,995.994,1012.368,1004.370
384.12,986.054,997.861,1011.919,1005.021
384.16,986.956,998.022,1012.654,1005.837
384.20,988.556,997.057,1014.186,1005.800
384.24,988.776,996.073,1014.638,1005.516
384.28,987.533,995.794,1012.526,1005.304
384.32,985.241,996.199,1011.506,1004.076
384.36,985.373,995.757,1011.074,1002.737
384.40,985.822,993.696,1012.222,1002.958
384.44,986.968,991.961,1012.778,1002.838
384.48,986.289,992.253,1012.159,1002.107
384.52,984.680,993.636,1010.901,1002.264
384.56,984.589,994.806,1010.279,1002.935
384.60,985.989,995.105,1012.703,1003.227
384.64,988.541,994.733,1013.968,1004.341
384.68,988.299,995.028,1013.974,1005.835
384.72,987.309,997.031,1012.867,1005.424
384.76,986.287,998.740,1011.620,1005.019
384.80,986.189,998.085,1012.483,1005.691
384.84,988.345,996.042,1013.701,1005.220
384.88,988.306,994.501,1014.362,1004.283
384.92,986.812,994.056,1012.142,1003.891
384.96,984.446,994.609,1010.237,1002.986
385.00,983.906,994.784,1010.592,1001.665
385.04,985.862,993.222,1011.525,1002.038
385.08,986.712,991.593,1013.352,1003.077
385.12,987.272,992.289,1012.589,1002.681
385.16,985.237,994.676,1011.358,1002.911
385.20,984.970,996.408,1010.975,1004.062
385.24,986.786,996.791,1012.420,1004.709
385.28,988.547,996.240,1014.833,1005.222
385.32,989.238,995.845,1014.093,1006.127
385.36,987.161,996.763,1012.986,1005.839
385.40,986.006,997.956,1011.515,1004.496
385.44,985.773,997.072,1011.541,1004.334
385.48,986.663,994.687,1012.955,1004.202
385.52,987.652,992.945,1013.135,1002.957
385.56,986.171,992.559,1012.325,1002.354
385.60,984.629,993.206,1010.364,1002.466
385.64,984.371,994.171,1010.619,1002.008
385.68,985.746,994.189,1012.226,1002.383
385.72,987.470,993.533,1012.832,1004.035
385.76,987.303,994.313,1013.500,1004.557
385.80,987.038,996.380,1012.451,1004.228
385.84,986.153,997.586,1011.950,1005.200
385.88,986.829,997.426,1012.624,1005.784
385.92,988.173,996.731,1013.712,1005.024
385.96,987.855,995.662,1013.670,1004.932
386.00,986.739,995.016,1012.178,1004.748
386.04,985.492,995.239,1011.480,1003.113
386.08,985.094,994.765,1011.273,1002.385
386.12,985.849,993.201,1011.822,1002.906
386.16,986.652,992.362,1012.900,1002.641
386.20,986.621,992.972,1012.302,1002.437
386.24,985.233,994.260,1011.190,1003.399
386.28,985.375,995.654,1011.330,1003.669
386.32,986.673,996.197,1012.811,1003.863
386.36,988.212,995.636,1013.939,1005.202
386.40,988.429,995.636,1013.941,1005.941
386.44,987.471,997.012,1012.970,1005.151
386.48,986.082,997.838,1011.885,1004.937
386.52,986.446,997.019,1012.181,1005.051
386.56,987.589,995.363,1013.662,1004.361
386.60,987.935,994.019,1013.543,1003.843
386.64,986.234,993.742,1011.984,1003.742
386.68,984.775,994.546,1010.704,1002.704
386.72,984.684,994.838,1010.791,1002.104
386.76,985.717,993.627,1012.044,1002.938
386.80,987.400,992.742,1013.236,1003.281
386.84,987.232,993.504,1013.190,1003.296
386.88,986.104,995.240,1011.511,1004.056
386.92,985.215,996.839,1011.337,1004.543
386.96,986.827,997.237,1012.719,1004.360
387.00,988.511,996.027,1014.158,1005.347
387.04,988.628,995.218,1014.244,1005.996
387.08,987.335,996.193,1012.666,1004.823
387.12,985.409,997.151,1011.331,1003.965
387.16,985.260,996.258,1011.115,1004.116
387.20,986.659,994.329,1012.680,1003.498
387.24,987.341,992.809,1013.384,1002.667
387.28,986.147,992.452,1011.645,1002.904
387.32,984.296,993.602,1010.572,1002.384
387.36,984.582,994.723,1010.738,1001.701
387.40,986.175,994.171,1012.275,1003.074
387.44,987.778,993.509,1013.777,1004.523
387.48,988.095,994.764,1013.378,1004.384
387.52,986.344,996.916,1012.463,1004.721
387.56,986.244,998.006,1011.480,1005.588
387.60,986.950,997.736,1013.172,1005.474
387.64,988.669,996.435,1014.219,1005.071
387.68,987.929,995.085,1013.394,1005.394
387.72,986.340,995.081,1012.252,1004.191
387.76,985.371,995.524,1010.965,1002.621
387.80,984.850,994.465,1011.166,1002.875
387.84,986.218,992.912,1012.135,1002.884
387.88,986.795,992.447,1012.907,1002.191
387.92,986.100,992.981,1011.989,1002.744
387.96,985.268,994.304,1011.036,1003.448
388.00,985.637,995.798,1011.915,1003.295
388.04,987.133,996.051,1012.757,1004.294
388.08,987.971,995.612,1013.769,1005.708
388.12,988.021,996.219,1013.615,1005.444
388.16,987.082,997.322,1012.473,1004.846
388.20,986.149,997.242,1012.116,1005.183
388.24,986.983,996.218,1012.613,1004.746
388.28,987.415,995.000,1013.558,1003.856
388.32,987.010,993.940,1012.541,1003.805
388.36,985.565,993.920,1011.572,1003.323
388.40,985.152,994.455,1011.292,1002.172
388.44,985.607,994.106,1011.627,1002.648
388.48,986.550,993.397,1012.581,1003.626
388.52,987.049,993.885,1012.802,1003.487
388.56,986.360,995.178,1012.142,1003.661
388.60,985.791,996.096,1011.689,1004.517
388.64,986.712,996.481,1012.483,1004.530
388.68,987.557,996.123,1013.374,1004.657
388.72,987.531,995.497,1013.115,1005.169
388.76,986.923,995.628,1012.707,1004.578
388.80,986.346,995.962,1012.214,1003.737
388.84,985.975,995.350,1011.707,1003.980
388.88,986.188,994.503,1012.257,1003.707
388.92,986.765,994.063,1012.632,1002.864
388.96,986.135,993.743,1011.936,1003.242
389.00,985.464,994.006,1011.583,1003.375
389.04,986.006,994.715,1012.013,1002.662
389.08,986.506,994.694,1012.458,1003.578
389.12,986.990,994.613,1012.756,1004.745
389.16,987.228,995.583,1012.782,1004.222
389.20,986.504,996.496,1012.539,1004.363
389.24,986.735,996.441,1012.169,1005.141
389.28,987.055,996.161,1013.112,1004.831
389.32,987.710,995.730,1013.472,1004.215
389.36,987.099,995.087,1012.553,1004.739
389.40,985.986,995.149,1012.002,1004.240
389.44,986.130,995.469,1011.865,1002.886
389.48,985.854,994.594,1012.090,1003.419
389.52,986.527,993.632,1012.170,1003.795
389.56,986.439,993.887,1012.560,1002.780
389.60,986.006,994.391,1011.935,1002.952
389.64,985.873,994.577,1011.587,1003.983
389.68,986.349,995.160,1012.698,1003.729
389.72,987.261,995.523,1012.683,1003.835
389.76,986.902,995.441,1012.934,1005.037
389.80,987.358,995.897,1012.868,1004.846
389.84,986.806,996.532,1012.578,1004.390
389.88,986.524,996.308,1012.447,1004.756
389.92,986.996,995.635,1012.500,1004.621
389.96,986.764,995.119,1013.008,1003.815
390.00,986.708,994.615,1012.123,1003.642
390.04,985.662,994.334,1011.870,1003.600
390.08,985.911,994.407,1011.808,1002.819
390.12,985.983,994.251,1011.955,1002.903
390.16,986.256,993.867,1012.297,1003.612
390.20,986.678,994.247,1012.470,1003.492
390.24,986.421,995.081,1012.326,1003.600
390.28,986.083,995.624,1011.674,1004.367
390.32,986.245,995.955,1012.251,1004.284
390.36,987.085,995.804,1012.937,1003.995
390.40,987.428,995.160,1012.943,1004.639
390.44,986.843,995.034,1012.831,1004.650
390.48,986.541,995.658,1012.153,1003.662
390.52,985.930,995.678,1011.932,1003.823
390.56,986.294,994.944,1012.120,1004.162
390.60,986.931,994.506,1012.844,1003.475
390.64,986.788,994.351,1012.801,1003.453
390.68,986.148,994.431,1011.595,1004.025
390.72,985.657,995.160,1011.957,1003.463
390.76,986.464,995.416,1012.420,1003.202
390.80,987.057,994.727,1012.697,1004.492
390.84,987.099,994.756,1012.958,1004.624
390.88,986.772,995.782,1012.335,1003.731
390.92,985.962,996.135,1012.042,1004.208
390.96,986.500,995.663,1012.205,1004.645
391.00,987.226,995.269,1013.219,1003.921
391.04,987.387,994.871,1013.237,1003.975
391.08,986.635,994.719,1012.138,1004.562
391.12,985.799,995.446,1012.042,1003.710
391.16,986.200,995.752,1011.849,1003.204
391.20,986.396,994.799,1012.539,1004.216
391.24,987.400,994.238,1013.070,1004.131
391.28,986.980,994.757,1012.813,1003.537
391.32,985.923,995.337,1011.824,1004.029
391.36,985.856,995.664,1011.486,1004.158
391.40,986.420,995.612,1012.777,1003.596
391.44,987.335,994.846,1012.872,1004.115
391.48,986.978,994.421,1012.967,1004.531
391.52,986.731,995.169,1012.369,1003.716
391.56,985.912,995.771,1011.714,1003.683
391.60,985.955,995.485,1012.115,1004.266
391.64,987.152,994.982,1012.646,1003.944
391.68,986.992,994.711,1013.318,1003.809
391.72,986.910,994.726,1012.361,1004.189
391.76,986.159,995.267,1011.937,1004.004
391.80,985.814,995.742,1012.055,1003.614
391.84,986.536,995.326,1011.980,1003.869
391.88,986.768,994.584,1013.133,1004.132
391.92,987.294,994.537,1012.738,1003.813
391.96,986.239,994.968,1012.155,1003.815
392.00,985.652,995.405,1011.601,1003.822
392.04,985.991,995.426,1011.658,1003.534
392.08,986.544,994.773,1012.911,1003.566
392.12,987.266,994.135,1012.622,1003.983
392.16,986.459,994.427,1012.649,1003.869
392.20,986.136,995.303,1011.701,1003.435
392.24,985.685,995.588,1011.675,1003.846
392.28,986.583,995.242,1012.749,1004.033
392.32,987.561,994.856,1013.149,1004.056
392.36,987.102,994.846,1013.283,1004.377
392.40,986.828,995.507,1012.125,1004.408
392.44,985.945,996.235,1012.129,1004.174
392.48,986.443,996.096,1012.232,1004.142
392.52,986.986,995.214,1012.767,1004.396
392.56,987.220,994.639,1013.123,1004.058
392.60,986.692,994.697,1012.215,1003.747
392.64,985.597,995.009,1011.748,1003.586
392.68,985.956,995.072,1011.728,1003.333
392.72,986.308,994.619,1012.502,1003.487
392.76,987.201,994.169,1012.993,1003.781
392.80,987.075,994.479,1012.878,1004.022
392.84,986.356,995.450,1012.121,1004.140
392.88,986.113,996.281,1011.907,1004.231
392.92,986.574,996.201,1012.518,1004.482
392.96,987.218,995.559,1012.905,1004.637
393.00,987.279,995.145,1013.047,1004.354
393.04,986.757,995.127,1012.620,1003.948
393.08,986.210,995.198,1011.927,1003.870
393.12,985.940,995.088,1012.033,1003.704
393.16,986.497,994.819,1012.333,1003.463
393.20,986.607,994.361,1012.625,1003.681
393.24,986.577,994.367,1012.318,1003.783
393.28,986.090,994.905,1011.953,1003.525
393.32,985.909,995.291,1012.042,1003.520
393.36,986.590,995.090,1012.174,1003.958
393.40,986.872,994.887,1013.127,1004.102
393.44,987.391,995.055,1012.898,1004.126
393.48,986.696,995.509,1012.496,1004.476
393.52,986.341,996.013,1012.185,1004.444
393.56,986.614,996.143,1012.315,1004.190
393.60,987.009,995.545,1013.183,1004.344
393.64,987.538,994.907,1012.935,1004.601
393.68,986.640,995.058,1012.811,1004.115
393.72,986.322,995.522,1011.829,1003.676
393.76,985.812,995.390,1012.015,1003.889
393.80,986.694,994.860,1012.572,1003.838
393.84,987.237,994.503,1013.054,1003.746
393.88,986.780,994.544,1012.716,1004.048
393.92,986.032,995.227,1011.453,1004.044
393.96,985.619,995.840,1011.993,1003.448
394.00,986.594,995.376,1012.246,1003.773
394.04,987.066,994.449,1012.909,1004.409
394.08,987.164,994.509,1013.148,1003.872
394.12,986.537,995.174,1011.886,1003.683
394.16,985.235,995.544,1011.566,1004.093
394.20,986.214,995.550,1011.875,1003.608
394.24,986.924,994.848,1013.135,1003.570
394.28,987.328,994.074,1012.923,1004.294
394.32,986.527,994.531,1012.263,1004.008
394.36,985.697,995.648,1011.903,1003.201
394.40,985.937,995.652,1011.421,1003.801
394.44,986.415,994.907,1012.775,1004.348
394.48,987.691,994.647,1013.285,1003.754
394.52,986.987,994.777,1012.855,1004.034
394.56,986.250,995.300,1011.898,1004.445
394.60,985.731,996.030,1011.567,1003.867
394.64,986.175,995.894,1012.328,1003.553
394.68,987.221,994.660,1012.897,1004.272
394.72,987.352,994.105,1013.280,1004.240
394.76,986.709,994.830,1012.361,1003.539
394.80,985.476,995.540,1011.438,1003.680
394.84,985.730,995.527,1011.708,1003.903
394.88,986.835,994.999,1012.663,1003.682
394.92,987.139,994.382,1013.207,1003.931
394.96,986.930,994.431,1012.364,1004.142
395.00,985.872,995.272,1011.875,1003.702
395.04,985.756,995.788,1011.697,1003.528
395.08,986.409,995.235,1012.266,1003.987
395.12,987.338,994.551,1013.408,1004.134
395.16,987.389,994.564,1012.769,1004.066
395.20,986.065,995.275,1012.039,1004.073
395.24,985.679,995.900,1011.627,1003.797
395.28,986.271,995.642,1012.193,1003.760
395.32,987.219,994.698,1013.288,1004.135
395.36,987.432,994.289,1012.905,1004.290
395.40,986.277,994.962,1012.316,1003.779
395.44,985.788,995.670,1011.419,1003.529
395.48,985.730,995.475,1011.766,1003.887
395.52,986.861,994.794,1012.936,1003.813
395.56,987.511,994.323,1013.104,1003.823
395.60,986.571,994.557,1012.592,1004.178
395.64,986.004,995.464,1011.580,1003.798
395.68,985.772,995.979,1011.900,1003.576
395.72,986.741,995.345,1012.654,1004.115
395.76,987.585,994.594,1013.267,1004.487
395.80,987.234,994.867,1013.228,1004.131
395.84,986.309,995.621,1011.702,1004.061
395.88,985.524,996.008,1011.718,1004.074
395.92,986.512,995.649,1012.284,1003.785
395.96,987.030,994.660,1012.897,1003.983
396.00,987.058,994.138,1012.914,1003.999
396.04,986.349,994.609,1011.987,1003.507
396.08,985.318,995.228,1011.280,1003.369
396.12,985.485,995.140,1011.400,1003.403
396.16,986.552,994.487,1012.759,1003.377
396.20,987.395,993.876,1013.180,1003.680
396.24,986.855,994.195,1012.571,1004.111
396.28,986.067,995.493,1011.949,1003.801
396.32,985.804,996.340,1011.625,1003.934
396.36,986.592,995.949,1012.666,1004.460
396.40,987.896,995.175,1013.576,1004.624
396.44,987.618,995.014,1013.118,1004.608
396.48,986.180,995.610,1012.022,1004.316
396.52,985.596,996.075,1011.318,1003.664
396.56,985.962,995.422,1012.197,1003.520
396.60,987.156,994.046,1012.902,1003.735
396.64,986.984,993.534,1012.813,1003.636
396.68,985.991,994.241,1011.823,1003.130
396.72,985.108,995.094,1011.005,1003.067
396.76,985.463,995.092,1011.588,1003.398
396.80,986.865,994.510,1012.765,1003.566
396.84,987.376,994.150,1013.324,1003.976
396.88,986.916,994.716,1012.532,1004.242
396.92,986.006,995.924,1011.895,1004.086
396.96,985.977,996.493,1011.941,1004.103
397.00,986.938,995.870,1012.740,1004.558
397.04,987.763,995.050,1013.626,1004.631
397.08,987.445,994.989,1013.063,1004.388
397.12,986.317,995.513,1012.207,1004.123
397.16,985.979,995.830,1011.730,1003.878
397.20,986.121,995.431,1012.140,1003.889
397.24,986.863,994.636,1012.754,1003.782
397.28,987.000,994.163,1012.879,1003.696
397.32,986.421,994.365,1012.132,1003.619
397.36,985.694,995.002,1011.540,1003.509
397.40,985.803,995.271,1011.975,1003.383
397.44,986.752,994.877,1012.545,1003.798
397.48,987.235,994.525,1013.087,1004.234
397.52,986.978,994.966,1012.682,1004.155
397.56,986.141,995.807,1011.906,1004.058
397.60,986.013,996.072,1011.990,1004.126
397.64,986.780,995.562,1012.590,1004.182
397.68,987.167,994.868,1013.015,1004.218
397.72,986.954,994.686,1012.747,1004.034
397.76,986.281,995.015,1011.959,1003.722
397.80,985.745,995.271,1011.718,1003.584
397.84,986.055,995.037,1011.917,1003.565
397.88,986.585,994.498,1012.566,1003.586
397.92,986.941,994.205,1012.829,1003.667
397.96,986.681,994.535,1012.478,1003.827
398.00,986.387,995.316,1012.272,1003.908
398.04,986.386,995.841,1012.127,1004.181
398.08,986.601,995.859,1012.543,1004.506
398.12,987.228,995.660,1012.900,1004.447
398.16,987.092,995.453,1012.827,1004.467
398.20,986.545,995.421,1012.185,1004.313
398.24,985.902,995.456,1011.757,1003.757
398.28,985.806,995.082,1011.853,1003.306
398.32,986.495,994.118,1012.433,1003.260
398.36,986.778,993.500,1012.753,1003.375
398.40,986.382,993.872,1012.077,1003.268
398.44,985.682,994.843,1011.804,1003.268
398.48,986.149,995.366,1012.031,1003.710
398.52,987.066,995.389,1013.162,1004.409
398.56,988.048,995.487,1013.739,1004.909
398.60,987.819,996.160,1013.275,1005.282
398.64,986.736,997.073,1012.448,1005.327
398.68,986.449,997.395,1012.108,1004.914
398.72,986.914,996.532,1012.901,1004.576
398.76,987.502,994.919,1013.201,1004.481
398.80,987.038,994.065,1012.756,1003.821
398.84,985.748,994.200,1011.727,1002.924
398.88,984.969,994.347,1010.789,1002.604
398.92,985.081,993.954,1011.405,1002.633
398.96,986.549,993.338,1012.532,1002.641
399.00,987.058,993.221,1012.937,1003.321
399.04,986.414,994.224,1012.216,1003.984
399.08,985.814,996.024,1011.530,1003.860
399.12,986.051,996.902,1012.219,1004.247
399.16,987.691,996.246,1013.346,1005.228
399.20,988.478,995.622,1014.143,1005.515
399.24,987.763,996.011,1013.455,1005.030
399.28,986.367,996.694,1011.891,1004.710
399.32,985.741,996.595,1011.700,1004.351
399.36,986.536,995.467,1012.654,1003.765
399.40,987.550,993.905,1013.197,1003.649
399.44,986.712,993.250,1012.681,1003.696
399.48,985.578,994.116,1011.192,1002.865
399.52,984.822,994.998,1011.131,1002.473
399.56,985.790,994.573,1011.840,1003.342
399.60,987.236,993.925,1013.116,1003.923
399.64,987.660,994.359,1013.601,1003.901
399.68,986.702,995.493,1011.936,1004.529
399.72,985.416,996.724,1011.481,1004.677
399.76,986.259,997.012,1012.030,1004.080
399.80,987.455,995.673,1013.480,1004.481
399.84,988.087,994.279,1013.848,1004.956
399.88,987.277,994.618,1012.554,1004.045
399.92,985.021,995.715,1011.300,1003.293
399.96,984.995,995.659,1010.478,1003.319
400.00,985.881,994.439,1012.491,1003.250
400.04,987.716,993.215,1013.389,1003.079
400.08,986.952,993.068,1012.728,1003.635
400.12,985.518,994.536,1011.502,1003.468
400.16,985.194,996.079,1010.810,1003.093
400.20,985.862,995.963,1012.425,1003.968
400.24,988.197,994.871,1013.422,1004.797
400.28,988.073,994.819,1014.215,1004.781
400.32,987.191,995.897,1012.482,1004.567
400.36,985.559,996.901,1011.345,1004.697
400.40,985.777,996.816,1011.913,1004.266
400.44,987.300,995.429,1012.856,1003.963
400.48,987.502,993.825,1013.953,1004.177
400.52,987.384,993.672,1012.359,1003.735
400.56,984.900,994.806,1011.371,1003.082
400.60,984.916,995.429,1010.672,1002.798
400.64,985.857,994.697,1011.989,1003.350
400.68,987.467,993.686,1013.747,1003.668
400.72,988.008,993.810,1013.068,1004.001
400.76,985.996,995.246,1012.377,1004.288
400.80,985.770,996.819,1010.963,1004.129
400.84,985.808,996.945,1012.111,1004.353
400.88,987.697,995.623,1013.493,1004.717
400.92,988.288,994.561,1013.621,1004.775
400.96,986.813,994.803,1012.925,1004.211
401.00,985.541,995.726,1010.822,1003.559
401.04,984.891,995.725,1011.425,1003.302
401.08,986.748,994.483,1012.692,1003.332
401.12,987.791,993.277,1013.561,1003.765
401.16,986.963,993.649,1012.985,1003.842
401.20,985.675,995.345,1010.990,1003.522
401.24,984.702,996.443,1011.319,1003.547
401.28,986.835,995.813,1012.373,1004.034
401.32,988.097,994.596,1014.160,1004.721
401.36,988.201,994.540,1013.765,1004.712
401.40,986.506,995.848,1011.925,1004.406
401.44,985.137,996.912,1011.482,1004.132
401.48,986.541,996.439,1011.982,1004.108
401.52,987.583,994.859,1013.996,1004.472
401.56,988.253,993.985,1013.524,1004.424
401.60,986.345,994.748,1012.051,1003.928
401.64,984.808,995.888,1010.993,1003.314
401.68,985.436,995.687,1010.989,1003.267
401.72,986.461,994.289,1013.186,1003.610
401.76,988.215,993.311,1013.517,1003.647
401.80,986.756,993.828,1012.787,1003.866
401.84,985.452,995.488,1010.977,1003.716
401.88,984.941,996.527,1011.057,1003.545
401.92,986.577,995.827,1012.610,1003.967
401.96,988.098,994.399,1013.663,1004.684
402.00,987.651,994.306,1013.532,1004.418
402.04,986.028,995.523,1011.323,1003.829
402.08,984.485,996.297,1010.775,1003.554
402.12,985.728,995.546,1011.677,1003.353
402.16,987.364,993.823,1013.444,1003.500
402.20,987.836,992.916,1013.691,1003.750
402.24,986.420,993.976,1011.777,1003.638
402.28,984.475,995.839,1010.833,1003.193
402.32,985.345,996.297,1011.049,1003.340
402.36,987.082,995.014,1013.226,1004.249
402.40,988.458,993.996,1014.171,1004.638
402.44,987.373,994.739,1012.657,1004.343
402.48,985.178,996.283,1011.313,1003.962
402.52,985.289,996.699,1010.946,1003.755
402.56,986.564,995.446,1012.982,1003.965
402.60,988.469,993.840,1014.006,1004.182
402.64,987.516,993.711,1013.326,1004.240
402.68,985.772,995.239,1011.363,1003.633
402.72,984.620,996.419,1010.515,1003.364
402.76,985.749,995.751,1012.154,1003.643
402.80,988.035,994.126,1013.644,1004.095
402.84,987.989,993.576,1014.017,1004.287
402.88,986.659,994.820,1012.111,1003.989
402.92,984.986,996.453,1010.833,1003.795
402.96,985.397,996.618,1011.655,1003.904
403.00,987.647,995.222,1013.297,1004.276
403.04,988.348,994.048,1014.493,1004.661
403.08,987.638,994.522,1012.748,1004.485
403.12,985.137,996.150,1011.197,1003.923
403.16,984.898,996.754,1010.741,1003.512
403.20,986.302,995.408,1012.344,1003.752
403.24,987.858,993.515,1013.854,1003.940
403.28,987.540,993.182,1012.912,1003.677
403.32,985.286,994.527,1011.413,1003.200
403.36,984.498,995.705,1010.233,1002.952
403.40,985.482,995.365,1011.762,1003.243
403.44,987.708,993.998,1013.724,1003.823
403.48,988.267,993.582,1013.650,1004.373
403.52,986.474,995.035,1012.332,1004.272
403.56,985.185,996.900,1010.797,1003.900
403.60,985.488,997.019,1011.791,1004.144
403.64,987.789,995.429,1013.637,1004.606
403.68,988.718,994.138,1014.284,1004.808
403.72,987.158,994.659,1012.854,1004.375
403.76,985.083,996.127,1010.475,1003.673
403.80,984.337,996.385,1010.770,1003.206
403.84,986.566,994.744,1012.529,1003.251
403.88,988.107,992.771,1014.006,1003.726
403.92,987.387,992.857,1013.060,1003.714
403.96,985.253,994.889,1010.967,1003.135
404.00,984.393,996.424,1010.737,1003.143
404.04,986.351,995.867,1012.305,1004.010
404.08,988.604,994.555,1014.613,1004.790
404.12,988.896,994.548,1014.444,1005.072
404.16,986.881,996.217,1012.228,1005.049
404.20,985.179,997.872,1011.284,1004.641
404.24,986.246,997.565,1011.922,1004.481
404.28,987.705,995.434,1013.813,1004.832
404.32,988.456,993.795,1013.925,1004.508
404.36,986.659,994.084,1012.435,1003.500
404.40,984.707,995.088,1010.543,1002.886
404.44,984.300,995.124,1010.448,1002.784
404.48,986.077,993.969,1012.433,1002.675
404.52,987.861,992.734,1013.774,1003.233
404.56,987.570,993.040,1013.390,1003.971
404.60,986.061,995.328,1011.555,1004.002
404.64,985.040,997.455,1011.244,1004.036
404.68,986.797,997.400,1012.584,1004.890
404.72,988.616,995.907,1014.289,1005.822
404.76,988.796,995.411,1014.330,1005.477
404.80,986.822,996.217,1012.244,1004.676
404.84,984.968,996.744,1010.860,1004.065
404.88,985.296,995.872,1011.336,1003.404
404.92,986.747,993.757,1012.760,1002.991
404.96,987.190,992.138,1013.378,1002.953
405.00,986.553,992.459,1012.127,1002.672
405.04,984.728,994.158,1010.901,1002.558
405.08,984.681,995.422,1010.618,1002.963
405.12,986.303,995.359,1012.393,1003.750
405.16,988.131,994.734,1014.104,1004.599
405.20,988.387,995.057,1013.507,1005.199
405.24,986.518,996.600,1012.562,1005.059
405.28,986.056,997.786,1011.397,1004.646
405.32,986.252,997.112,1012.358,1004.800
405.36,987.731,995.286,1013.617,1004.680
405.40,987.903,994.036,1013.418,1004.061
405.44,986.270,994.093,1012.395,1003.427
405.48,985.165,994.714,1010.631,1002.944
405.52,984.681,994.801,1011.098,1002.713
405.56,986.329,993.975,1012.367,1002.820
405.60,987.336,993.169,1013.157,1003.522
405.64,986.997,993.769,1013.068,1003.869
405.68,986.335,995.566,1011.549,1003.822
405.72,985.146,996.797,1011.441,1004.373
405.76,986.520,996.718,1012.140,1004.574
405.80,987.850,995.667,1013.836,1004.651
405.84,988.291,994.749,1013.880,1004.863
405.88,986.986,995.112,1012.464,1004.634
405.92,985.373,996.149,1011.675,1003.705
405.96,985.785,996.033,1011.344,1003.478
406.00,986.465,994.614,1012.786,1003.993
406.04,987.503,993.618,1013.044,1003.685
406.08,986.494,993.897,1012.413,1003.184
406.12,985.403,994.721,1011.411,1003.247
406.16,985.561,995.190,1011.229,1003.367
406.20,986.269,995.047,1012.823,1003.592
406.24,987.730,994.559,1013.037,1004.154
406.28,987.114,994.780,1013.226,1004.608
406.32,986.688,995.927,1012.220,1004.283
406.36,986.026,996.653,1011.699,1004.310
406.40,986.302,996.257,1012.573,1004.548
406.44,987.634,995.260,1012.967,1004.371
406.48,987.196,994.643,1013.530,1004.149
406.52,986.781,994.714,1012.086,1003.941
406.56,985.578,995.183,1011.585,1003.547
406.60,985.664,995.236,1011.851,1003.232
406.64,986.669,994.533,1012.217,1003.555
406.68,986.747,994.012,1013.278,1003.880
406.72,987.191,994.431,1012.242,1003.635
406.76,985.660,995.303,1012.061,1003.811
406.80,986.099,995.807,1011.540,1003.945
406.84,986.282,995.636,1012.315,1004.125
406.88,987.209,995.073,1013.210,1004.108
406.92,987.342,994.744,1012.697,1004.343
406.96,986.137,995.113,1012.336,1004.084
407.00,986.132,995.604,1011.533,1003.495
407.04,985.884,995.321,1012.369,1003.745
407.08,987.011,994.554,1012.507,1003.992
407.12,986.769,994.360,1012.775,1003.742
407.16,986.378,994.749,1012.066,1003.480
407.20,985.665,995.093,1011.518,1003.687
407.24,985.902,995.145,1011.977,1003.548
407.28,986.598,994.846,1012.287,1003.526
407.32,986.741,994.416,1012.992,1003.838
407.36,986.963,994.541,1012.324,1003.941
407.40,986.000,995.246,1012.144,1003.842
407.44,986.079,995.725,1011.726,1003.784
407.48,986.409,995.427,1012.279,1004.072
407.52,987.053,994.925,1013.246,1004.146
407.56,987.501,994.789,1012.840,1004.131
407.60,986.379,995.198,1012.423,1004.249
407.64,986.003,995.751,1011.441,1003.973
407.68,985.793,995.764,1012.049,1003.669
407.72,986.950,994.889,1012.847,1003.788
407.76,987.289,994.068,1012.938,1004.120
407.80,986.577,994.414,1012.573,1003.754
407.84,985.903,995.294,1011.395,1003.392
407.88,985.372,995.509,1011.701,1003.685
407.92,986.677,995.000,1012.317,1003.818
407.96,987.269,994.499,1013.394,1003.887
408.00,987.280,994.517,1012.973,1004.169
408.04,986.437,995.325,1012.085,1004.239
408.08,985.985,996.224,1012.128,1003.984
408.12,986.577,996.121,1012.034,1004.308
408.16,986.971,995.324,1013.200,1004.564
408.20,987.704,994.906,1013.098,1004.192
408.24,986.562,995.050,1012.447,1004.100
408.28,985.732,995.384,1011.798,1003.814
408.32,986.163,995.344,1011.718,1003.399
408.36,986.331,994.644,1012.923,1003.621
408.40,987.373,994.038,1012.360,1003.910
408.44,986.157,994.421,1012.776,1003.693
408.48,986.443,995.251,1011.881,1003.394
408.52,986.016,995.471,1012.016,1004.141
408.56,986.742,995.381,1012.926,1004.352
408.60,987.732,995.411,1012.974,1004.217
408.64,986.980,995.487,1013.481,1004.697
408.68,987.270,995.894,1012.056,1004.839
408.72,985.890,996.417,1012.456,1004.389
408.76,986.798,996.146,1012.282,1004.033
408.80,986.934,995.016,1012.681,1004.397
408.84,986.914,994.371,1013.151,1003.998
408.88,986.738,994.522,1011.984,1003.279
408.92,985.322,994.759,1011.822,1003.417
408.96,985.802,994.738,1011.173,1003.371
409.00,985.934,994.521,1012.341,1003.051
409.04,986.889,994.061,1012.836,1003.361
409.08,986.950,994.048,1012.335,1004.051
409.12,985.995,995.068,1012.409,1003.822
409.16,986.113,996.044,1011.245,1003.663
409.20,985.764,995.886,1012.296,1004.287
409.24,987.566,995.178,1013.098,1004.267
409.28,987.697,994.810,1013.538,1004.280
409.32,986.829,995.086,1012.779,1004.485
409.36,986.160,995.890,1011.290,1004.122
409.40,985.365,996.150,1012.184,1003.666
409.44,986.919,995.161,1012.124,1003.831
409.48,986.985,994.014,1013.205,1004.078
409.52,986.946,994.043,1012.786,1003.523
409.56,985.848,994.744,1011.144,1003.300
409.60,984.768,995.214,1011.680,1003.414
409.64,986.535,994.969,1011.705,1003.265
409.68,986.809,994.294,1013.435,1003.794
409.72,987.722,994.170,1013.180,1004.166
409.76,986.829,995.161,1012.507,1004.292
409.80,985.970,996.415,1011.985,1004.301
409.84,986.331,996.714,1011.613,1004.562
409.88,986.756,996.050,1013.436,1004.639
409.92,988.150,995.099,1013.075,1004.447
409.96,986.793,994.755,1013.091,1004.401
410.00,986.226,995.188,1011.810,1003.695
410.04,985.515,995.398,1011.318,1003.307
410.08,985.703,994.761,1012.183,1003.374
410.12,986.921,993.897,1012.087,1003.400
410.16,986.184,993.715,1012.893,1003.269
410.20,986.384,994.235,1011.547,1003.189
410.24,985.244,994.892,1011.680,1003.464
410.28,986.195,995.216,1012.103,1003.491
410.32,987.139,994.977,1012.785,1003.980
410.36,987.260,994.917,1013.510,1004.658
410.40,987.422,995.647,1012.294,1004.646
410.44,985.924,996.565,1012.452,1004.467
410.48,986.553,996.553,1011.846,1004.431
410.52,986.783,995.654,1012.819,1004.500
410.56,987.218,994.766,1013.252,1004.085
410.60,986.777,994.392,1011.997,1003.710
410.64,985.319,994.567,1011.925,1003.223
410.68,985.683,994.563,1010.948,1002.795
410.72,985.484,994.082,1011.972,1002.970
410.76,986.583,993.595,1012.581,1003.080
410.80,986.928,993.726,1012.456,1003.352
410.84,986.284,994.625,1012.765,1003.818
410.88,986.784,995.776,1012.040,1004.220
410.92,986.782,996.525,1012.995,1004.825
410.96,987.835,996.698,1013.325,1005.424
411.00,987.805,996.696,1013.362,1005.643
411.04,987.261,996.807,1012.977,1005.225
411.08,986.476,996.587,1011.891,1004.674
411.12,986.017,995.748,1012.263,1003.959
411.16,986.641,994.332,1012.395,1003.252
411.20,986.332,993.152,1012.257,1003.014
411.24,985.689,992.977,1011.731,1002.495
411.28,985.233,993.544,1011.267,1002.115
411.32,985.395,993.909,1011.480,1002.629
411.36,986.197,994.071,1012.059,1003.455
411.40,986.779,994.650,1012.807,1003.759
411.44,987.166,995.490,1012.787,1004.321
411.48,986.839,996.268,1012.723,1005.124
411.52,987.127,996.917,1012.822,1005.177
411.56,987.347,997.034,1013.094,1005.039
411.60,987.415,996.388,1013.071,1005.296
411.64,987.283,995.790,1013.003,1004.810
411.68,986.703,995.457,1012.532,1003.997
411.72,986.034,994.928,1011.819,1003.616
411.76,985.707,994.268,1011.805,1003.233
411.80,986.018,993.768,1011.862,1002.599
411.84,985.888,993.368,1011.955,1002.695
411.88,985.891,993.407,1011.771,1002.944
411.92,985.842,994.130,1011.812,1002.916
411.96,986.116,994.781,1012.139,1003.346
412.00,986.640,995.143,1012.393,1004.257
412.04,987.105,995.645,1012.924,1004.613
412.08,987.252,996.247,1013.056,1004.711
412.12,987.064,996.505,1012.580,1005.149
412.16,986.664,996.495,1012.539,1004.972
412.20,986.807,996.186,1012.531,1004.268
412.24,986.710,995.256,1012.567,1004.047
412.28,986.509,994.309,1012.446,1003.805
412.32,986.434,994.025,1012.150,1002.995
412.36,985.573,994.019,1011.847,1002.885
412.40,985.695,994.017,1011.407,1003.045
412.44,986.039,994.209,1012.245,1003.026
412.48,986.664,994.385,1012.537,1003.478
412.52,986.713,994.760,1012.429,1004.223
412.56,986.605,995.659,1012.548,1004.296
412.60,986.727,996.348,1012.331,1004.405
412.64,986.943,996.278,1012.828,1004.904
412.68,987.385,995.939,1013.039,1004.964
412.72,987.308,995.790,1013.081,1004.494
412.76,986.716,995.609,1012.371,1004.365
412.80,985.931,995.346,1011.683,1004.064
412.84,985.819,994.975,1011.926,1003.154
412.88,986.294,994.091,1012.268,1002.940
412.92,986.548,993.251,1012.550,1003.318
412.96,986.356,993.518,1012.153,1003.120
413.00,985.612,994.597,1011.581,1002.964
413.04,985.572,995.212,1011.520,1003.518
413.08,986.562,995.218,1012.490,1004.065
413.12,987.519,995.171,1013.423,1004.338
413.16,987.447,995.403,1012.994,1004.808
413.20,986.574,996.146,1012.329,1004.796
413.24,986.469,996.715,1012.212,1004.312
413.28,986.778,996.167,1012.692,1004.490
413.32,987.330,995.116,1013.024,1004.645
413.36,987.148,994.720,1012.950,1003.984
413.40,986.191,994.871,1012.026,1003.501
413.44,985.532,994.896,1011.306,1003.461
413.48,985.700,994.608,1012.050,1003.128
413.52,986.863,994.061,1012.566,1003.070
413.56,986.790,993.752,1012.780,1003.808
413.60,986.423,994.502,1012.273,1003.821
413.64,986.025,995.733,1011.630,1003.559
413.68,986.023,996.045,1012.482,1004.193
413.72,987.790,995.572,1013.176,1004.789
413.76,988.121,995.456,1014.084,1005.006
413.80,987.555,996.031,1013.069,1005.086
413.84,986.377,996.860,1011.833,1004.943
413.88,985.787,996.973,1012.056,1004.415
413.92,986.928,995.764,1012.295,1004.038
413.96,987.086,994.096,1013.484,1004.008
414.00,987.028,993.488,1012.408,1003.427
414.04,985.304,994.011,1011.334,1002.710
414.08,984.793,994.527,1011.036,1002.471
414.12,985.783,994.148,1011.522,1002.931
414.16,986.842,993.680,1013.414,1003.379
414.20,987.859,994.028,1013.116,1003.929
414.24,986.543,995.354,1012.579,1004.663
414.28,986.166,997.030,1011.796,1004.676
414.32,986.570,997.553,1012.534,1004.780
414.36,988.123,996.527,1014.089,1005.447
414.40,988.926,995.530,1014.075,1005.784
414.44,987.268,995.912,1013.322,1005.005
414.48,985.920,996.647,1011.096,1004.080
414.52,984.884,996.132,1011.184,1003.728
414.56,986.389,994.434,1012.397,1003.139
414.60,987.266,992.679,1012.883,1002.896
414.64,985.959,992.323,1012.339,1002.841
414.68,985.139,993.584,1010.673,1002.174
414.72,984.469,994.700,1010.983,1002.282
414.76,986.108,994.568,1011.846,1003.432
414.80,987.471,994.270,1013.585,1004.220
414.84,988.139,995.031,1013.845,1004.495
414.88,987.275,996.401,1012.640,1005.253
414.92,986.335,997.727,1012.271,1005.573
414.96,987.008,998.033,1012.533,1005.157
415.00,987.711,996.780,1013.743,1005.313
415.04,988.147,995.200,1013.403,1005.304
415.08,986.663,994.891,1012.658,1004.097
415.12,985.548,995.057,1011.449,1002.765
415.16,985.093,994.316,1011.022,1002.893
415.20,985.820,993.240,1012.382,1002.764
415.24,987.033,992.833,1012.514,1002.429
415.28,985.869,993.253,1012.107,1003.168
415.32,985.537,994.605,1010.950,1003.395
415.36,985.346,995.851,1011.690,1003.252
415.40,986.867,995.742,1012.785,1004.130
415.44,987.950,995.117,1013.456,1005.275
415.48,987.781,995.622,1013.741,1004.960
415.52,987.070,996.696,1012.302,1004.604
415.56,985.765,996.937,1011.815,1005.012
415.60,986.477,996.333,1012.043,1004.437
415.64,987.062,995.123,1013.371,1003.649
415.68,987.240,993.730,1012.775,1003.860
415.72,985.959,993.558,1011.623,1003.483
415.76,984.809,994.457,1011.237,1002.130
415.80,985.056,994.395,1010.645,1002.363
415.84,985.781,993.453,1012.350,1003.265
415.88,987.466,993.293,1013.160,1003.086
415.92,986.929,994.185,1012.732,1003.597
415.96,985.941,995.606,1011.776,1004.510
416.00,986.164,996.928,1011.843,1004.446
416.04,987.150,997.015,1013.294,1004.680
416.08,988.335,995.965,1013.690,1005.763
416.12,987.947,995.696,1013.641,1005.494
416.16,986.788,996.467,1012.464,1004.258
416.20,985.729,996.393,1011.420,1004.109
416.24,985.744,995.229,1011.806,1004.007
416.28,986.699,994.015,1012.646,1002.949
416.32,986.693,993.043,1012.627,1002.711
416.36,985.706,992.971,1011.395,1003.110
416.40,984.801,994.035,1010.918,1002.430
416.44,985.144,994.787,1011.463,1002.263
416.48,986.552,994.197,1012.366,1003.688
416.52,987.495,994.070,1013.328,1004.440
416.56,987.360,995.354,1013.033,1004.140
416.60,986.241,996.692,1011.831,1004.693
416.64,986.042,997.119,1011.947,1005.177
416.68,987.395,996.690,1013.194,1004.619
416.72,987.909,995.458,1013.636,1004.771
416.76,987.277,994.720,1012.784,1004.837
416.80,985.871,995.170,1011.864,1003.510
416.84,985.310,995.337,1011.031,1002.682
416.88,985.201,994.195,1011.341,1003.233
416.92,986.339,993.103,1012.303,1002.807
416.96,986.617,992.956,1012.671,1002.294
417.00,985.786,993.364,1011.643,1003.114
417.04,985.367,994.532,1011.175,1003.393
417.08,985.935,995.646,1012.310,1003.154
417.12,987.430,995.551,1012.999,1004.450
417.16,987.916,995.365,1013.545,1005.711
417.20,987.517,996.483,1013.182,1005.042
417.24,986.510,997.447,1012.034,1004.693
417.28,986.131,996.941,1012.121,1005.175
417.32,987.270,995.722,1012.982,1004.462
417.36,987.564,994.526,1013.389,1003.692
417.40,986.408,993.782,1012.065,1003.801
417.44,985.053,994.137,1010.921,1002.956
417.48,984.696,994.554,1011.045,1001.852
417.52,985.677,993.627,1011.655,1002.602
417.56,986.703,992.700,1012.900,1003.394
417.60,987.235,993.473,1012.991,1003.079
417.64,986.200,995.097,1012.059,1003.717
417.68,985.568,996.403,1011.234,1004.782
417.72,986.537,997.111,1012.504,1004.601
417.76,988.214,996.511,1014.238,1004.833
417.80,988.700,995.467,1013.714,1006.065
417.84,987.066,995.998,1012.932,1005.337
417.88,985.853,997.100,1011.490,1003.582
417.92,985.126,996.201,1011.155,1003.887
417.96,986.564,994.091,1012.563,1003.791
418.00,987.372,992.796,1013.258,1002.626
418.04,986.191,992.676,1012.113,1002.544
418.08,984.666,993.569,1010.528,1002.826
418.12,984.646,994.790,1010.908,1002.257
418.16,986.208,994.727,1012.412,1002.896
418.20,987.788,993.961,1013.367,1004.677
418.24,987.928,994.764,1013.740,1004.863
418.28,987.006,996.825,1012.553,1004.476
418.32,985.982,997.857,1011.605,1005.428
418.36,986.879,997.500,1012.827,1005.523
418.40,988.211,996.380,1013.860,1004.837
418.44,987.759,994.991,1013.293,1004.902
418.48,986.095,994.695,1012.000,1004.134
418.52,985.167,995.023,1010.994,1002.423
418.56,984.976,994.214,1011.403,1002.281
418.60,986.163,992.664,1011.951,1002.940
418.64,986.645,992.412,1012.834,1002.471
418.68,986.108,993.442,1011.868,1002.523
418.72,985.056,994.741,1010.883,1003.617
418.76,985.752,995.858,1012.131,1003.712
418.80,987.816,996.040,1013.374,1004.267
418.84,988.250,995.597,1014.046,1005.922
418.88,988.037,996.384,1013.319,1005.862
418.92,986.687,997.847,1012.475,1004.826
418.96,986.179,997.673,1011.946,1005.069
419.00,987.043,996.019,1012.720,1005.059
419.04,987.639,994.566,1013.876,1003.781
419.08,987.100,993.708,1012.328,1003.382
419.12,984.805,993.733,1011.192,1003.201
419.16,984.825,994.309,1010.719,1001.905
419.20,985.309,993.892,1011.545,1002.092
419.24,986.603,992.799,1012.797,1003.378
419.28,987.444,993.230,1012.960,1003.463
419.32,986.220,995.041,1012.418,1003.596
419.36,985.866,996.575,1011.244,1004.547
419.40,986.451,997.128,1012.673,1005.009
419.44,988.442,996.695,1014.074,1005.115
419.48,988.649,995.947,1014.086,1005.922
419.52,987.518,996.213,1013.262,1005.629
419.56,986.184,997.107,1011.544,1004.349
419.60,985.316,996.588,1011.542,1003.888
419.64,986.469,994.646,1012.048,1003.725
419.68,986.725,992.929,1013.033,1002.930
419.72,986.340,992.459,1012.142,1002.233
419.76,984.824,993.017,1010.665,1002.323
419.80,984.311,993.928,1010.726,1002.137
419.84,985.742,994.228,1011.576,1002.388
419.88,986.844,993.879,1013.215,1003.743
419.92,987.820,994.316,1013.120,1004.566
419.96,986.957,996.097,1012.863,1004.561
420.00,986.375,997.542,1012.033,1005.043
420.04,986.853,997.634,1012.315,1005.607
420.08,987.823,996.811,1014.034,1005.263
420.12,988.462,995.715,1013.590,1005.114
420.16,986.811,995.203,1012.668,1004.803
420.20,985.442,995.492,1011.172,1003.449
420.24,984.773,995.076,1010.857,1002.477
420.28,985.649,993.365,1011.978,1002.504
420.32,986.864,991.926,1012.575,1002.543
420.36,986.137,992.266,1012.441,1002.366
420.40,985.267,993.829,1010.899,1002.525
420.44,984.787,995.264,1010.965,1003.246
420.48,986.355,995.709,1012.467,1003.884
420.52,988.243,995.482,1013.818,1004.834
420.56,988.405,995.637,1014.275,1005.705
420.60,987.608,996.948,1012.680,1005.622
420.64,986.102,998.126,1012.130,1005.147
420.68,986.790,997.580,1012.590,1004.987
420.72,987.882,995.717,1013.604,1005.083
420.76,988.042,994.331,1013.861,1004.406
420.80,986.458,994.288,1011.988,1003.576
420.84,984.574,994.827,1010.761,1002.826
420.88,984.834,994.566,1010.837,1002.307
420.92,985.981,993.294,1012.262,1002.605
420.96,987.119,992.442,1013.059,1003.020
421.00,986.754,993.227,1012.497,1003.198
421.04,985.620,995.127,1011.738,1003.515
421.08,985.830,996.499,1011.321,1004.178
421.12,986.773,996.662,1013.121,1004.863
421.16,988.689,996.164,1014.084,1005.391
421.20,988.443,996.021,1014.033,1005.810
421.24,987.208,996.797,1012.829,1005.376
421.28,986.120,997.373,1011.665,1004.646
421.32,986.000,996.586,1012.093,1004.259
421.36,986.958,994.670,1012.742,1003.938
421.40,987.112,993.245,1013.007,1003.233
421.44,986.076,993.053,1011.846,1002.653
421.48,984.528,993.686,1010.417,1002.390
421.52,984.400,994.157,1010.701,1002.038
421.56,986.072,993.734,1012.254,1002.424
421.60,987.583,993.125,1013.661,1003.742
421.64,987.878,994.121,1013.422,1004.495
421.68,986.627,996.531,1012.381,1004.652
421.72,986.061,998.277,1011.768,1005.260
421.76,987.041,998.148,1012.728,1005.869
421.80,988.551,996.883,1014.466,1005.718
421.84,988.835,995.652,1014.227,1005.447
421.88,986.979,995.443,1012.455,1004.892
421.92,984.903,995.884,1010.951,1003.462
421.96,984.827,995.227,1010.686,1002.381
422.00,985.730,993.094,1012.172,1002.511
422.04,986.964,991.484,1012.804,1002.459
422.08,986.286,991.964,1012.230,1002.058
422.12,984.831,993.736,1010.845,1002.420
422.16,984.716,995.312,1010.606,1003.195
422.20,986.424,995.788,1012.858,1003.836
422.24,988.837,995.468,1014.373,1005.074
422.28,988.812,995.779,1014.326,1006.347
422.32,987.497,997.607,1012.870,1005.888
422.36,986.184,999.017,1011.715,1005.275
422.40,986.266,997.981,1012.231,1005.467
422.44,987.861,995.592,1013.483,1004.843
422.48,987.988,993.703,1013.959,1003.660
422.52,986.344,993.094,1012.001,1003.125
422.56,984.391,993.728,1010.316,1002.355
422.60,984.099,994.156,1010.472,1001.537
422.64,985.437,993.291,1011.529,1002.172
422.68,986.984,992.383,1013.183,1003.145
422.72,987.545,993.225,1013.338,1003.372
422.76,986.325,995.357,1012.081,1004.115
422.80,985.778,997.318,1011.602,1004.970
422.84,987.039,997.978,1013.012,1005.298
422.88,988.793,997.150,1014.256,1005.967
422.92,988.815,996.278,1014.384,1006.424
422.96,987.752,996.630,1013.201,1005.350
423.00,985.915,997.062,1011.682,1004.343
423.04,985.256,996.075,1011.038,1003.956
423.08,985.986,994.187,1012.087,1003.001
423.12,986.626,992.369,1012.811,1002.147
423.16,985.929,991.608,1011.688,1002.195
423.20,984.562,992.514,1010.805,1001.846
423.24,984.550,993.899,1010.776,1001.602
423.28,985.905,994.229,1012.069,1002.962
423.32,987.652,994.237,1013.536,1004.581
423.36,988.200,995.532,1013.672,1005.074
423.40,987.227,997.512,1012.946,1005.442
423.44,986.829,998.602,1012.079,1006.141
423.48,987.098,998.378,1013.074,1005.983
423.52,988.230,996.970,1013.770,1005.283
423.56,987.858,995.219,1013.370,1004.989
423.60,986.204,994.413,1012.111,1003.901
423.64,984.851,994.376,1010.566,1002.146
423.68,984.148,993.511,1010.701,1001.576
423.72,985.388,991.945,1011.354,1001.818
423.76,986.108,991.345,1012.429,1001.697
423.80,985.973,992.244,1011.824,1002.019
423.84,984.972,994.022,1010.717,1003.033
423.88,985.237,995.805,1011.584,1003.491
423.92,987.148,996.397,1012.854,1004.318
423.96,988.502,996.072,1014.411,1005.899
424.00,989.009,996.522,1014.365,1006.329
424.04,987.674,997.940,1013.177,1005.876
424.08,986.412,998.554,1011.993,1005.677
424.12,986.499,997.530,1012.245,1005.247
424.16,987.462,995.464,1013.706,1004.156
424.20,987.742,993.470,1013.011,1003.644
424.24,985.403,992.863,1011.654,1003.043
424.28,984.444,993.559,1010.157,1001.391
424.32,983.967,993.537,1010.460,1001.303
424.36,985.498,992.410,1011.769,1002.376
424.40,987.187,992.206,1013.075,1002.646
424.44,986.987,993.588,1013.259,1003.223
424.48,986.391,995.665,1011.473,1004.630
424.52,985.862,997.680,1012.118,1005.188
424.56,987.630,998.283,1013.300,1005.328
424.60,988.849,997.235,1014.198,1006.530
424.64,988.554,996.464,1014.306,1006.506
424.68,987.425,996.898,1012.495,1004.830
424.72,985.223,996.707,1011.526,1004.010
424.76,985.653,995.121,1011.226,1003.588
424.80,986.255,993.172,1012.548,1002.516
424.84,986.523,991.878,1012.540,1001.939
424.88,985.272,991.882,1010.853,1002.203
424.92,984.020,993.243,1010.617,1001.698
424.96,985.131,994.239,1011.023,1001.784
425.00,986.418,994.045,1012.783,1003.708
425.04,988.282,994.337,1013.892,1004.833
425.08,988.097,996.169,1013.777,1005.054
425.12,986.981,998.055,1012.385,1005.898
425.16,986.596,998.896,1012.144,1006.348
425.20,987.770,998.346,1013.802,1005.589
425.24,988.874,996.394,1014.216,1005.592
425.28,987.796,994.882,1013.514,1005.476
425.32,986.106,995.023,1011.749,1003.489
425.36,984.405,995.067,1010.459,1002.179
425.40,984.610,993.594,1010.845,1002.347
425.44,985.961,991.923,1012.022,1002.060
425.48,986.275,991.542,1012.531,1001.571
425.52,985.611,992.402,1011.424,1002.274
425.56,984.899,994.162,1010.898,1003.011
425.60,985.630,995.813,1011.653,1003.317
425.64,987.060,996.105,1012.967,1004.602
425.68,988.377,995.930,1014.053,1005.829
425.72,988.547,996.661,1013.993,1005.802
425.76,987.355,997.739,1012.898,1005.634
425.80,986.358,997.944,1011.908,1005.678
425.84,986.681,997.014,1012.783,1004.795
425.88,987.645,995.215,1013.487,1004.039
425.92,987.384,993.536,1013.023,1003.963
425.96,985.795,993.409,1011.702,1003.087
426.00,984.531,994.187,1010.338,1001.851
426.04,984.212,994.009,1010.705,1001.983
426.08,985.879,992.926,1011.768,1002.613
426.12,987.006,992.567,1013.273,1002.713
426.16,987.076,993.543,1012.781,1003.305
426.20,985.975,995.318,1011.544,1004.376
426.24,985.855,997.184,1011.981,1004.494
426.28,987.244,997.553,1012.705,1004.982
426.32,988.071,996.528,1013.998,1006.048
426.36,988.593,996.048,1013.921,1005.660
426.40,987.023,996.381,1012.717,1004.720
426.44,985.429,996.405,1011.177,1004.212
426.48,985.253,995.426,1011.123,1003.395
426.52,986.140,993.699,1012.593,1002.435
426.56,986.893,992.018,1012.459,1002.496
426.60,985.637,991.920,1011.936,1002.574
426.64,985.022,993.531,1010.897,1001.846
426.68,984.892,994.723,1011.053,1002.492
426.72,986.292,994.779,1012.339,1004.059
426.76,987.996,995.020,1013.551,1004.610
426.80,987.826,996.016,1013.767,1005.001
426.84,987.125,997.089,1012.171,1005.675
426.88,986.379,997.847,1012.558,1005.425
426.92,987.482,997.412,1013.095,1004.890
426.96,987.766,995.776,1013.416,1005.248
427.00,987.314,994.712,1013.374,1004.612
427.04,986.465,994.756,1011.672,1003.140
427.08,984.477,994.604,1011.001,1002.825
427.12,984.989,993.825,1010.714,1002.537
427.16,985.774,992.930,1012.378,1001.943
427.20,986.700,992.284,1012.598,1002.390
427.24,986.231,992.846,1011.760,1003.283
427.28,985.318,994.807,1011.892,1003.136
427.32,986.269,996.283,1011.533,1003.618
427.36,986.899,996.284,1013.420,1005.320
427.40,988.852,996.231,1014.083,1005.834
427.44,988.298,996.915,1013.918,1005.644
427.48,987.055,997.551,1012.753,1005.732
427.52,986.462,997.548,1011.707,1005.368
427.56,986.581,996.560,1013.117,1004.238
427.60,987.645,994.627,1012.818,1003.952
427.64,986.336,993.180,1012.395,1003.765
427.68,985.226,993.437,1011.235,1002.099
427.72,984.398,993.713,1010.269,1001.399
427.76,984.605,992.984,1011.228,1002.263
427.80,986.471,992.478,1012.201,1002.428
427.84,986.856,993.081,1013.150,1002.665
427.88,986.500,994.397,1012.115,1004.006
427.92,986.000,996.283,1011.670,1004.705
427.96,986.637,997.678,1012.836,1004.622
428.00,988.297,997.278,1013.444,1005.779
428.04,988.249,996.432,1014.300,1006.608
428.08,988.236,996.764,1013.215,1005.261
428.12,986.041,997.017,1011.983,1004.491
428.16,985.376,995.997,1011.286,1004.257
428.20,986.261,994.397,1011.970,1002.971
428.24,986.299,992.719,1012.973,1002.240
428.28,986.266,991.822,1011.435,1002.473
428.32,984.431,992.592,1011.015,1002.003
428.36,984.589,993.963,1010.519,1001.425
428.40,985.242,994.087,1011.328,1002.762
428.44,986.772,993.865,1013.025,1003.971
428.48,988.171,994.717,1013.528,1004.053
428.52,987.220,996.134,1013.325,1005.009
428.56,986.809,997.452,1011.706,1005.951
428.60,986.357,998.330,1012.800,1005.330
428.64,988.028,997.496,1013.468,1005.019
428.68,988.136,995.508,1013.658,1005.850
428.72,987.470,994.875,1013.446,1004.621
428.76,986.239,995.290,1011.602,1002.941
428.80,984.479,994.828,1010.816,1003.140
428.84,985.305,993.792,1011.152,1002.787
428.88,986.298,992.919,1012.740,1001.834
428.92,986.664,992.299,1012.456,1002.635
428.96,985.746,993.061,1011.392,1003.432
429.00,985.134,995.137,1011.505,1002.687
429.04,985.921,996.099,1011.542,1003.444
429.08,986.979,995.526,1013.180,1005.266
429.12,988.811,995.554,1014.334,1005.142
429.16,988.157,996.405,1013.675,1005.079
429.20,986.465,997.224,1011.955,1005.816
429.24,985.909,997.642,1011.567,1004.977
429.28,986.843,996.716,1013.090,1003.815
429.32,987.713,994.273,1013.187,1004.464
429.36,986.940,993.084,1012.766,1004.065
429.40,985.597,993.994,1011.579,1002.020
429.44,984.239,994.399,1010.111,1002.113
429.48,984.723,993.643,1010.942,1002.928
429.52,986.632,993.127,1012.848,1002.353
429.56,987.255,993.154,1012.820,1002.927
429.60,985.991,994.011,1012.011,1004.275
429.64,985.846,996.035,1011.629,1003.769
429.68,986.479,997.101,1012.465,1003.977
429.72,987.626,996.266,1013.333,1005.844
429.76,988.449,995.892,1013.774,1005.838
429.80,987.571,996.641,1013.529,1004.534
429.84,986.310,996.726,1011.584,1004.850
429.88,985.580,996.032,1011.689,1004.634
429.92,986.653,995.118,1012.729,1002.958
429.96,986.946,993.502,1012.542,1003.113
430.00,985.963,992.634,1012.165,1003.517
430.04,985.642,993.614,1011.352,1002.068
430.08,984.772,994.458,1011.232,1002.118
430.12,985.903,994.138,1011.659,1003.650
430.16,987.212,994.217,1013.364,1003.875
430.20,987.846,995.148,1013.619,1004.026
430.24,987.097,996.134,1012.541,1005.405
430.28,986.555,997.364,1012.433,1005.587
430.32,987.126,997.954,1012.775,1004.870
430.36,987.630,996.833,1013.429,1005.432
430.40,987.818,995.435,1013.305,1005.534
430.44,986.996,995.239,1012.753,1003.847
430.48,985.695,995.125,1011.810,1003.057
430.52,985.345,994.213,1010.916,1003.333
430.56,985.654,993.520,1012.293,1002.515
430.60,986.869,993.129,1012.586,1002.108
430.64,986.226,993.033,1012.219,1003.514
430.68,986.082,994.289,1011.963,1003.598
430.72,986.102,996.030,1011.898,1003.310
430.76,986.359,996.354,1012.460,1004.796
430.80,987.806,996.051,1013.172,1005.533
430.84,988.159,996.304,1014.211,1004.931
430.88,987.674,996.509,1012.887,1005.232
430.92,986.312,996.604,1011.928,1005.402
430.96,986.136,996.585,1012.128,1003.979
431.00,986.591,995.373,1012.415,1003.447
431.04,986.702,993.523,1012.498,1003.894
431.08,986.152,993.051,1012.031,1002.935
431.12,985.278,993.719,1011.375,1001.734
431.16,984.841,993.730,1010.817,1002.573
431.20,985.583,993.605,1011.731,1003.115
431.24,986.858,993.987,1012.834,1002.783
431.28,986.864,994.460,1012.718,1003.914
431.32,986.660,995.402,1012.373,1004.896
431.36,986.983,996.806,1012.811,1004.461
431.40,987.299,997.209,1012.966,1005.144
431.44,987.588,996.644,1013.212,1006.083
431.48,987.819,996.545,1013.591,1005.162
431.52,987.337,996.414,1012.876,1004.456
431.56,986.208,995.642,1012.101,1004.744
431.60,985.936,995.055,1011.699,1003.674
431.64,985.813,994.398,1011.980,1002.373
431.68,985.954,993.078,1011.856,1002.708
431.72,985.879,992.472,1011.753,1002.823
431.76,985.706,993.278,1012.012,1001.983
431.80,985.730,994.078,1011.551,1002.694
431.84,985.823,994.569,1011.816,1004.092
431.88,987.065,995.516,1012.923,1003.981
431.92,987.618,996.200,1013.382,1004.608
431.96,987.447,996.416,1012.758,1005.997
432.00,986.863,997.164,1012.708,1005.438
432.04,986.926,997.443,1012.594,1004.344
432.08,986.866,996.050,1012.675,1004.924
432.12,987.040,994.586,1012.815,1004.544
432.16,986.433,994.272,1012.317,1002.813
432.20,985.276,993.952,1011.147,1002.467
432.24,984.753,993.351,1010.816,1002.767
432.28,985.653,993.177,1011.981,1001.896
432.32,986.554,993.050,1012.486,1002.320
432.36,986.450,993.256,1012.334,1003.908
432.40,986.340,995.002,1012.181,1003.832
432.44,986.272,996.764,1012.100,1003.878
432.48,986.895,996.899,1012.745,1005.445
432.52,988.187,996.546,1013.810,1005.908
432.56,988.431,996.682,1014.068,1005.276
432.60,987.207,996.715,1012.763,1005.388
432.64,986.229,996.576,1012.037,1004.977
432.68,986.467,996.040,1012.409,1003.668
432.72,986.627,994.552,1012.509,1003.567
432.76,986.385,993.208,1012.468,1003.528
432.80,986.186,993.313,1011.955,1002.403
432.84,985.169,993.814,1011.320,1002.326
432.88,985.123,993.967,1011.025,1003.085
432.92,986.071,994.240,1012.180,1003.020
432.96,987.006,994.470,1013.033,1003.371
433.00,987.084,994.766,1012.552,1004.680
433.04,986.646,995.921,1012.736,1004.731
433.08,986.943,997.033,1012.506,1004.377
433.12,986.805,996.794,1012.554,1005.333
433.16,987.451,996.119,1013.314,1005.299
433.20,987.793,995.802,1013.426,1004.263
433.24,986.749,995.324,1012.598,1004.432
433.28,986.020,995.058,1011.552,1004.156
433.32,985.558,995.049,1011.695,1002.889
433.36,985.744,994.256,1011.772,1002.693
433.40,986.123,993.083,1011.941,1003.171
433.44,986.200,993.084,1012.272,1002.613
433.48,985.655,993.828,1011.538,1002.466
433.52,985.329,994.434,1011.187,1003.310
433.56,986.066,994.886,1012.266,1003.593
433.60,987.256,995.176,1012.992,1003.880
433.64,987.205,995.352,1012.826,1004.928
433.68,986.788,996.082,1012.572,1004.922
433.72,986.677,996.846,1012.310,1004.305
433.76,986.572,996.391,1012.602,1004.730
433.80,987.341,995.386,1012.907,1004.819
433.84,987.179,994.920,1013.124,1003.961
433.88,986.526,994.826,1012.399,1003.618
433.92,985.872,994.723,1011.551,1003.752
433.96,985.737,994.773,1012.060,1003.226
434.00,986.522,994.501,1012.193,1003.084
434.04,986.449,994.010,1012.473,1003.812
434.08,986.591,994.384,1012.432,1003.706
434.12,986.462,995.228,1012.300,1003.522
434.16,986.301,995.570,1012.256,1004.252
434.20,986.796,995.682,1012.416,1004.623
434.24,987.193,995.865,1013.318,1004.286
434.28,987.390,995.715,1012.718,1004.664
434.32,986.448,995.671,1012.351,1004.880
434.36,986.435,995.907,1012.241,1003.811
434.40,986.273,995.418,1012.086,1003.633
434.44,986.339,994.334,1012.399,1003.984
434.48,986.660,993.944,1012.262,1003.256
434.52,986.015,994.131,1012.268,1002.813
434.56,985.887,994.255,1011.680,1003.354
434.60,985.927,994.509,1011.722,1003.550
434.64,986.190,994.959,1012.314,1003.283
434.68,986.606,994.989,1012.143,1003.858
434.72,986.416,994.954,1012.434,1004.350
434.76,986.723,995.406,1012.426,1003.861
434.80,986.477,995.585,1012.226,1003.939
434.84,986.321,995.297,1012.317,1004.399
434.88,986.817,995.187,1012.336,1003.889
434.92,986.388,995.040,1012.602,1003.672
434.96,986.554,994.701,1012.134,1003.894
435.00,986.243,994.702,1012.216,1003.702
435.04,986.330,994.883,1012.216,1003.375
435.08,986.138,994.807,1011.923,1003.733
435.12,986.137,994.714,1012.190,1003.748
435.16,986.659,994.818,1012.389,1003.413
435.20,986.460,994.755,1012.537,1003.852
435.24,986.564,994.854,1012.037,1004.118
435.28,986.142,995.343,1012.364,1003.728
435.32,986.598,995.422,1012.275,1003.734
435.36,986.785,995.017,1012.614,1004.364
435.40,986.941,994.992,1012.873,1004.215
435.44,986.710,995.402,1012.262,1003.876
435.48,986.117,995.513,1012.151,1004.095
435.52,986.481,995.331,1012.165,1004.078
435.56,986.730,995.070,1012.895,1003.755
435.60,986.899,994.746,1012.451,1003.955
435.64,986.222,994.753,1012.159,1004.003
435.68,986.391,995.164,1012.363,1003.409
435.72,986.439,995.128,1012.228,1003.762
435.76,986.457,994.823,1012.399,1004.292
435.80,986.913,995.074,1012.815,1003.757
435.84,987.059,995.281,1012.899,1003.917
435.88,986.861,995.278,1012.735,1004.785
435.92,986.994,995.811,1012.379,1004.529
435.96,986.432,996.320,1012.519,1004.161
436.00,986.695,995.899,1012.308,1004.520
436.04,986.879,995.248,1012.819,1004.416
436.08,987.166,994.909,1013.093,1003.776
436.12,986.680,994.743,1012.218,1003.911
436.16,985.697,994.855,1011.766,1003.890
436.20,986.058,995.123,1011.776,1003.091
436.24,986.090,994.693,1012.368,1003.349
436.28,986.924,994.046,1012.506,1003.932
436.32,986.735,994.318,1012.944,1003.673
436.36,986.654,995.137,1012.227,1003.643
436.40,985.886,995.641,1011.774,1004.435
436.44,986.466,995.933,1012.628,1004.214
436.48,987.587,995.746,1013.149,1004.126
436.52,987.293,995.201,1013.100,1005.035
436.56,986.771,995.504,1012.582,1004.636
436.60,986.506,996.149,1012.195,1003.613
436.64,986.106,995.641,1012.217,1004.197
436.68,986.721,994.760,1012.233,1004.378
436.72,986.763,994.587,1012.895,1003.255
436.76,986.429,994.417,1012.117,1003.298
436.80,985.609,994.330,1011.367,1003.862
436.84,985.647,994.754,1011.965,1002.950
436.88,986.564,994.690,1012.344,1002.901
436.92,986.770,994.080,1012.765,1004.334
436.96,986.966,994.594,1012.457,1004.216
437.00,986.126,995.903,1012.109,1003.487
437.04,985.969,996.169,1011.909,1004.260
437.08,986.839,995.556,1012.546,1004.791
437.12,987.554,995.284,1013.533,1004.095
437.16,987.120,995.128,1012.563,1004.255
437.20,985.820,995.256,1011.698,1004.364
437.24,985.872,995.584,1011.895,1003.242
437.28,986.309,994.945,1012.225,1003.258
437.32,986.535,993.815,1012.374,1004.011
437.36,986.614,993.896,1012.510,1003.274
437.40,986.002,994.616,1011.917,1002.766
437.44,985.439,994.784,1011.288,1003.753
437.48,986.116,994.911,1012.128,1003.713
437.52,987.055,994.994,1012.962,1003.404
437.56,986.923,994.776,1012.631,1004.476
437.60,986.719,995.206,1012.489,1004.545
437.64,986.662,996.126,1012.593,1003.789
437.68,986.760,996.051,1012.458,1004.543
437.72,986.962,995.543,1012.760,1005.098
437.76,987.218,995.630,1012.913,1004.113
437.80,986.650,995.585,1012.430,1003.936
437.84,985.999,995.075,1011.817,1004.335
437.88,986.161,994.886,1012.043,1003.355
437.92,986.279,994.505,1012.315,1002.874
437.96,986.147,993.748,1011.824,1003.604
438.00,985.893,993.870,1012.086,1003.239
438.04,986.146,994.532,1012.040,1002.577
438.08,986.128,994.544,1011.989,1003.671
438.12,986.451,994.679,1012.579,1004.313
438.16,987.348,995.512,1012.847,1003.778
438.20,986.756,995.927,1012.844,1004.616
438.24,986.908,996.090,1012.192,1005.298
438.28,986.710,996.513,1012.778,1004.401
438.32,986.972,996.197,1012.628,1004.218
438.36,986.549,995.110,1012.118,1004.759
438.40,986.335,994.707,1012.442,1003.595
438.44,986.059,994.515,1011.882,1002.620
438.48,985.678,993.727,1011.721,1003.183
438.52,986.200,993.418,1012.334,1003.043
438.56,986.615,993.882,1012.431,1002.707
438.60,986.106,994.467,1012.197,1003.756
438.64,986.404,995.284,1012.064,1004.285
438.68,986.765,996.210,1012.731,1004.143
438.72,987.234,996.335,1012.916,1004.894
438.76,987.451,996.083,1013.039,1005.475
438.80,987.249,996.341,1013.139,1004.816
438.84,986.890,996.347,1012.417,1004.374
438.88,986.381,995.655,1012.409,1004.540
438.92,986.790,994.927,1012.379,1003.850
438.96,986.404,994.462,1012.497,1003.250
439.00,986.134,994.003,1012.013,1003.281
439.04,986.016,993.984,1011.919,1003.162
439.08,985.957,994.323,1012.099,1002.988
439.12,986.208,994.538,1011.979,1003.481
439.16,986.384,994.779,1012.386,1003.898
439.20,986.834,995.222,1012.627,1003.992
439.24,986.854,995.671,1012.600,1004.398
439.28,986.849,995.926,1012.758,1004.773
439.32,987.294,996.138,1012.886,1004.655
439.36,987.032,996.087,1012.929,1004.786
439.40,986.949,995.845,1012.439,1004.706
439.44,986.394,995.686,1012.365,1004.136
439.48,986.290,995.205,1012.141,1003.626
439.52,986.309,994.427,1012.293,1003.504
439.56,986.371,993.875,1012.215,1003.271
439.60,985.972,993.920,1011.895,1002.972
439.64,985.817,994.205,1011.944,1002.979
439.68,986.183,994.431,1011.872,1003.362
439.72,986.232,994.691,1012.191,1003.780
439.76,986.704,995.111,1012.505,1003.839
439.80,986.778,995.453,1012.528,1004.216
439.84,986.852,995.693,1012.839,1004.619
439.88,987.313,995.964,1012.992,1004.549
439.92,987.230,996.065,1012.983,1004.779
439.96,986.945,996.018,1012.581,1004.923
440.00,986.551,996.025,1012.287,1004.383
440.04,986.335,995.664,1012.319,1003.860
440.08,986.482,994.729,1012.159,1003.778
440.12,986.055,994.017,1012.270,1003.406
440.16,986.026,993.882,1011.583,1002.644
440.20,985.194,993.800,1011.664,1002.630
440.24,985.812,993.672,1011.405,1002.815
440.28,986.003,993.822,1012.339,1002.949
440.32,986.705,994.197,1012.669,1003.378
440.36,986.785,994.872,1012.294,1004.273
440.40,986.353,995.980,1012.495,1004.538
440.44,986.821,996.739,1012.187,1004.549
440.48,986.995,996.545,1013.190,1004.995
440.52,987.931,995.922,1013.368,1005.177
440.56,987.515,995.722,1013.204,1004.794
440.60,986.445,995.817,1012.304,1004.324
440.64,985.788,995.668,1011.321,1003.869
440.68,985.631,994.927,1012.153,1003.244
440.72,986.780,993.756,1012.428,1002.936
440.76,986.598,992.973,1012.857,1003.215
440.80,986.405,993.549,1012.023,1003.113
440.84,985.459,994.805,1011.481,1003.127
440.88,985.835,995.592,1011.848,1003.648
440.92,986.962,995.538,1012.629,1004.445
440.96,987.579,995.471,1013.715,1004.793
441.00,987.865,995.859,1013.106,1004.880
441.04,986.595,996.478,1012.579,1005.042
441.08,986.388,996.799,1012.053,1004.667
441.12,986.709,996.240,1012.685,1004.259
441.16,987.188,994.939,1013.079,1004.301
441.20,987.121,994.151,1012.686,1003.976
441.24,986.031,994.377,1012.310,1003.148
441.28,985.533,994.649,1010.909,1003.031
441.32,985.160,994.493,1011.738,1003.188
441.36,986.805,994.110,1012.643,1002.992
441.40,987.154,993.855,1012.804,1003.696
441.44,986.348,994.483,1012.462,1004.220
441.48,986.156,995.917,1011.618,1003.771
441.52,985.915,996.461,1012.289,1004.057
441.56,987.274,995.760,1012.791,1004.905
441.60,987.884,995.254,1013.745,1004.781
441.64,987.453,995.489,1013.334,1004.418
441.68,986.466,995.929,1011.683,1004.567
441.72,985.530,996.123,1011.936,1004.144
441.76,986.588,995.574,1012.117,1003.476
441.80,986.800,994.241,1012.987,1003.832
441.84,987.065,993.603,1012.889,1003.768
441.88,986.381,994.251,1011.998,1003.148
441.92,985.318,995.075,1011.683,1003.273
441.96,986.087,995.194,1011.526,1003.766
442.00,986.860,995.035,1013.340,1003.939
442.04,988.005,994.930,1013.343,1004.364
442.08,987.028,995.425,1012.640,1004.985
442.12,986.216,996.538,1012.252,1004.503
442.16,986.409,996.893,1011.823,1004.167
442.20,986.651,995.856,1013.054,1004.743
442.24,987.931,994.732,1013.232,1004.499
442.28,986.929,994.561,1012.772,1003.824
442.32,985.314,994.924,1011.294,1003.503
442.36,985.135,995.004,1010.723,1002.943
442.40,985.580,994.294,1012.202,1002.684
442.44,986.836,993.173,1012.194,1003.127
442.48,986.166,993.086,1012.469,1003.211
442.52,985.921,994.229,1011.602,1002.722
442.56,985.368,995.125,1011.464,1003.328
442.60,986.422,995.303,1012.496,1004.110
442.64,987.651,995.342,1013.166,1004.500
442.68,987.589,995.678,1013.768,1004.862
442.72,987.478,996.334,1012.613,1005.200
442.76,986.365,997.017,1012.427,1005.105
442.80,986.685,996.960,1012.393,1004.564
442.84,987.044,995.826,1012.681,1004.528
442.88,986.824,994.559,1012.902,1004.228
442.92,986.411,994.163,1011.823,1003.143
442.96,985.071,994.068,1011.483,1002.487
443.00,985.014,993.633,1010.740,1002.500
443.04,985.334,993.211,1011.533,1002.262
443.08,986.120,993.018,1012.518,1002.295
443.12,986.603,993.275,1012.001,1003.208
443.16,985.876,994.441,1012.333,1003.775
443.20,986.658,995.989,1011.953,1003.791
443.24,986.608,996.616,1012.843,1004.920
443.28,987.822,996.566,1013.243,1005.678
443.32,987.972,996.713,1013.561,1005.383
443.36,987.269,996.763,1013.120,1005.157
443.40,986.617,996.475,1011.785,1004.963
443.44,986.014,995.840,1012.531,1003.937
443.48,986.806,994.652,1012.313,1003.195
443.52,986.366,993.304,1012.311,1003.388
443.56,985.835,993.128,1011.948,1002.763
443.60,985.379,993.776,1010.860,1002.067
443.64,984.665,993.995,1011.313,1002.642
443.68,986.197,993.866,1011.747,1003.130
443.72,986.985,994.097,1013.418,1003.380
443.76,987.570,994.709,1013.002,1004.326
443.80,986.678,996.007,1012.164,1005.155
443.84,986.274,997.478,1012.562,1004.714
443.88,987.353,997.490,1012.501,1004.933
443.92,987.653,996.205,1013.980,1005.781
443.96,988.476,995.512,1013.616,1005.109
444.00,986.708,995.700,1012.503,1004.167
444.04,985.455,995.688,1011.358,1003.800
444.08,985.546,994.993,1011.233,1003.286
444.12,986.100,993.798,1012.830,1002.683
444.16,987.176,992.741,1012.404,1002.895
444.20,985.790,992.955,1012.217,1003.197
444.24,985.587,994.442,1011.166,1002.651
444.28,985.249,995.451,1011.394,1003.178
444.32,986.725,995.226,1012.929,1004.315
444.36,988.419,995.109,1013.542,1004.865
444.40,987.440,995.850,1013.651,1005.121
444.44,986.933,997.005,1011.954,1005.117
444.48,986.160,997.441,1012.510,1004.911
444.52,987.568,996.597,1013.167,1004.817
444.56,987.919,995.180,1013.447,1005.059
444.60,987.049,994.774,1013.215,1004.333
444.64,986.175,995.110,1011.299,1003.332
444.68,984.629,995.020,1011.413,1003.112
444.72,986.026,994.142,1011.462,1002.911
444.76,986.439,993.245,1012.782,1002.824
444.80,986.750,993.065,1012.704,1003.063
444.84,986.047,993.999,1011.489,1003.377
444.88,985.173,995.432,1011.688,1003.324
444.92,986.323,995.925,1012.000,1003.807
444.96,987.437,995.486,1013.530,1004.819
445.00,988.288,995.400,1013.780,1005.211
445.04,987.318,996.227,1012.847,1005.048
445.08,986.020,997.068,1011.835,1004.768
445.12,986.073,996.807,1011.679,1004.437
445.16,986.738,995.399,1013.050,1004.035
445.20,987.562,993.846,1013.098,1003.767
445.24,986.420,993.411,1012.391,1003.414
445.28,985.257,994.099,1011.278,1002.615
445.32,984.993,994.593,1010.862,1002.499
445.36,985.686,994.154,1012.131,1003.150
445.40,987.396,993.764,1013.096,1003.561
445.44,987.395,994.304,1013.216,1004.067
445.48,986.487,995.667,1012.205,1004.556
445.52,986.076,997.031,1011.835,1004.580
445.56,986.755,997.153,1012.714,1004.767
445.60,987.943,996.088,1013.603,1005.302
445.64,988.152,995.351,1013.836,1005.164
445.68,987.045,995.599,1012.631,1004.389
445.72,985.655,995.967,1011.392,1003.864
445.76,985.211,995.426,1011.234,1003.494
445.80,986.215,994.230,1012.092,1002.901
445.84,986.609,992.928,1012.983,1002.810
445.88,986.675,992.706,1012.021,1002.950
445.92,985.159,993.826,1011.512,1002.795
445.96,985.140,995.050,1010.974,1002.765
446.00,985.886,995.210,1011.880,1003.655
446.04,987.496,994.857,1013.608,1004.341
446.08,988.278,995.063,1013.580,1004.802
446.12,986.936,996.150,1013.038,1005.138
446.16,986.636,997.304,1011.897,1004.969
446.20,986.474,997.359,1012.752,1004.925
446.24,987.838,996.159,1013.384,1005.043
446.28,987.805,995.049,1013.251,1004.875
446.32,986.524,994.922,1012.683,1003.928
446.36,985.734,995.097,1011.010,1003.120
446.40,984.883,994.606,1011.547,1003.014
446.44,986.340,993.631,1012.206,1002.748
446.48,986.809,993.019,1012.754,1002.911
446.52,986.306,993.399,1012.478,1003.343
446.56,985.866,994.799,1011.158,1003.422
446.60,985.301,995.979,1011.872,1003.587
446.64,986.953,995.922,1012.305,1004.312
446.68,987.629,995.373,1013.622,1005.021
446.72,987.994,995.549,1013.681,1004.880
446.76,986.849,996.239,1012.197,1004.784
446.80,985.813,996.706,1011.894,1004.525
446.84,986.382,996.170,1012.014,1004.040
446.88,986.968,994.797,1013.156,1003.872
446.92,987.430,993.697,1012.967,1003.817
446.96,986.102,993.879,1011.969,1003.382
447.00,985.080,994.757,1011.193,1002.701
447.04,985.343,994.865,1011.137,1002.910
447.08,986.187,994.160,1012.528,1003.515
447.12,987.502,993.858,1013.009,1003.635
447.16,986.735,994.512,1012.807,1003.901
447.20,986.112,995.665,1011.660,1004.187
447.24,985.989,996.476,1012.028,1004.196
447.28,987.224,996.198,1013.197,1004.480
447.32,987.968,995.379,1013.471,1005.204
447.36,987.311,995.455,1013.126,1004.937
447.40,986.396,996.192,1011.999,1003.939
447.44,985.623,996.053,1011.638,1003.939
447.48,986.313,994.977,1012.255,1003.909
447.52,987.075,994.009,1012.956,1003.362
447.56,986.698,993.639,1012.544,1003.268
447.60,985.654,994.067,1011.473,1003.368
447.64,985.242,994.919,1011.267,1002.881
447.68,985.738,994.977,1011.890,1003.110
447.72,986.986,994.364,1012.790,1003.961
447.76,987.398,994.356,1013.404,1004.210
447.80,987.240,995.371,1012.840,1004.170
447.84,986.276,996.367,1012.025,1004.708
447.88,986.204,996.833,1012.080,1004.856
447.92,987.174,996.477,1012.862,1004.439
447.96,987.441,995.368,1013.405,1004.651
448.00,987.324,994.707,1012.826,1004.526
448.04,986.176,994.978,1012.187,1003.556
448.08,985.580,995.169,1011.432,1003.152
448.12,985.746,994.545,1011.762,1003.396
448.16,986.552,993.898,1012.581,1003.269
448.20,986.742,993.791,1012.449,1003.195
448.24,985.878,994.261,1011.890,1003.520
448.28,985.795,995.054,1011.508,1003.437
448.32,986.044,995.423,1012.262,1003.566
448.36,987.100,995.105,1012.820,1004.276
448.40,987.467,995.019,1013.365,1004.658
448.44,987.250,995.669,1012.863,1004.490
448.48,986.364,996.375,1011.969,1004.618
448.52,986.101,996.475,1012.175,1004.509
448.56,987.172,995.794,1012.856,1004.183
448.60,987.499,994.774,1013.564,1004.346
448.64,987.308,994.422,1012.705,1004.344
448.68,985.824,995.133,1011.881,1003.642
448.72,985.512,995.635,1011.426,1003.190
448.76,986.062,994.914,1012.043,1003.643
448.80,987.225,994.053,1013.257,1003.794
448.84,987.509,994.082,1013.132,1003.731
448.88,986.285,994.955,1012.142,1004.085
448.92,985.613,996.021,1011.401,1004.059
448.96,986.335,996.286,1012.401,1003.885
449.00,987.531,995.415,1013.382,1004.596
449.04,987.918,994.793,1013.360,1005.035
449.08,987.011,995.496,1012.858,1004.269
449.12,985.836,996.277,1011.327,1003.943
449.16,985.338,995.964,1011.546,1004.091
449.20,986.853,994.894,1012.921,1003.517
449.24,987.692,993.772,1013.611,1003.594
449.28,986.953,993.578,1012.642,1004.078
449.32,985.523,994.927,1011.223,1003.451
449.36,984.986,996.084,1011.220,1002.929
449.40,986.226,995.357,1012.020,1003.873
449.44,987.546,994.169,1013.468,1004.430
449.48,987.769,994.357,1013.458,1003.894
449.52,986.331,995.334,1011.945,1004.014
449.56,985.448,996.173,1011.429,1004.202
449.60,986.359,996.203,1012.216,1003.910
449.64,987.336,995.188,1013.283,1004.252
449.68,987.672,994.399,1013.186,1004.651
449.72,986.500,994.922,1012.459,1003.950
449.76,985.720,995.735,1011.547,1003.333
449.80,985.770,995.452,1011.768,1003.805
449.84,986.865,994.626,1012.857,1003.955
449.88,987.460,994.264,1013.241,1003.722
449.92,986.641,994.618,1012.387,1003.989
449.96,985.835,995.375,1011.680,1003.960
450.00,986.025,995.943,1012.053,1003.631
450.04,986.780,995.403,1012.514,1004.158
450.08,987.085,994.759,1012.976,1004.569
450.12,986.979,994.978,1012.806,1003.893
450.16,986.372,995.376,1012.000,1003.717
450.20,985.702,995.330,1011.666,1004.139
450.24,986.305,995.157,1012.084,1003.616
450.28,986.654,994.691,1012.856,1003.332
450.32,986.909,994.132,1012.490,1003.940
450.36,986.361,994.413,1012.257,1003.845
450.40,985.997,995.302,1011.998,1003.243
450.44,986.059,995.420,1011.832,1003.819
450.48,986.603,995.019,1012.830,1004.340
450.52,987.556,995.018,1012.985,1004.055
450.56,986.760,995.262,1012.789,1004.274
450.60,986.527,995.641,1012.092,1004.432
450.64,986.314,995.963,1012.116,1004.103
450.68,986.379,995.618,1012.443,1004.011
450.72,986.845,994.865,1012.443,1004.087
450.76,986.707,994.486,1012.832,1003.708
450.80,986.558,994.519,1012.308,1003.456
450.84,985.976,994.701,1011.756,1003.647
450.88,985.817,994.915,1011.941,1003.575
450.92,986.575,994.955,1012.240,1003.400
450.96,986.633,994.651,1012.734,1003.962
451.00,986.822,994.747,1012.373,1004.154
451.04,986.447,995.394,1012.352,1003.783
451.08,986.233,995.670,1012.128,1004.032
451.12,986.511,995.435,1012.022,1004.341
451.16,986.634,995.244,1012.897,1003.954
451.20,987.089,994.981,1012.482,1003.823
451.24,986.233,994.787,1012.356,1004.171
451.28,986.269,995.014,1011.844,1003.645
451.32,985.857,995.137,1011.639,1003.316
451.36,985.823,994.674,1012.062,1003.546
451.40,986.756,994.199,1012.295,1003.389
451.44,986.414,994.133,1012.689,1003.393
451.48,986.278,994.530,1011.811,1003.616
451.52,985.777,995.082,1011.977,1003.651
451.56,986.573,995.382,1012.485,1003.659
451.60,987.055,995.160,1012.705,1004.404
451.64,986.986,995.224,1013.072,1004.654
451.68,987.050,995.886,1012.374,1004.208
451.72,986.238,996.089,1012.366,1004.366
451.76,986.644,995.765,1012.296,1004.453
451.80,986.770,995.301,1012.694,1004.031
451.84,986.917,994.824,1012.863,1003.756
451.88,986.561,994.498,1012.171,1003.944
451.92,986.016,994.735,1012.237,1003.560
451.96,986.258,994.968,1011.965,1003.250
452.00,986.148,994.738,1012.160,1003.880
452.04,986.544,994.650,1012.314,1003.900
452.08,986.545,994.990,1012.280,1003.534
452.12,986.163,995.102,1012.250,1003.851
452.16,986.414,995.095,1011.910,1004.066
452.20,986.413,995.185,1012.629,1003.722
452.24,986.773,995.015,1012.405,1003.854
452.28,986.579,994.823,1012.340,1004.223
452.32,986.455,995.102,1012.543,1003.861
452.36,986.529,995.359,1012.022,1003.688
452.40,986.235,995.124,1012.464,1004.123
452.44,986.955,994.980,1012.505,1003.990
452.48,986.702,995.051,1012.680,1003.846
452.52,986.538,995.106,1012.319,1004.064
452.56,986.330,995.264,1012.036,1004.042
452.60,986.276,995.352,1012.433,1003.741
452.64,986.715,995.062,1012.284,1003.882
452.68,986.657,994.711,1012.914,1004.082
452.72,987.069,994.842,1012.664,1003.850
452.76,986.428,995.223,1012.199,1004.041
452.80,986.052,995.485,1012.089,1004.119
452.84,986.649,995.538,1012.230,1003.845
452.88,986.791,995.106,1013.093,1004.067
452.92,987.303,994.804,1012.570,1004.374
452.96,986.390,995.155,1012.573,1004.065
453.00,986.236,995.626,1011.834,1003.691
453.04,986.021,995.398,1011.935,1003.941
453.08,986.723,994.863,1012.761,1003.901
453.12,987.115,994.534,1012.885,1003.768
453.16,986.713,994.622,1012.598,1003.911
453.20,986.127,995.131,1011.823,1003.960
453.24,985.865,995.638,1011.863,1003.678
453.28,986.493,995.411,1012.499,1003.786
453.32,987.316,994.744,1013.153,1004.274
453.36,987.404,994.721,1013.000,1004.329
453.40,986.384,995.459,1012.293,1004.118
453.44,986.050,996.061,1011.818,1003.994
453.48,986.366,995.765,1012.275,1004.210
453.52,987.103,995.039,1013.079,1004.218
453.56,987.464,994.663,1013.121,1004.074
453.60,986.562,994.907,1012.554,1004.084
453.64,986.070,995.472,1011.681,1003.889
453.68,985.854,995.631,1011.916,1003.655
453.72,986.731,995.045,1012.613,1003.841
453.76,987.185,994.433,1012.933,1004.111
453.80,986.732,994.608,1012.425,1003.928
453.84,985.801,995.306,1011.800,1003.577
453.88,985.756,995.500,1011.481,1003.582
453.92,986.150,994.948,1012.260,1003.737
453.96,987.093,994.352,1012.980,1003.643
454.00,986.967,994.268,1012.730,1003.797
454.04,986.057,994.831,1011.930,1003.907
454.08,985.844,995.598,1011.683,1003.560
454.12,986.289,995.572,1012.461,1003.753
454.16,987.496,994.886,1013.151,1004.442
454.20,987.563,994.842,1013.254,1004.581
454.24,986.629,995.691,1012.332,1004.268
454.28,985.940,996.346,1011.723,1004.124
454.32,986.290,996.022,1012.221,1004.241
454.36,987.238,995.057,1013.007,1004.193
454.40,987.299,994.436,1013.137,1004.024
454.44,986.566,994.594,1012.207,1003.821
454.48,985.559,995.162,1011.534,1003.498
454.52,985.535,995.251,1011.371,1003.305
454.56,986.138,994.599,1012.180,1003.406
454.60,986.884,993.946,1012.794,1003.501
454.64,986.710,993.959,1012.612,1003.575
454.68,986.035,994.722,1011.715,1003.598
454.72,985.373,995.502,1011.385,1003.611
454.76,986.212,995.513,1012.259,1003.647
454.80,987.472,994.893,1013.218,1004.191
454.84,987.548,994.608,1013.443,1004.673
454.88,987.010,995.491,1012.476,1004.349
454.92,985.881,996.460,1011.831,1004.166
454.96,986.122,996.328,1011.888,1004.381
455.00,986.977,995.414,1012.966,1004.293
455.04,987.624,994.580,1013.398,1004.027
455.08,986.901,994.389,1012.367,1004.027
455.12,985.258,994.982,1011.141,1003.591
455.16,984.953,995.377,1010.853,1002.755
455.20,985.689,994.449,1012.109,1002.860
455.24,987.152,993.078,1012.916,1003.484
455.28,987.141,993.157,1013.137,1003.344
455.32,986.137,994.581,1011.813,1003.338
455.36,985.219,995.973,1010.962,1003.901
455.40,986.067,996.345,1012.308,1004.151
455.44,988.021,995.717,1013.700,1004.591
455.48,988.415,995.093,1014.005,1005.403
455.52,987.219,995.828,1012.920,1005.152
455.56,986.103,997.072,1011.606,1004.201
455.60,985.545,996.784,1011.736,1004.271
455.64,987.010,995.157,1012.777,1004.255
455.68,987.686,993.778,1013.731,1003.664
455.72,987.019,993.546,1012.541,1003.433
455.76,985.068,994.364,1010.928,1003.307
455.80,984.701,995.242,1010.812,1002.615
455.84,985.900,994.817,1011.948,1002.900
455.88,987.346,993.592,1013.497,1003.986
455.92,987.988,993.760,1013.480,1004.144
455.96,986.408,995.464,1012.301,1004.060
456.00,985.464,996.975,1011.128,1004.392
456.04,986.067,997.036,1012.000,1004.630
456.08,987.777,995.866,1013.848,1004.648
456.12,988.392,994.690,1013.580,1004.923
456.16,986.656,994.831,1012.588,1004.439
456.20,985.494,995.796,1011.250,1003.219
456.24,985.291,995.566,1011.391,1003.167
456.28,986.469,994.143,1012.547,1003.698
456.32,987.544,993.347,1013.205,1003.412
456.36,986.596,993.829,1012.530,1003.277
456.40,985.236,994.954,1010.729,1003.622
456.44,985.060,995.827,1011.393,1003.330
456.48,986.864,995.399,1012.762,1003.529
456.52,987.862,994.290,1013.532,1004.760
456.56,987.492,994.632,1013.463,1004.696
456.60,986.634,996.182,1011.828,1003.896
456.64,985.216,996.801,1011.591,1004.395
456.68,986.601,996.072,1012.179,1004.539
456.72,987.792,994.981,1013.908,1004.029
456.76,987.838,994.216,1013.337,1004.292
456.80,986.007,994.615,1011.531,1004.269
456.84,984.881,995.785,1011.272,1002.848
456.88,985.608,995.424,1011.217,1002.879
456.92,986.496,993.706,1012.918,1003.984
456.96,987.747,993.186,1013.383,1003.456
457.00,986.581,994.198,1012.280,1003.131
457.04,985.225,995.368,1011.502,1003.905
457.08,986.242,996.081,1011.757,1004.038
457.12,987.235,995.957,1013.456,1004.325
457.16,988.061,995.352,1013.466,1005.279
457.20,987.241,995.737,1012.888,1005.146
457.24,986.245,996.697,1012.236,1004.086
457.28,986.167,996.375,1011.580,1004.188
457.32,986.316,995.097,1012.743,1004.380
457.36,987.506,994.174,1012.916,1003.386
457.40,986.379,993.830,1012.356,1003.241
457.44,985.290,994.090,1011.208,1003.288
457.48,985.129,994.614,1010.796,1002.556
457.52,985.443,994.431,1012.130,1002.586
457.56,986.914,993.573,1012.311,1003.571
457.60,986.839,993.720,1013.113,1003.737
457.64,986.701,995.044,1012.485,1003.519
457.68,986.100,996.113,1011.637,1004.385
457.72,986.405,996.501,1012.754,1004.913
457.76,988.131,996.396,1013.347,1004.731
457.80,987.681,995.906,1013.858,1005.363
457.84,987.533,995.987,1012.711,1005.271
457.88,986.341,996.491,1012.234,1004.262
457.92,986.049,996.122,1012.035,1003.911
457.96,986.551,994.772,1012.030,1004.047
458.00,986.580,993.791,1013.005,1003.307
458.04,986.696,993.586,1012.188,1002.745
458.08,985.516,993.752,1011.802,1003.164
458.12,985.703,994.394,1011.511,1003.157
458.16,986.029,994.950,1012.046,1003.161
458.20,986.683,994.928,1012.710,1004.047
458.24,987.416,995.035,1012.762,1004.634
458.28,986.958,995.844,1013.163,1004.493
458.32,986.907,996.500,1012.224,1004.653
458.36,986.473,996.491,1012.438,1004.994
458.40,987.120,996.081,1013.015,1004.482
458.44,987.352,995.378,1012.767,1004.281
458.48,986.414,994.787,1012.640,1004.234
458.52,986.143,994.764,1011.342,1003.368
458.56,984.971,994.658,1011.517,1002.745
458.60,985.820,993.900,1011.618,1002.724
458.64,986.327,993.073,1012.242,1002.911
458.68,986.386,993.246,1012.565,1002.884
458.72,985.994,994.169,1011.434,1003.189
458.76,985.399,995.248,1011.776,1003.586
458.80,986.629,995.770,1012.298,1003.962
458.84,987.327,995.636,1013.246,1004.776
458.88,987.817,995.679,1013.664,1005.182
458.92,987.602,996.322,1012.885,1004.981
458.96,986.408,996.873,1012.535,1004.964
459.00,986.747,996.697,1012.073,1004.711
459.04,986.678,995.772,1012.978,1004.375
459.08,987.285,994.651,1013.016,1003.950
459.12,986.724,994.061,1012.188,1003.656
459.16,985.324,994.219,1011.813,1003.117
459.20,985.528,994.471,1010.818,1002.521
459.24,985.172,994.052,1011.895,1002.867
459.28,986.900,993.519,1012.649,1003.102
459.32,987.124,993.743,1013.108,1003.545
459.36,986.751,994.867,1012.612,1004.137
459.40,986.432,996.356,1011.970,1004.556
459.44,986.592,997.193,1012.635,1004.860
459.48,987.686,996.875,1013.028,1005.424
459.52,987.797,996.246,1013.810,1005.516
459.56,987.774,996.051,1013.244,1004.836
459.60,986.523,995.944,1012.333,1004.468
459.64,985.840,995.572,1011.805,1003.963
459.68,986.018,994.788,1011.860,1003.178
459.72,986.258,993.722,1012.449,1002.899
459.76,986.382,992.989,1011.996,1002.999
459.80,985.531,993.391,1011.657,1002.683
459.84,985.388,994.252,1011.152,1002.488
459.88,985.469,994.592,1011.592,1003.230
459.92,986.698,994.585,1012.700,1003.798
459.96,987.602,994.872,1013.350,1004.136
460.00,987.238,995.623,1013.007,1004.869
460.04,986.695,996.705,1012.052,1005.111
460.08,986.319,997.330,1012.450,1004.731
460.12,987.341,996.601,1013.018,1004.725
460.16,987.805,995.264,1013.630,1005.099
460.20,987.493,994.829,1013.160,1004.410
460.24,985.955,995.229,1011.701,1003.574
460.28,985.127,995.279,1011.351,1003.213
460.32,986.066,994.481,1011.776,1003.097
460.36,986.616,993.474,1013.020,1003.194
460.40,987.042,993.343,1012.629,1003.269
460.44,985.935,994.278,1011.871,1003.473
460.48,985.513,995.521,1011.553,1003.476
460.52,986.329,995.893,1011.954,1003.913
460.56,987.134,995.444,1013.382,1004.662
460.60,988.175,995.283,1013.355,1004.860
460.64,986.940,995.868,1012.961,1004.783
460.68,986.346,996.551,1011.890,1004.510
460.72,986.272,996.439,1012.183,1004.314
460.76,986.949,995.426,1013.078,1004.248
460.80,987.670,994.402,1012.968,1004.138
460.84,986.544,994.322,1012.867,1003.807
460.88,986.048,994.894,1011.407,1003.375
460.92,985.074,995.174,1011.446,1003.337
460.96,986.172,994.779,1012.063,1003.276
461.00,987.057,994.054,1012.960,1003.577
461.04,987.189,994.000,1013.231,1003.937
461.08,986.708,994.986,1012.182,1004.061
461.12,985.775,996.194,1011.842,1004.059
461.16,986.363,996.469,1012.086,1004.368
461.20,987.460,995.794,1013.543,1004.708
461.24,988.257,995.178,1013.868,1004.933
461.28,987.337,995.472,1012.745,1004.829
461.32,985.869,996.284,1011.953,1004.261
461.36,985.970,996.340,1011.676,1003.841
461.40,986.690,995.128,1012.834,1004.039
461.44,987.613,993.952,1013.374,1004.008
461.48,986.957,993.997,1012.715,1003.641
461.52,985.595,994.864,1011.364,1003.399
461.56,984.848,995.456,1010.831,1003.314
461.60,985.803,995.080,1012.102,1003.152
461.64,987.335,994.017,1013.044,1003.579
461.68,987.220,993.625,1013.093,1004.106
461.72,986.242,994.816,1011.982,1003.714
461.76,985.460,996.056,1011.176,1003.432
461.80,985.528,995.952,1011.742,1004.110
461.84,987.229,995.053,1012.854,1004.166
461.88,987.667,994.429,1013.946,1003.948
461.92,987.324,994.602,1012.681,1004.300
461.96,985.896,995.528,1011.816,1004.262
462.00,985.696,996.371,1011.706,1003.680
462.04,986.469,995.807,1012.188,1004.008
462.08,987.185,994.596,1013.312,1004.459
462.12,987.694,994.333,1013.146,1003.908
462.16,986.319,994.915,1012.382,1003.735
462.20,985.482,995.484,1011.052,1003.944
462.24,985.604,995.614,1011.803,1003.450
462.28,986.792,994.860,1012.740,1003.437
462.32,987.220,993.885,1012.856,1004.166
462.36,986.659,994.189,1012.676,1003.826
462.40,986.042,995.326,1011.515,1003.252
462.44,985.206,995.674,1011.572,1003.827
462.48,986.692,995.219,1012.372,1003.998
462.52,987.651,994.730,1013.683,1003.920
462.56,987.354,994.654,1012.968,1004.550
462.60,986.249,995.509,1011.735,1004.449
462.64,985.578,996.468,1011.965,1003.631
462.68,986.602,995.914,1012.104,1004.006
462.72,987.109,994.604,1013.316,1004.649
462.76,987.622,994.352,1013.019,1003.908
462.80,986.031,994.972,1011.989,1003.498
462.84,985.206,995.347,1011.133,1003.667
462.88,985.861,995.148,1011.784,1003.335
462.92,986.898,994.345,1013.254,1003.333
462.96,987.499,993.722,1012.861,1004.107
463.00,986.447,994.491,1012.678,1004.020
463.04,986.025,995.976,1011.523,1003.531
463.08,985.701,996.253,1011.660,1004.194
463.12,986.838,995.570,1012.919,1004.586
463.16,987.858,995.000,1013.331,1004.226
463.20,986.873,994.934,1012.821,1004.279
463.24,985.816,995.333,1011.244,1004.095
463.28,985.162,995.652,1011.475,1003.129
463.32,986.192,994.772,1012.114,1003.041
463.36,986.788,993.395,1012.659,1003.766
463.40,986.780,993.361,1012.784,1003.244
463.44,985.936,994.464,1011.652,1002.833
463.48,985.226,995.170,1011.428,1003.547
463.52,986.391,995.312,1012.255,1003.938
463.56,987.504,995.235,1013.564,1004.118
463.60,987.841,995.251,1013.364,1004.926
463.64,986.991,995.968,1012.508,1005.165
463.68,986.210,997.021,1012.302,1004.432
463.72,986.752,996.779,1012.308,1004.447
463.76,987.054,995.418,1013.115,1004.944
463.80,987.453,994.654,1012.941,1004.117
463.84,986.231,994.670,1012.064,1003.262
463.88,985.162,994.542,1011.230,1003.181
463.92,985.475,994.221,1011.335,1002.833
463.96,986.294,993.689,1012.536,1002.564
464.00,986.729,993.278,1012.612,1003.340
464.04,986.387,993.952,1012.076,1003.693
464.08,985.717,995.440,1011.921,1003.420
464.12,986.257,996.162,1011.852,1004.005
464.16,986.984,995.810,1013.048,1004.954
464.20,988.025,995.661,1013.572,1004.912
464.24,987.438,995.957,1013.103,1004.788
464.28,986.388,996.299,1012.103,1004.822
464.32,986.091,996.266,1011.671,1004.253
464.36,986.165,995.480,1012.397,1003.613
464.40,986.866,994.090,1012.473,1003.564
464.44,986.394,993.296,1012.481,1003.341
464.48,985.898,993.713,1011.718,1002.569
464.52,985.141,994.222,1011.029,1002.652
464.56,985.350,994.304,1011.674,1003.105
464.60,986.825,994.281,1012.529,1003.282
464.64,987.157,994.418,1013.334,1003.939
464.68,987.280,995.192,1012.742,1004.683
464.72,986.614,996.509,1012.548,1004.790
464.76,986.849,997.284,1012.563,1004.866
464.80,987.371,996.857,1012.993,1005.448
464.84,987.609,996.098,1013.579,1005.312
464.88,987.567,995.745,1012.776,1004.459
464.92,985.962,995.463,1012.212,1004.060
464.96,985.752,994.940,1011.206,1003.438
465.00,985.438,994.188,1011.785,1002.676
465.04,986.149,993.181,1012.235,1002.456
465.08,986.279,992.613,1011.844,1002.767
465.12,985.523,993.308,1011.973,1002.651
465.16,985.586,994.513,1011.117,1002.709
465.20,985.570,995.095,1012.117,1003.614
465.24,987.332,995.233,1012.893,1004.297
465.28,987.819,995.557,1013.529,1004.849
465.32,987.393,996.318,1013.197,1005.291
465.36,986.947,997.145,1012.112,1005.217
465.40,986.208,997.303,1012.633,1004.904
465.44,987.400,996.267,1012.534,1004.573
465.48,987.156,994.829,1013.404,1004.398
465.52,986.789,994.135,1012.385,1003.682
465.56,985.507,994.225,1011.159,1002.815
465.60,984.540,994.189,1011.239,1002.425
465.64,985.685,993.552,1010.980,1002.396
465.68,985.904,992.931,1012.717,1002.614
465.72,986.824,993.078,1012.323,1002.895
465.76,986.104,994.200,1011.957,1003.500
465.80,985.907,995.676,1012.141,1003.874
465.84,986.982,996.480,1012.181,1004.503
465.88,987.161,996.497,1013.589,1005.389
465.92,988.247,996.438,1013.184,1005.486
465.96,987.250,996.634,1013.381,1005.131
466.00,986.810,996.567,1012.197,1004.862
466.04,985.887,996.018,1011.559,1004.357
466.08,985.875,995.026,1012.320,1003.138
466.12,986.602,993.481,1012.122,1002.773
466.16,986.049,992.467,1012.522,1002.840
466.20,985.920,992.898,1011.441,1002.283
466.24,984.964,993.969,1011.374,1002.316
466.28,985.763,994.541,1011.842,1003.196
466.32,987.148,994.811,1012.707,1004.161
466.36,987.502,995.495,1013.630,1004.758
466.40,987.568,996.555,1012.764,1005.217
466.44,986.803,997.404,1012.791,1005.487
466.48,987.333,997.524,1012.847,1005.344
466.52,987.598,996.690,1013.307,1005.308
466.56,987.536,995.648,1013.342,1004.934
466.60,986.757,995.122,1012.067,1004.082
466.64,985.285,994.815,1011.727,1003.108
466.68,985.579,994.072,1011.214,1002.539
466.72,985.626,993.047,1011.926,1002.514
466.76,986.145,992.609,1012.167,1002.406
466.80,985.818,993.135,1011.473,1002.495
466.84,985.043,994.166,1011.482,1002.905
466.88,986.037,995.004,1011.522,1003.280
466.92,986.636,995.314,1013.029,1004.122
466.96,987.959,995.461,1013.282,1004.919
467.00,987.414,996.179,1013.029,1005.302
467.04,986.723,997.105,1012.580,1005.031
467.08,986.710,997.220,1012.071,1004.920
467.12,986.852,996.225,1013.100,1004.813
467.16,987.670,995.028,1013.179,1004.307
467.20,986.951,994.341,1012.877,1003.797
467.24,985.904,994.361,1011.745,1003.376
467.28,985.119,994.578,1010.947,1002.855
467.32,985.253,994.311,1011.757,1002.586
467.36,986.592,993.541,1012.300,1002.966
467.40,986.929,993.281,1013.167,1003.507
467.44,986.978,994.322,1012.776,1003.674
467.48,986.407,995.873,1012.063,1004.228
467.52,986.355,996.896,1012.353,1004.953
467.56,987.468,997.058,1013.116,1005.252
467.60,988.169,996.587,1013.984,1005.481
467.64,988.099,996.204,1013.470,1005.589
467.68,986.848,996.352,1012.413,1004.965
467.72,985.783,996.340,1011.879,1003.939
467.76,986.203,995.279,1011.974,1003.466
467.80,986.626,993.642,1012.771,1003.432
467.84,986.754,992.952,1012.552,1002.948
467.88,985.684,993.472,1011.623,1002.571
467.92,984.993,994.278,1011.101,1002.735
467.96,985.509,994.645,1011.414,1003.132
468.00,986.601,994.621,1012.825,1003.564
468.04,987.700,994.664,1013.418,1004.275
468.08,987.380,995.370,1012.984,1004.945
468.12,986.610,996.714,1012.458,1004.862
468.16,986.774,997.409,1012.321,1004.785
468.20,987.137,996.787,1013.218,1005.315
468.24,988.062,995.774,1013.506,1005.130
468.28,987.384,995.361,1013.309,1004.444
468.32,986.518,995.307,1012.190,1003.992
468.36,985.639,995.151,1011.414,1003.701
468.40,985.731,994.741,1011.854,1003.040
468.44,986.270,993.888,1012.277,1002.927
468.48,986.500,993.245,1012.371,1003.247
468.52,986.189,993.704,1012.193,1003.107
468.56,985.744,994.699,1011.571,1003.090
468.60,985.744,995.303,1011.760,1003.731
468.64,986.731,995.403,1012.723,1004.154
468.68,987.713,995.388,1013.229,1004.491
468.72,987.290,995.673,1013.160,1004.968
468.76,986.838,996.346,1012.162,1004.830
468.80,986.152,996.734,1012.269,1004.381
468.84,986.796,996.028,1012.429,1004.279
468.88,987.133,994.805,1013.067,1004.327
468.92,987.194,994.249,1013.128,1003.728
468.96,986.261,994.456,1011.609,1003.420
469.00,984.928,994.814,1011.353,1003.237
469.04,985.859,994.792,1011.677,1002.843
469.08,986.726,994.079,1012.935,1003.332
469.12,987.330,993.741,1013.248,1004.098
469.16,987.009,994.772,1012.446,1004.072
469.20,985.984,996.290,1012.258,1004.062
469.24,986.362,996.777,1011.725,1004.769
469.28,987.032,996.336,1013.215,1005.000
469.32,988.206,995.689,1013.910,1004.681
469.36,987.603,995.340,1012.823,1004.935
469.40,985.951,995.690,1012.169,1004.432
469.44,985.886,996.003,1011.417,1003.301
469.48,985.771,995.016,1012.131,1003.426
469.52,986.767,993.597,1012.448,1003.659
469.56,986.603,993.314,1012.567,1002.904
469.60,985.798,993.891,1011.807,1002.649
469.64,985.186,994.416,1011.011,1003.263
469.68,985.800,994.862,1011.895,1003.274
469.72,987.012,994.845,1012.925,1003.532
469.76,987.304,994.722,1012.992,1004.653
469.80,986.987,995.487,1012.682,1004.719
469.84,986.540,996.682,1012.369,1004.179
469.88,986.437,996.677,1012.164,1004.745
469.92,987.126,995.896,1012.957,1004.973
469.96,987.730,995.311,1013.544,1004.210
470.00,987.029,994.977,1012.724,1004.188
470.04,986.037,995.024,1011.810,1004.079
470.08,985.878,995.299,1011.879,1003.179
470.12,986.232,994.819,1012.202,1003.290
470.16,986.673,993.966,1012.553,1003.948
470.20,986.782,994.133,1012.651,1003.537
470.24,986.208,994.930,1012.111,1003.330
470.28,985.871,995.349,1011.716,1004.032
470.32,986.523,995.489,1012.469,1004.113
470.36,987.297,995.437,1013.165,1004.098
470.40,987.332,995.257,1012.978,1004.737
470.44,986.982,995.637,1012.750,1004.717
470.48,986.532,996.274,1012.327,1004.221
470.52,986.471,996.091,1012.153,1004.332
470.56,986.620,995.346,1012.696,1004.409
470.60,987.182,994.801,1012.771,1003.793
470.64,986.557,994.523,1012.576,1003.639
470.68,986.005,994.526,1011.692,1003.700
470.72,985.700,994.846,1011.688,1003.200
470.76,986.202,994.749,1012.320,1003.139
470.80,986.905,994.214,1012.558,1003.897
470.84,986.859,994.414,1012.833,1004.087
470.88,986.542,995.394,1012.106,1003.803
470.92,985.761,996.001,1011.771,1004.141
470.96,986.438,995.888,1012.389,1004.286
471.00,987.581,995.304,1013.428,1004.191
471.04,987.641,994.869,1013.658,1004.598
471.08,987.087,995.268,1012.432,1004.680
471.12,985.892,996.206,1011.758,1004.018
471.16,985.682,996.286,1011.807,1003.823
471.20,986.887,995.103,1012.551,1004.057
471.24,987.437,994.029,1013.552,1003.968
471.28,986.982,994.083,1012.503,1003.652
471.32,985.408,994.919,1011.387,1003.461
471.36,985.250,995.457,1011.304,1003.206
471.40,986.479,994.965,1012.378,1003.464
471.44,987.375,994.119,1013.502,1004.173
471.48,987.551,994.346,1012.967,1004.244
471.52,986.239,995.618,1012.186,1004.025
471.56,985.686,996.512,1011.359,1004.193
471.60,986.173,996.240,1012.111,1004.367
471.64,987.508,995.243,1013.552,1004.173
471.68,987.902,994.423,1013.456,1004.365
471.72,986.611,994.668,1012.336,1004.284
471.76,985.366,995.710,1011.117,1003.441
471.80,985.040,995.765,1011.174,1003.179
471.84,986.389,994.460,1012.448,1003.491
471.88,987.586,993.284,1013.420,1003.582
471.92,987.118,993.573,1012.978,1003.444
471.96,985.621,994.907,1011.389,1003.628
472.00,985.279,996.113,1011.150,1003.608
472.04,986.305,995.993,1012.397,1003.993
472.08,987.680,995.006,1013.375,1004.703
472.12,987.847,994.754,1013.536,1004.645
472.16,986.850,995.556,1012.479,1004.203
472.20,985.514,996.254,1011.272,1004.193
472.24,985.563,996.042,1011.540,1003.892
472.28,986.845,994.904,1012.944,1003.446
472.32,987.591,993.574,1013.425,1003.776
472.36,986.791,993.566,1012.503,1003.878
472.40,985.518,994.930,1011.407,1003.079
472.44,984.999,995.772,1011.037,1003.118
472.48,986.153,995.130,1012.047,1003.923
472.52,987.705,994.314,1013.770,1004.028
472.56,987.979,994.403,1013.500,1004.181
472.60,986.525,995.416,1012.117,1004.663
472.64,985.559,996.742,1011.395,1004.314
472.68,986.189,996.855,1012.027,1003.996
472.72,987.198,995.403,1013.416,1004.645
472.76,988.323,994.233,1013.605,1004.615
472.80,986.749,994.632,1012.832,1003.922
472.84,985.337,995.553,1010.729,1003.471
472.88,984.566,995.614,1010.856,1003.293
472.92,986.267,994.522,1012.416,1002.945
472.96,987.550,993.097,1013.383,1003.355
473.00,987.017,993.003,1012.972,1003.777
473.04,985.801,994.745,1011.210,1003.226
473.08,984.524,996.211,1010.976,1003.266
473.12,986.144,995.937,1011.767,1003.982
473.16,987.701,994.753,1013.771,1004.520
473.20,988.230,994.441,1013.742,1004.516
473.24,986.397,995.369,1011.908,1004.406
473.28,985.102,996.487,1011.083,1003.799
473.32,985.716,996.193,1011.496,1003.558
473.36,986.785,994.505,1012.944,1003.935
473.40,987.575,993.344,1013.398,1003.732
473.44,986.691,993.753,1012.377,1003.186
473.48,985.005,994.821,1010.945,1003.193
473.52,985.049,995.403,1011.201,1003.174
473.56,986.752,994.977,1012.829,1003.419
473.60,987.899,994.143,1013.507,1004.447
473.64,987.172,994.647,1012.849,1004.724
473.68,985.941,996.280,1011.621,1003.883
473.72,985.539,996.836,1011.552,1003.953
473.76,986.695,995.727,1012.559,1004.631
473.80,987.972,994.560,1013.771,1004.289
473.84,987.452,994.369,1013.284,1003.915
473.88,985.921,994.953,1011.286,1003.971
473.92,984.711,995.662,1011.114,1003.367
473.96,986.047,995.313,1011.899,1002.859
474.00,987.103,993.818,1013.154,1003.809
474.04,987.435,993.325,1013.298,1004.109
474.08,986.491,994.670,1012.101,1003.314
474.12,985.344,995.998,1011.437,1003.594
474.16,985.958,996.052,1011.757,1004.446
474.20,987.446,995.551,1013.404,1004.369
474.24,988.232,995.116,1013.974,1004.515
474.28,987.264,995.262,1012.595,1005.142
474.32,985.853,996.299,1011.897,1004.388
474.36,986.000,996.706,1011.773,1003.547
474.40,986.605,995.320,1012.541,1004.325
474.44,987.412,993.947,1013.280,1004.302
474.48,987.114,994.077,1012.754,1003.168
474.52,985.503,994.666,1011.442,1003.236
474.56,984.906,994.941,1010.716,1003.507
474.60,985.766,994.877,1011.987,1002.817
474.64,986.985,994.060,1012.985,1003.210
474.68,987.181,993.518,1012.816,1004.280
474.72,986.364,994.702,1012.380,1003.770
474.76,985.954,996.162,1011.447,1003.372
474.80,985.629,996.147,1011.892,1004.533
474.84,987.347,995.488,1013.022,1004.618
474.88,988.013,995.168,1013.952,1004.113
474.92,987.221,995.099,1012.702,1004.767
474.96,985.952,995.741,1011.640,1004.535
475.00,985.672,996.358,1011.825,1003.337
475.04,986.450,995.351,1012.214,1003.707
475.08,987.141,993.813,1013.146,1004.329
475.12,987.198,993.825,1012.891,1003.427
475.16,985.726,994.767,1011.596,1003.051
475.20,985.003,995.225,1010.921,1003.561
475.24,985.911,995.076,1012.077,1003.423
475.28,987.470,994.522,1013.418,1003.485
475.32,987.597,994.129,1013.157,1004.555
475.36,986.508,995.135,1012.224,1004.517
475.40,985.768,996.708,1011.672,1003.634
475.44,986.037,996.542,1011.798,1004.273
475.48,987.159,995.208,1013.051,1004.888
475.52,987.859,994.607,1013.620,1004.038
475.56,986.863,994.736,1012.465,1003.756
475.60,985.395,995.131,1011.390,1003.950
475.64,985.735,995.440,1011.651,1003.233
475.68,986.616,994.850,1012.859,1003.268
475.72,987.337,993.896,1012.894,1004.329
475.76,986.748,994.346,1012.544,1004.025
475.80,985.940,995.677,1011.951,1003.236
475.84,985.758,995.907,1011.528,1004.024
475.88,986.725,995.324,1012.769,1004.518
475.92,987.818,995.011,1013.543,1004.036
475.96,987.198,995.002,1012.901,1004.368
476.00,986.213,995.479,1011.905,1004.531
476.04,985.927,996.139,1011.709,1003.711
476.08,986.140,995.692,1012.289,1003.672
476.12,987.167,994.439,1012.813,1004.195
476.16,987.274,994.030,1013.376,1003.857
476.20,986.657,994.648,1012.283,1003.468
476.24,985.486,995.365,1011.224,1003.870
476.28,985.448,995.645,1011.639,1003.700
476.32,986.737,995.202,1012.446,1003.447
476.36,987.157,994.228,1013.295,1004.099
476.40,987.178,994.218,1012.612,1004.204
476.44,986.129,995.292,1012.028,1003.574
476.48,985.587,995.913,1011.545,1003.724
476.52,986.223,995.491,1011.810,1004.231
476.56,986.979,994.880,1013.354,1003.935
476.60,987.506,994.530,1012.779,1003.859
476.64,986.150,994.689,1012.210,1004.175
476.68,985.852,995.414,1011.706,1003.520
476.72,986.060,995.521,1011.820,1003.382
476.76,986.362,994.729,1012.706,1004.083
476.80,987.571,994.317,1012.937,1003.924
476.84,986.930,994.730,1013.249,1003.763
476.88,986.405,995.388,1011.607,1004.315
476.92,985.570,996.050,1011.532,1004.249
476.96,986.235,996.068,1012.547,1003.625
477.00,987.401,994.934,1012.746,1004.188
477.04,987.115,994.160,1013.471,1004.509
477.08,987.112,994.773,1012.363,1003.602
477.12,985.531,995.561,1011.842,1003.599
477.16,985.877,995.526,1011.529,1004.071
477.20,986.614,995.099,1012.491,1003.849
477.24,987.213,994.648,1013.528,1003.712
477.28,987.398,994.430,1012.351,1004.264
477.32,985.881,995.183,1012.375,1004.191
477.36,986.157,996.049,1011.556,1003.470
477.40,985.945,995.705,1012.091,1004.049
477.44,987.103,994.783,1013.207,1004.347
477.48,987.804,994.536,1013.030,1003.941
477.52,986.289,994.930,1012.750,1004.032
477.56,986.155,995.559,1011.256,1004.021
477.60,985.567,995.808,1012.066,1003.744
477.64,986.831,995.189,1012.470,1003.752
477.68,987.105,994.302,1012.851,1004.176
477.72,986.733,994.357,1012.819,1003.826
477.76,986.251,995.060,1011.513,1003.408
477.80,985.290,995.360,1011.881,1003.708
477.84,986.468,995.069,1011.749,1003.750
477.88,986.675,994.612,1013.084,1003.667
477.92,987.430,994.394,1013.080,1003.873
477.96,986.681,994.781,1012.143,1004.342
478.00,985.793,995.804,1012.290,1003.930
478.04,986.584,996.208,1011.757,1003.843
478.08,986.550,995.487,1013.144,1004.631
478.12,987.759,994.932,1012.961,1004.515
478.16,986.721,995.190,1012.708,1004.024
478.20,986.120,995.501,1012.040,1003.883
478.24,985.904,995.387,1011.373,1003.898
478.28,985.988,994.954,1012.548,1003.443
478.32,987.047,994.258,1012.327,1003.346
478.36,986.206,993.829,1012.539,1003.728
478.40,986.270,994.360,1011.980,1003.247
478.44,986.043,995.038,1011.875,1003.212
478.48,986.101,995.068,1012.478,1004.077
478.52,987.287,995.119,1012.453,1004.314
478.56,986.846,995.561,1013.339,1004.244
478.60,987.148,995.818,1012.350,1004.587
478.64,986.495,996.058,1012.511,1004.789
478.68,986.902,996.107,1012.828,1004.250
478.72,987.171,995.652,1012.517,1004.393
478.76,986.612,995.085,1013.057,1004.519
478.80,986.959,995.023,1012.049,1003.747
478.84,985.655,995.029,1012.122,1003.451
478.88,985.960,994.638,1011.623,1003.454
478.92,986.065,994.210,1011.918,1003.221
478.96,986.225,993.980,1012.631,1003.026
479.00,986.716,993.960,1011.990,1003.385
479.04,985.973,994.479,1012.495,1003.699
479.08,986.580,995.315,1012.045,1003.661
479.12,986.504,995.712,1012.502,1004.259
479.16,987.215,995.761,1013.283,1004.816
479.20,987.900,995.939,1013.070,1004.914
479.24,986.798,996.327,1013.034,1004.989
479.28,986.864,996.518,1011.891,1004.702
479.32,986.277,996.176,1012.664,1004.283
479.36,987.055,995.152,1012.598,1004.016
479.40,986.764,994.235,1012.440,1003.884
479.44,986.056,994.104,1012.465,1003.205
479.48,986.074,994.283,1011.427,1002.821
479.52,985.343,994.257,1011.972,1003.281
479.56,986.531,994.272,1012.058,1003.263
479.60,986.726,994.498,1012.926,1003.535
479.64,986.923,994.894,1012.664,1004.296
479.68,986.704,995.729,1012.224,1004.547
479.72,986.399,996.542,1012.578,1004.364
479.76,986.925,996.398,1012.395,1004.742
479.80,987.202,995.715,1013.297,1004.894
479.84,987.640,995.360,1013.203,1004.387
479.88,986.697,995.258,1012.419,1004.207
479.92,985.724,995.280,1011.664,1003.910
479.96,985.780,995.128,1011.537,1003.185
480.00,985.989,994.302,1012.407,1003.057
480.04,986.868,993.378,1012.344,1003.353
480.08,986.334,993.562,1012.555,1003.210
480.12,985.950,994.535,1011.534,1003.098
480.16,985.350,995.260,1011.230,1003.581
480.20,986.077,995.384,1012.312,1003.791
480.24,987.436,995.101,1012.870,1004.018
480.28,987.167,994.903,1013.370,1004.595
480.32,987.011,995.476,1012.242,1004.492
480.36,985.943,996.259,1011.971,1004.065
480.40,986.173,996.113,1012.077,1004.130
480.44,986.955,995.147,1012.488,1004.242
480.48,987.010,994.434,1013.337,1003.851
480.52,986.843,994.379,1011.959,1003.561
480.56,985.125,994.704,1011.410,1003.474
480.60,985.362,994.956,1011.084,1002.860
480.64,985.978,994.386,1012.124,1002.870
480.68,986.824,993.484,1012.907,1003.552
480.72,986.974,993.695,1012.400,1003.628
480.76,985.889,995.003,1012.185,1003.403
480.80,985.773,995.900,1011.157,1003.904
480.84,985.950,995.899,1012.188,1004.347
480.88,987.431,995.461,1013.164,1004.150
480.92,987.513,994.950,1013.042,1004.480
480.96,986.488,995.067,1012.544,1004.491
481.00,986.174,995.709,1011.495,1003.602
481.04,985.569,995.582,1012.129,1003.527
481.08,986.843,994.564,1012.269,1003.890
481.12,986.969,994.004,1013.061,1003.731
481.16,986.599,994.315,1012.594,1003.420
481.20,985.867,994.950,1011.324,1003.655
481.24,985.470,995.411,1011.918,1003.650
481.28,986.851,995.255,1012.364,1003.614
481.32,987.105,994.709,1013.241,1004.322
481.36,987.321,994.793,1012.790,1004.481
481.40,986.444,995.690,1012.241,1004.028
481.44,986.047,996.182,1012.081,1004.081
481.48,986.538,995.732,1011.989,1004.453
481.52,986.838,995.102,1013.077,1004.109
481.56,987.072,994.726,1012.520,1003.719
481.60,986.046,994.548,1011.973,1003.780
481.64,985.893,994.740,1011.934,1003.313
481.68,986.347,994.690,1012.083,1003.151
481.72,986.470,994.334,1012.694,1003.797
481.76,986.874,994.479,1012.365,1003.931
481.80,986.424,995.268,1012.525,1003.673
481.84,986.444,995.708,1012.091,1004.181
481.88,986.483,995.759,1012.377,1004.619
481.92,987.153,995.761,1013.112,1004.208
481.96,987.396,995.519,1012.916,1004.411
482.00,986.718,995.344,1012.729,1004.766
482.04,986.593,995.664,1011.939,1004.034
482.08,985.718,995.646,1012.065,1003.637
482.12,986.508,994.847,1012.238,1003.707
482.16,986.751,994.043,1012.582,1003.689
482.20,986.453,994.038,1012.636,1003.293
482.24,986.159,994.489,1011.715,1003.251
482.28,985.741,994.860,1011.948,1003.597
482.32,986.586,995.082,1012.324,1003.735
482.36,986.951,995.118,1013.016,1004.129
482.40,987.363,995.295,1012.959,1004.594
482.44,986.793,995.882,1012.434,1004.711
482.48,986.230,996.455,1012.239,1004.397
482.52,986.720,996.186,1012.163,1004.286
482.56,986.678,995.251,1013.097,1004.380
482.60,987.541,994.564,1012.737,1003.919
482.64,986.170,994.511,1012.359,1003.644
482.68,985.696,994.754,1011.398,1003.365
482.72,985.568,994.811,1011.578,1003.074
482.76,986.058,994.323,1012.239,1003.223
482.80,986.893,993.850,1012.422,1003.488
482.84,986.393,994.152,1012.740,1003.575
482.88,986.465,995.026,1011.665,1003.639
482.92,985.686,995.691,1012.097,1004.025
482.96,986.559,995.775,1012.142,1004.193
483.00,986.946,995.453,1012.781,1004.289
483.04,987.251,995.150,1013.425,1004.310
483.08,987.195,995.159,1012.210,1004.450
483.12,985.715,995.594,1012.260,1004.123
483.16,986.232,995.739,1011.522,1003.518
483.20,985.937,994.964,1012.182,1003.730
483.24,986.724,994.074,1012.679,1003.604
483.28,986.713,993.909,1012.280,1003.204
483.32,985.685,994.230,1012.124,1003.210
483.36,985.866,994.674,1011.154,1003.342
483.40,985.722,994.984,1012.370,1003.368
483.44,987.114,994.797,1012.572,1003.739
483.48,986.891,994.730,1012.626,1004.461
483.52,986.466,995.413,1012.667,1004.182
483.56,986.713,996.089,1011.892,1003.929
483.60,986.295,995.858,1012.887,1004.596
483.64,987.527,995.415,1012.651,1004.631
483.68,986.982,995.337,1013.190,1004.196
483.72,986.695,995.358,1012.411,1004.117
483.76,986.071,995.312,1011.382,1004.147
483.80,985.723,995.217,1012.636,1003.386
483.84,987.197,994.540,1012.159,1003.293
483.88,986.347,993.834,1012.923,1004.093
483.92,986.874,994.344,1012.405,1003.499
483.96,986.020,995.271,1011.854,1003.361
484.00,985.857,995.519,1012.126,1004.125
484.04,987.118,995.414,1012.351,1004.294
484.08,987.200,995.372,1013.769,1004.191
484.12,987.684,995.411,1012.714,1004.745
484.16,986.458,995.855,1012.480,1004.893
484.20,986.275,996.444,1012.220,1004.052
484.24,986.539,996.024,1011.950,1004.102
484.28,986.561,994.813,1012.979,1004.369
484.32,987.101,994.264,1012.227,1003.579
484.36,985.593,994.290,1012.160,1002.961
484.40,985.701,994.258,1011.201,1002.974
484.44,985.527,994.093,1011.637,1003.086
484.48,986.342,994.026,1012.603,1002.882
484.52,986.911,994.035,1012.371,1003.557
484.56,986.406,994.630,1012.659,1004.160
484.60,986.606,995.811,1011.892,1004.053
484.64,986.064,996.445,1012.388,1004.355
484.68,987.171,996.125,1012.766,1004.822
484.72,987.611,995.632,1013.295,1004.878
484.76,987.307,995.553,1013.259,1004.505
484.80,986.644,995.636,1012.015,1004.359
484.84,985.933,995.636,1012.251,1003.981
484.88,986.459,995.178,1012.068,1003.590
484.92,986.386,994.355,1012.422,1003.624
484.96,986.563,993.938,1012.508,1003.389
485.00,986.307,994.172,1012.018,1003.181
485.04,985.719,994.567,1012.035,1003.387
485.08,986.258,994.882,1011.703,1003.585
485.12,986.256,995.087,1012.709,1003.777
485.16,987.154,995.126,1012.592,1004.122
485.20,986.755,995.303,1012.737,1004.488
485.24,986.833,995.785,1012.550,1004.302
485.28,986.618,995.995,1012.240,1004.314
485.32,986.537,995.769,1012.791,1004.451
485.36,987.269,995.313,1012.497,1004.252
485.40,986.532,995.049,1012.937,1004.060
485.44,986.598,994.952,1011.924,1003.826
485.48,985.757,994.928,1011.894,1003.574
485.52,986.202,994.750,1012.224,1003.260
485.56,986.618,994.270,1012.272,1003.496
485.60,986.411,994.192,1012.593,1003.741
485.64,986.527,994.730,1011.957,1003.530
485.68,985.666,995.272,1011.841,1003.688
485.72,986.170,995.362,1011.821,1003.862
485.76,986.650,995.112,1012.662,1003.886
485.80,987.003,994.801,1012.930,1004.047
485.84,986.871,994.866,1012.399,1004.156
485.88,986.165,995.386,1012.374,1003.920
485.92,986.454,995.622,1012.020,1003.832
485.96,986.452,995.296,1012.640,1004.210
486.00,987.146,994.980,1012.887,1004.142
486.04,987.016,995.012,1012.734,1004.023
486.08,986.403,995.280,1012.449,1004.146
486.12,986.432,995.529,1011.899,1004.035
486.16,986.209,995.487,1012.430,1003.890
486.20,986.886,995.081,1012.489,1003.958
486.24,986.816,994.708,1012.678,1004.057
486.28,986.463,994.837,1012.547,1003.812
486.32,986.299,995.115,1011.807,1003.632
486.36,986.046,995.123,1012.449,1003.752
486.40,987.001,994.880,1012.536,1003.893
486.44,986.904,994.833,1012.941,1004.135
486.48,986.894,995.201,1012.698,1004.184
486.52,986.664,995.739,1012.099,1004.267
486.56,986.259,995.975,1012.467,1004.347
486.60,986.894,995.743,1012.432,1004.295
486.64,986.994,995.308,1013.033,1004.253
486.68,986.994,994.981,1012.665,1004.210
486.72,986.261,995.076,1011.997,1003.944
486.76,985.798,995.197,1011.886,1003.411
486.80,986.087,994.832,1011.786,1003.371
486.84,986.411,994.136,1012.537,1003.525
486.88,986.630,993.967,1012.478,1003.402
486.92,986.207,994.435,1011.939,1003.362
486.96,985.822,994.975,1011.994,1003.546
487.00,986.497,995.220,1012.205,1003.807
487.04,986.980,995.204,1012.984,1004.226
487.08,987.381,995.336,1013.035,1004.562
487.12,987.029,995.843,1012.649,1004.642
487.16,986.439,996.326,1012.377,1004.573
487.20,986.511,996.251,1012.082,1004.431
487.24,986.751,995.560,1012.803,1004.198
487.28,987.147,994.731,1012.751,1003.999
487.32,986.446,994.338,1012.159,1003.737
487.36,985.470,994.540,1011.609,1003.135
487.40,985.672,994.551,1011.327,1002.750
487.44,985.827,993.991,1012.255,1003.137
487.48,986.775,993.659,1012.302,1003.344
487.52,986.424,994.125,1012.549,1003.334
487.56,986.290,995.009,1012.184,1003.704
487.60,986.451,995.700,1011.947,1004.289
487.64,986.642,996.056,1012.991,1004.568
487.68,987.658,996.072,1012.766,1004.751
487.72,987.106,995.944,1013.428,1005.052
487.76,987.293,996.046,1012.720,1004.733
487.80,986.545,996.095,1012.075,1004.414
487.84,985.931,995.630,1012.390,1004.015
487.88,986.753,994.829,1012.059,1003.551
487.92,986.373,993.982,1012.961,1003.377
487.96,986.525,993.686,1011.854,1003.245
488.00,985.438,994.127,1011.542,1002.984
488.04,985.468,994.624,1011.785,1002.789
488.08,986.328,994.492,1011.701,1003.453
488.12,986.397,994.396,1013.164,1003.948
488.16,987.595,994.912,1012.637,1003.889
488.20,986.544,995.639,1012.776,1004.502
488.24,986.544,996.276,1012.019,1004.836
488.28,986.606,996.649,1012.196,1004.477
488.32,986.797,996.104,1013.258,1004.427
488.36,987.641,995.083,1012.437,1004.665
488.40,986.223,994.774,1012.794,1004.077
488.44,986.070,994.972,1011.534,1003.056
488.48,985.222,994.589,1011.266,1003.097
488.52,985.668,993.832,1011.924,1003.002
488.56,986.529,993.395,1012.155,1002.633
488.60,986.116,993.444,1012.727,1002.980
488.64,986.485,994.088,1011.623,1003.554
488.68,985.855,995.281,1012.317,1003.733
488.72,986.829,996.056,1012.498,1004.137
488.76,987.493,996.106,1013.036,1005.183
488.80,987.760,996.247,1014.026,1005.472
488.84,988.038,996.760,1012.848,1005.221
488.88,986.360,997.017,1012.678,1005.316
488.92,986.694,996.698,1011.952,1004.692
488.96,986.478,995.638,1012.506,1003.932
489.00,986.593,994.188,1012.629,1003.551
489.04,986.250,993.251,1011.617,1003.024
489.08,985.097,993.270,1011.802,1002.123
489.12,985.429,993.402,1010.843,1002.043
489.16,985.054,993.375,1011.547,1002.772
489.20,986.353,993.745,1012.375,1002.811
489.24,986.862,994.347,1012.628,1003.451
489.28,986.882,995.217,1013.014,1004.655
489.32,987.399,996.503,1012.505,1005.055
489.36,986.793,997.490,1013.075,1005.289
489.40,987.666,997.500,1013.005,1005.663
489.44,987.875,996.803,1013.530,1005.686
489.48,987.572,996.214,1013.480,1005.065
489.52,986.844,995.726,1012.063,1004.331
489.56,985.437,995.138,1011.864,1003.573
489.60,985.835,994.236,1011.397,1002.686
489.64,985.762,993.091,1012.205,1002.410
489.68,986.230,992.436,1012.117,1002.444
489.72,985.724,992.911,1011.526,1002.502
489.76,985.200,994.137,1011.508,1002.633
489.80,985.770,994.990,1011.263,1003.334
489.84,986.410,995.275,1012.735,1004.152
489.88,987.941,995.508,1013.583,1004.619
489.92,987.904,996.005,1013.442,1005.343
489.96,987.032,996.916,1012.770,1005.549
490.00,986.782,997.596,1012.203,1005.032
490.04,986.620,996.994,1012.949,1004.871
490.08,987.651,995.508,1012.854,1004.765
490.12,986.906,994.458,1013.084,1004.047
490.16,986.098,994.237,1011.784,1002.982
490.20,984.910,994.079,1010.894,1002.590
490.24,985.090,993.633,1011.469,1002.349
490.28,986.087,993.078,1011.702,1002.397
490.32,985.964,993.011,1012.397,1002.826
490.36,986.364,993.796,1011.786,1003.092
490.40,985.585,995.024,1011.863,1003.563
490.44,986.454,995.876,1012.269,1004.062
490.48,987.390,996.053,1013.123,1004.858
490.52,987.849,996.119,1013.761,1005.385
490.56,987.685,996.549,1012.728,1005.334
490.60,986.364,997.004,1012.552,1004.923
490.64,986.740,996.611,1012.256,1004.431
490.68,986.785,995.332,1012.623,1004.313
490.72,986.716,994.235,1012.725,1003.719
490.76,986.159,993.812,1011.797,1002.870
490.80,985.122,993.750,1011.432,1002.529
490.84,985.127,993.636,1010.813,1002.502
490.88,985.323,993.543,1011.504,1002.401
490.92,986.016,993.445,1012.336,1002.603
490.96,986.920,993.662,1012.348,1003.365
491.00,986.316,994.645,1012.769,1004.066
491.04,986.939,996.121,1012.056,1004.284
491.08,986.459,996.927,1012.857,1005.020
491.12,987.911,996.940,1013.063,1005.532
491.16,987.793,996.667,1013.669,1005.573
491.20,987.547,996.501,1013.187,1005.156
491.24,986.667,996.236,1012.045,1004.683
491.28,985.763,995.653,1012.183,1003.908
491.32,986.410,994.526,1011.770,1003.092
491.36,985.943,993.303,1012.496,1002.889
491.40,986.270,992.794,1011.735,1002.551
491.44,985.152,993.230,1011.289,1002.336
491.48,984.995,993.950,1011.314,1002.395
491.52,985.910,994.232,1011.564,1003.022
491.56,986.775,994.411,1013.295,1003.776
491.60,987.991,994.964,1013.297,1004.518
491.64,987.233,996.215,1013.128,1005.269
491.68,987.125,997.565,1012.848,1005.413
491.72,987.350,997.986,1012.739,1005.682
491.76,987.604,997.259,1013.630,1005.835
491.80,988.029,996.308,1013.398,1005.313
491.84,986.901,995.640,1012.706,1004.427
491.88,985.679,995.014,1011.394,1003.522
491.92,985.068,994.202,1011.139,1002.533
491.96,985.541,993.001,1011.969,1001.882
492.00,986.259,991.978,1012.005,1002.190
492.04,985.710,992.224,1012.118,1002.458
492.08,985.826,993.799,1011.489,1002.444
492.12,985.579,995.196,1011.769,1003.529
492.16,986.944,995.946,1012.743,1004.738
492.20,988.170,996.487,1013.987,1005.382
492.24,988.648,997.075,1014.142,1006.025
492.28,987.875,997.728,1013.253,1006.507
492.32,987.068,998.275,1012.777,1005.838
492.36,986.984,997.719,1012.506,1005.043
492.40,986.900,995.787,1012.842,1004.716
492.44,986.902,993.985,1012.529,1003.665
492.48,985.711,993.122,1011.797,1002.270
492.52,984.695,992.747,1010.730,1001.659
492.56,984.283,992.457,1010.583,1001.576
492.60,985.303,992.433,1011.613,1001.434
492.64,986.298,992.561,1012.264,1002.390
492.68,986.488,993.560,1012.445,1003.665
492.72,986.663,995.624,1012.441,1004.136
492.76,986.915,997.370,1012.754,1004.983
492.80,987.845,997.853,1013.415,1006.339
492.84,988.673,997.812,1014.250,1006.643
492.88,988.534,997.823,1013.903,1006.170
492.92,987.210,997.435,1012.694,1005.801
492.96,986.262,996.667,1012.015,1004.701
493.00,986.086,995.189,1011.960,1003.238
493.04,985.871,993.198,1011.991,1002.635
493.08,985.724,991.820,1011.594,1001.985
493.12,984.847,991.773,1011.136,1001.171
493.16,984.607,992.403,1010.813,1001.262
493.20,985.168,992.997,1011.315,1002.252
493.24,986.438,993.836,1012.465,1003.172
493.28,987.205,995.102,1012.923,1004.278
493.32,987.277,996.586,1013.059,1005.398
493.36,987.679,997.894,1013.093,1005.932
493.40,987.549,998.398,1013.220,1006.277
493.44,987.915,997.927,1013.272,1006.151
493.48,987.531,996.911,1013.283,1005.477
493.52,987.008,995.703,1012.576,1004.410
493.56,986.021,994.499,1011.830,1003.364
493.60,985.166,993.448,1011.378,1002.364
493.64,985.115,992.571,1010.918,1001.593
493.68,984.641,991.942,1011.132,1001.436
493.72,985.247,991.951,1011.106,1001.477
493.76,985.332,992.597,1011.700,1001.969
493.80,985.983,993.721,1011.912,1002.982
493.84,986.552,995.132,1012.445,1004.057
493.88,987.348,996.483,1013.176,1004.952
493.92,987.988,997.426,1013.539,1006.000
493.96,988.118,998.007,1013.486,1006.532
494.00,987.746,998.258,1013.333,1006.242
494.04,987.460,997.757,1013.053,1005.608
494.08,987.221,996.360,1012.882,1004.976
494.12,986.860,994.867,1012.807,1004.001
494.16,986.170,993.779,1011.814,1002.932
494.20,984.866,993.116,1011.054,1002.189
494.24,984.649,992.748,1010.838,1001.530
494.28,985.151,992.351,1011.264,1001.485
494.32,985.599,992.246,1011.778,1002.161
494.36,986.205,993.089,1012.234,1002.725
494.40,986.450,994.665,1012.295,1003.538
494.44,986.633,996.187,1012.325,1004.761
494.48,987.278,997.287,1013.224,1005.532
494.52,988.275,997.774,1013.735,1005.999
494.56,988.283,997.667,1013.955,1006.479
494.60,987.898,997.490,1013.252,1006.088
494.64,986.855,997.142,1012.574,1004.995
494.68,986.425,996.014,1012.220,1004.085
494.72,986.149,994.308,1011.901,1003.485
494.76,985.605,992.986,1011.708,1002.417
494.80,985.086,992.341,1011.106,1001.408
494.84,984.615,992.072,1010.791,1001.369
494.88,984.849,992.191,1010.980,1001.662
494.92,985.459,992.865,1011.608,1001.998
494.96,986.218,993.785,1012.165,1002.961
495.00,986.638,994.959,1012.483,1004.283
495.04,987.101,996.449,1012.909,1004.922
495.08,987.599,997.525,1013.205,1005.505
495.12,987.812,997.771,1013.387,1006.291
495.16,987.929,997.593,1013.470,1006.136
495.20,987.653,997.215,1013.278,1005.298
495.24,986.953,996.225,1012.542,1004.834
495.28,986.186,995.091,1012.074,1003.982
495.32,985.810,994.097,1011.827,1002.660
495.36,985.522,993.016,1011.467,1002.097
495.40,985.195,992.260,1011.485,1002.113
495.44,985.558,992.456,1011.455,1001.747
495.48,985.409,993.153,1011.637,1002.192
495.52,985.938,993.946,1011.871,1003.244
495.56,986.761,995.079,1012.660,1004.000
495.60,987.461,996.223,1013.228,1004.847
495.64,987.647,997.047,1012.945,1005.885
495.68,987.401,997.767,1013.518,1005.996
495.72,988.202,997.898,1013.388,1005.617
495.76,987.569,997.049,1013.493,1005.919
495.80,987.524,996.210,1013.028,1005.206
495.84,986.579,995.658,1012.299,1003.872
495.88,985.567,994.704,1011.727,1003.243
495.92,985.606,993.522,1011.346,1002.704
495.96,985.684,992.733,1012.210,1001.930
496.00,985.815,992.414,1011.535,1002.089
496.04,985.190,992.879,1011.338,1002.558
496.08,985.453,994.075,1011.602,1002.496
496.12,986.253,994.873,1011.969,1003.355
496.16,986.883,995.244,1013.154,1004.723
496.20,988.145,996.040,1013.477,1005.088
496.24,987.660,997.069,1013.527,1005.506
496.28,987.278,997.688,1012.610,1005.995
496.32,987.083,997.708,1012.783,1005.554
496.36,987.342,996.918,1013.243,1004.850
496.40,987.235,995.357,1012.504,1004.700
496.44,985.980,994.296,1012.143,1003.664
496.48,985.324,993.864,1011.170,1002.043
496.52,984.794,993.009,1010.972,1001.760
496.56,985.258,992.089,1011.485,1002.049
496.60,986.003,992.155,1011.981,1001.828
496.64,985.835,993.101,1012.028,1002.411
496.68,985.916,994.411,1011.550,1003.645
496.72,986.386,995.928,1012.457,1004.220
496.76,987.474,996.875,1013.191,1005.008
496.80,988.056,997.097,1013.618,1006.194
496.84,988.225,997.375,1013.775,1006.196
496.88,987.654,997.701,1013.137,1005.606
496.92,986.825,997.203,1012.516,1005.345
496.96,986.617,996.069,1012.270,1004.564
497.00,986.410,994.725,1012.450,1003.346
497.04,986.098,993.351,1011.947,1002.704
497.08,985.213,992.542,1011.203,1002.270
497.12,984.804,992.630,1011.017,1001.464
497.16,985.050,992.800,1011.125,1001.603
497.20,985.565,992.917,1011.785,1002.688
497.24,986.532,993.701,1012.403,1003.191
497.28,986.836,995.092,1012.871,1003.833
497.32,987.243,996.334,1012.889,1005.125
497.36,987.623,997.378,1013.177,1005.957
497.40,987.961,998.082,1013.651,1005.985
497.44,987.983,997.947,1013.416,1006.223
497.48,987.628,997.238,1013.351,1005.935
497.52,987.311,996.454,1012.968,1004.782
497.56,986.519,995.369,1012.195,1003.933
497.60,985.707,994.115,1011.786,1003.208
497.64,985.810,993.197,1011.600,1002.162
497.68,985.094,992.539,1011.529,1001.867
497.72,985.375,992.388,1011.108,1001.949
497.76,985.274,992.915,1011.818,1002.102
497.80,986.077,993.754,1011.744,1002.747
497.84,986.279,994.674,1012.292,1003.882
497.88,987.199,995.833,1013.203,1004.513
497.92,987.929,996.781,1013.152,1005.383
497.96,987.597,997.453,1013.646,1006.228
498.00,988.013,997.944,1013.153,1006.015
498.04,987.454,997.788,1013.319,1005.654
498.08,987.457,996.743,1013.136,1005.378
498.12,987.176,995.564,1012.512,1004.612
498.16,985.983,994.662,1012.312,1003.363
498.20,985.686,993.791,1011.204,1002.531
498.24,984.887,992.916,1011.246,1002.172
498.28,985.295,992.438,1011.234,1001.683
498.32,985.321,992.434,1011.486,1001.767
498.36,985.590,992.880,1011.837,1002.452
498.40,986.136,993.929,1011.758,1003.141
498.44,986.219,995.268,1012.520,1003.869
498.48,987.291,996.289,1012.694,1004.775
498.52,987.504,996.869,1013.457,1005.718
498.56,987.939,997.390,1013.425,1005.878
498.60,987.649,997.539,1013.178,1005.693
498.64,987.244,997.111,1013.076,1005.451
498.68,987.083,996.237,1012.259,1004.825
498.72,985.959,995.195,1012.304,1003.775
498.76,985.944,994.052,1011.487,1002.720
498.80,985.245,992.878,1011.470,1002.218
498.84,985.166,992.237,1011.260,1001.727
498.88,985.191,992.293,1011.068,1001.518
498.92,985.089,992.743,1011.793,1002.020
498.96,986.243,993.563,1011.713,1002.904
499.00,986.502,994.746,1012.910,1003.858
499.04,987.517,996.098,1013.039,1004.861
499.08,987.626,997.275,1013.204,1005.901
499.12,987.753,998.139,1013.563,1006.254
499.16,988.056,998.268,1013.175,1006.230
499.20,987.575,997.590,1013.700,1005.968
499.24,987.797,996.487,1013.104,1005.176
499.28,986.839,995.376,1012.702,1004.231
499.32,985.915,994.396,1011.797,1003.337
499.36,984.988,993.624,1010.671,1002.382
499.40,984.541,992.855,1011.253,1001.474
499.44,985.410,991.934,1011.164,1001.400
499.48,985.564,991.670,1012.017,1001.937
499.52,985.955,992.686,1011.888,1002.336
499.56,985.798,994.442,1011.499,1003.171
499.60,986.172,995.985,1012.539,1004.289
499.64,987.833,996.851,1013.004,1005.373
499.68,988.181,997.356,1014.339,1006.200
499.72,988.718,997.758,1013.874,1006.461
499.76,987.614,998.098,1013.108,1006.314
499.80,986.827,997.839,1012.758,1005.492
499.84,987.000,996.580,1012.179,1004.568
499.88,986.244,994.582,1012.721,1003.826
499.92,986.381,993.085,1011.858,1002.580
499.96,985.041,992.393,1011.396,1001.682
500.00,984.749,992.276,1010.896,1001.410
500.04,984.975,992.421,1010.901,1001.717
500.08,985.486,992.976,1012.196,1002.228
500.12,986.951,993.818,1012.338,1003.253
500.16,986.912,995.163,1013.219,1004.637
500.20,987.577,996.928,1012.856,1005.407
500.24,987.352,998.288,1013.065,1006.018
500.28,987.782,998.517,1013.579,1006.420
500.32,988.429,997.787,1013.406,1006.322
500.36,987.503,996.838,1013.644,1005.566
500.40,986.974,995.879,1012.045,1004.363
500.44,985.492,994.735,1011.668,1003.230
500.48,985.332,993.408,1011.493,1002.261
500.52,985.530,992.154,1011.307,1001.699
500.56,985.169,991.643,1011.921,1001.571
500.60,985.588,992.182,1011.023,1001.766
500.64,984.942,993.403,1011.465,1002.410
500.68,986.005,994.704,1011.745,1003.287
500.72,986.888,995.621,1012.781,1004.398
500.76,987.798,996.357,1013.682,1005.382
500.80,988.073,997.218,1013.259,1005.954
500.84,987.429,997.966,1013.409,1005.983
500.88,987.491,997.936,1012.673,1005.758
500.92,987.177,997.014,1013.076,1005.330
500.96,987.360,995.640,1013.164,1004.449
501.00,986.706,994.388,1012.099,1003.682
501.04,985.161,993.708,1011.583,1002.768
501.08,985.097,993.346,1010.750,1001.760
501.12,984.980,992.668,1011.619,1001.780
501.16,986.107,992.239,1011.954,1002.295
501.20,986.270,992.896,1012.332,1002.725
501.24,986.164,994.499,1012.343,1003.308
501.28,986.492,996.004,1011.925,1004.463
501.32,986.997,997.023,1013.212,1005.320
501.36,988.399,997.392,1013.562,1005.793
501.40,987.941,997.376,1013.811,1006.308
501.44,987.755,997.396,1013.130,1005.799
501.48,987.007,997.096,1012.778,1004.940
501.52,986.524,995.949,1012.264,1004.489
501.56,986.065,994.573,1011.729,1003.648
501.60,985.519,993.495,1011.955,1002.229
501.64,985.449,992.492,1011.036,1001.775
501.68,984.801,991.989,1011.530,1001.853
501.72,985.605,992.363,1011.283,1001.618
501.76,985.364,993.229,1011.604,1002.294
501.80,985.958,994.234,1012.117,1003.462
501.84,987.189,995.425,1012.711,1004.210
501.88,987.559,996.545,1013.718,1005.259
501.92,988.204,997.413,1013.237,1006.269
501.96,987.629,998.181,1013.635,1006.365
502.00,987.985,998.328,1013.229,1005.906
502.04,987.226,997.402,1012.748,1005.859
502.08,986.742,996.078,1012.808,1004.730
502.12,986.697,994.733,1012.348,1003.148
502.16,985.728,993.224,1011.804,1002.709
502.20,984.967,992.390,1010.944,1002.137
502.24,984.769,992.467,1011.052,1000.986
502.28,985.033,992.393,1011.341,1001.468
502.32,985.786,992.480,1011.608,1002.752
502.36,986.384,993.773,1012.722,1003.022
502.40,987.004,995.488,1012.437,1003.894
502.44,986.703,996.697,1012.460,1005.641
502.48,987.407,997.773,1013.211,1005.836
502.52,988.366,998.096,1013.654,1005.608
502.56,987.912,997.279,1013.827,1006.483
502.60,987.682,996.663,1012.774,1005.754
502.64,986.387,996.434,1012.644,1003.863
502.68,985.929,995.146,1011.675,1003.442
502.72,985.802,993.356,1011.497,1003.202
502.76,985.516,992.537,1012.256,1001.746
502.80,985.626,992.278,1011.015,1001.413
502.84,984.533,992.344,1011.219,1002.276
502.88,985.500,993.285,1011.252,1002.173
502.92,986.053,994.323,1012.247,1002.677
502.96,986.875,994.824,1012.894,1004.491
503.00,987.714,995.894,1012.837,1005.261
503.04,987.233,997.435,1013.517,1005.192
503.08,987.568,997.981,1012.521,1005.901
503.12,987.216,997.599,1013.210,1006.220
503.16,987.955,996.933,1013.668,1005.056
503.20,987.494,995.811,1012.892,1004.641
503.24,986.181,994.746,1012.348,1004.292
503.28,985.792,994.372,1011.374,1002.731
503.32,985.117,993.767,1011.597,1002.020
503.36,985.675,992.664,1011.477,1002.488
503.40,985.881,992.405,1011.961,1002.408
503.44,985.863,993.290,1012.152,1002.161
503.48,985.994,994.268,1011.463,1003.273
503.52,985.955,995.257,1012.505,1004.296
503.56,987.566,996.284,1012.759,1004.404
503.60,987.275,996.677,1013.464,1005.434
503.64,988.054,996.902,1013.338,1005.896
503.68,987.693,997.224,1013.414,1005.448
503.72,987.317,997.090,1013.036,1005.250
503.76,986.890,996.356,1012.295,1005.114
503.80,986.453,995.548,1012.713,1004.034
503.84,986.535,994.563,1012.054,1003.159
503.88,985.541,993.469,1011.664,1003.066
503.92,985.288,993.097,1011.273,1002.219
503.96,985.237,993.103,1011.415,1001.604
504.00,985.659,992.891,1011.862,1002.426
504.04,986.332,993.223,1011.989,1003.227
504.08,986.229,994.578,1012.380,1003.355
504.12,986.477,995.891,1012.026,1004.106
504.16,986.616,996.520,1012.583,1005.171
504.20,987.801,996.832,1013.570,1005.253
504.24,988.229,996.762,1013.791,1005.452
504.28,987.535,996.609,1013.156,1005.837
504.32,986.730,996.766,1012.285,1004.940
504.36,986.063,996.413,1012.060,1003.855
504.40,986.032,994.881,1011.776,1003.700
504.44,986.145,993.302,1012.231,1003.018
504.48,986.022,992.635,1012.140,1001.940
504.52,985.303,992.632,1011.180,1002.014
504.56,984.737,993.073,1010.871,1002.376
504.60,985.323,993.890,1011.299,1002.272
504.64,986.186,994.294,1012.392,1003.032
504.68,987.190,994.532,1012.776,1004.445
504.72,987.274,995.633,1013.077,1004.787
504.76,987.226,997.047,1012.994,1004.845
504.80,987.061,997.507,1012.621,1005.756
504.84,987.577,997.275,1013.203,1005.811
504.88,987.881,996.780,1013.641,1005.084
504.92,987.421,995.895,1012.808,1004.921
504.96,986.153,995.236,1012.059,1004.321
505.00,985.690,994.863,1011.633,1002.861
505.04,985.528,993.870,1011.731,1002.414
505.08,985.993,992.647,1011.877,1002.744
505.12,985.932,992.558,1012.041,1002.393
505.16,985.604,993.464,1011.556,1002.211
505.20,985.354,994.319,1011.362,1003.136
505.24,986.263,995.001,1012.246,1003.767
505.28,987.363,995.536,1013.182,1004.268
505.32,987.637,995.951,1013.346,1005.233
505.36,987.395,996.675,1012.848,1005.583
505.40,986.858,997.422,1012.514,1005.079
505.44,986.677,997.098,1012.619,1004.944
505.48,987.295,995.814,1012.958,1004.787
505.52,987.150,994.698,1012.856,1004.098
505.56,986.088,994.241,1011.877,1003.230
505.60,985.092,994.067,1011.189,1002.574
505.64,985.197,993.611,1011.326,1002.276
505.68,985.838,993.043,1011.804,1002.432
505.72,986.196,992.987,1012.460,1002.719
505.76,986.517,993.784,1012.113,1003.155
505.80,985.827,995.065,1011.802,1003.837
505.84,986.347,996.161,1012.176,1004.216
505.88,987.302,996.504,1013.146,1004.826
505.92,987.980,996.273,1013.554,1005.653
505.96,987.699,996.489,1013.354,1005.485
506.00,987.059,996.912,1012.679,1004.795
506.04,986.497,996.551,1012.371,1004.712
506.08,986.703,995.522,1012.522,1004.393
506.12,986.677,994.570,1012.376,1003.548
506.16,985.976,993.877,1012.046,1003.007
506.20,985.406,993.549,1011.233,1002.658
506.24,985.219,993.490,1011.412,1002.213
506.28,985.785,993.369,1011.878,1002.335
506.32,986.294,993.368,1012.215,1003.187
506.36,986.526,994.205,1012.513,1003.614
506.40,986.566,995.513,1012.151,1003.958
506.44,986.380,996.416,1012.470,1004.782
506.48,987.350,996.728,1013.076,1005.148
506.52,988.113,996.615,1013.715,1005.301
506.56,987.833,996.398,1013.608,1005.600
506.60,987.202,996.530,1012.539,1005.165
506.64,986.218,996.557,1012.296,1004.301
506.68,986.401,995.632,1012.009,1003.868
506.72,986.429,994.203,1012.458,1003.669
506.76,986.466,993.374,1012.297,1002.903
506.80,985.577,993.329,1011.490,1002.445
506.84,984.921,993.604,1011.118,1002.431
506.88,985.443,993.833,1011.347,1002.514
506.92,986.288,993.892,1012.646,1003.002
506.96,987.309,994.156,1012.869,1003.943
507.00,986.922,995.249,1012.879,1004.619
507.04,986.880,996.778,1012.511,1004.696
507.08,986.949,997.448,1012.631,1005.281
507.12,987.532,997.086,1013.318,1005.747
507.16,988.131,996.533,1013.690,1005.359
507.20,987.593,996.052,1013.467,1004.906
507.24,986.499,995.697,1011.862,1004.579
507.28,985.294,995.400,1011.517,1003.477
507.32,985.668,994.510,1011.575,1002.432
507.36,985.902,992.893,1011.896,1002.687
507.40,985.897,992.143,1012.148,1002.461
507.44,985.800,992.848,1011.558,1001.812
507.48,985.029,993.760,1011.390,1002.530
507.52,985.942,994.505,1011.605,1003.563
507.56,986.937,995.306,1013.170,1004.001
507.60,987.951,995.931,1013.437,1004.925
507.64,987.628,996.634,1013.218,1005.986
507.68,987.572,997.697,1013.373,1005.664
507.72,987.651,997.980,1013.064,1005.558
507.76,987.399,997.112,1013.261,1005.966
507.80,987.467,996.173,1012.853,1005.039
507.84,986.481,995.422,1012.409,1003.655
507.88,985.501,994.310,1011.449,1003.146
507.92,985.234,993.202,1011.212,1002.383
507.96,985.536,992.504,1011.889,1001.459
508.00,985.674,992.065,1011.494,1001.973
508.04,985.302,992.587,1011.452,1002.531
508.08,985.556,994.059,1011.590,1002.460
508.12,986.038,995.162,1011.946,1003.482
508.16,986.963,995.607,1012.909,1004.938
508.20,987.858,996.309,1013.274,1005.265
508.24,987.599,997.133,1013.345,1005.344
508.28,987.249,997.395,1012.826,1005.731
508.32,987.151,997.107,1012.669,1005.393
508.36,987.028,996.369,1013.136,1004.557
508.40,987.081,995.135,1012.444,1004.197
508.44,986.044,994.115,1012.171,1003.650
508.48,985.540,993.861,1011.440,1002.423
508.52,984.911,993.475,1010.915,1002.043
508.56,985.071,992.838,1011.320,1002.223
508.60,986.010,992.671,1011.908,1002.151
508.64,986.178,993.163,1012.510,1002.595
508.68,986.445,994.201,1011.923,1003.665
508.72,986.099,995.697,1012.133,1004.287
508.76,986.816,996.896,1012.719,1004.602
508.80,987.773,996.962,1013.287,1005.504
508.84,988.098,996.689,1013.916,1006.096
508.88,988.014,996.922,1013.261,1005.460
508.92,986.524,997.004,1012.386,1004.933
508.96,986.033,996.249,1011.687,1004.411
509.00,986.182,994.926,1012.157,1003.384
509.04,986.415,993.363,1012.465,1002.703
509.08,985.892,992.417,1011.745,1002.565
509.12,985.143,992.725,1011.344,1001.963
509.16,984.968,993.493,1010.964,1001.835
509.20,985.322,993.779,1011.383,1002.846
509.24,986.397,994.136,1012.324,1003.500
509.28,987.211,994.905,1013.025,1003.863
509.32,987.163,995.794,1012.971,1004.864
509.36,987.158,996.798,1012.752,1005.464
509.40,987.337,997.515,1013.089,1005.295
509.44,987.502,997.283,1013.134,1005.539
509.48,987.655,996.442,1013.249,1005.512
509.52,987.298,995.864,1013.189,1004.616
509.56,986.447,995.323,1012.014,1003.916
509.60,985.473,994.645,1011.414,1003.392
509.64,985.634,993.900,1011.867,1002.449
509.68,985.996,993.008,1011.824,1002.357
509.72,985.723,992.613,1011.984,1002.694
509.76,985.949,993.372,1011.629,1002.478
509.80,985.453,994.433,1011.663,1002.928
509.84,986.195,995.086,1012.065,1003.864
509.88,987.260,995.579,1013.189,1004.501
509.92,988.039,996.089,1013.782,1005.090
509.96,987.663,996.731,1012.939,1005.849
510.00,986.687,997.545,1012.667,1005.521
510.04,986.884,997.575,1012.378,1004.763
510.08,986.935,996.135,1012.984,1004.837
510.12,987.360,994.548,1013.016,1004.334
510.16,986.433,993.987,1012.229,1003.157
510.20,985.173,993.879,1011.375,1002.433
510.24,984.966,993.568,1010.699,1002.404
510.28,985.368,993.254,1011.776,1002.228
510.32,986.494,993.055,1012.439,1002.464
510.36,986.595,993.417,1012.332,1003.459
510.40,986.158,994.839,1012.213,1003.890
510.44,986.501,996.410,1012.117,1004.056
510.48,986.993,996.857,1013.042,1005.141
510.52,988.186,996.638,1013.717,1005.925
510.56,988.511,996.770,1014.080,1005.621
510.60,987.672,997.052,1013.424,1005.527
510.64,986.724,997.009,1011.961,1005.442
510.68,986.111,996.592,1012.443,1004.310
510.72,986.852,995.226,1012.461,1003.497
510.76,986.569,993.463,1012.524,1003.640
510.80,986.158,992.932,1012.166,1002.748
510.84,985.368,993.473,1011.115,1001.915
510.88,984.529,993.731,1011.016,1002.427
510.92,985.826,993.752,1011.419,1002.846
510.96,986.781,993.953,1013.398,1003.034
511.00,987.693,994.441,1012.995,1004.241
511.04,986.638,995.729,1012.345,1005.227
511.08,986.327,997.520,1012.551,1004.642
511.12,987.238,997.743,1012.465,1005.020
511.16,987.609,996.474,1013.684,1006.048
511.20,988.368,995.756,1013.739,1005.153
511.24,986.925,995.770,1012.686,1004.093
511.28,985.407,995.423,1011.210,1003.976
511.32,985.221,994.759,1011.137,1003.103
511.36,986.055,993.700,1012.546,1002.083
511.40,986.746,992.351,1012.361,1002.789
511.44,986.065,992.460,1012.016,1003.105
511.48,985.437,994.274,1011.738,1002.328
511.52,985.734,995.422,1011.279,1003.219
511.56,986.399,995.466,1012.633,1004.915
511.60,988.104,995.835,1013.595,1004.830
511.64,987.738,996.456,1013.434,1004.985
511.68,986.820,996.822,1012.485,1005.685
511.72,986.606,997.045,1012.035,1004.973
511.76,986.671,996.519,1012.874,1004.039
511.80,987.110,994.832,1012.541,1004.331
511.84,986.575,993.734,1012.451,1003.816
511.88,985.695,993.912,1011.707,1002.321
511.92,984.722,993.880,1010.498,1002.265
511.96,984.809,993.399,1011.377,1002.531
512.00,986.544,993.071,1012.322,1002.229
512.04,986.632,993.182,1012.790,1003.073
512.08,986.318,994.215,1012.071,1004.037
512.12,986.047,996.050,1011.871,1003.927
512.16,986.349,997.002,1012.363,1004.426
512.20,987.447,996.542,1012.857,1005.573
512.24,987.885,996.100,1013.849,1005.348
512.28,987.745,996.137,1013.107,1004.620
512.32,986.104,995.991,1011.774,1004.691
512.36,985.385,995.661,1011.300,1003.826
512.40,985.899,994.749,1011.852,1002.565
512.44,986.231,993.053,1012.524,1002.783
512.48,986.388,992.127,1012.011,1002.920
512.52,985.522,993.108,1011.950,1002.026
512.56,985.329,994.282,1011.180,1002.384
512.60,985.694,994.692,1011.604,1003.866
512.64,987.016,995.215,1013.151,1004.180
512.68,987.977,995.856,1013.330,1004.537
512.72,987.236,996.360,1013.268,1005.730
512.76,987.364,997.216,1012.562,1005.534
512.80,986.806,997.590,1012.846,1004.892
512.84,987.117,996.633,1012.745,1005.105
512.88,987.179,995.267,1012.650,1004.772
512.92,986.430,994.567,1012.757,1003.348
512.96,985.855,994.000,1011.221,1002.710
513.00,984.790,993.370,1011.205,1002.664
513.04,985.552,993.124,1011.641,1001.913
513.08,986.111,992.953,1012.079,1002.169
513.12,986.099,993.129,1012.115,1003.343
513.16,986.061,994.441,1011.705,1003.488
513.20,986.118,995.970,1012.164,1003.529
513.24,986.684,996.274,1012.411,1004.876
513.28,987.540,996.158,1013.110,1005.491
513.32,987.814,996.474,1013.742,1004.833
513.36,987.344,996.462,1012.719,1005.080
513.40,986.577,996.216,1012.479,1005.139
513.44,986.723,996.002,1012.462,1003.996
513.48,986.442,995.131,1012.379,1003.655
513.52,986.494,994.029,1012.484,1003.748
513.56,986.547,993.748,1012.370,1003.055
513.60,985.803,994.023,1011.796,1002.842
513.64,985.392,994.317,1011.282,1003.228
513.68,985.887,994.564,1011.925,1003.170
513.72,986.683,994.609,1012.700,1003.416
513.76,987.017,994.593,1012.589,1004.286
513.80,986.690,995.318,1012.672,1004.379
513.84,986.758,996.255,1012.468,1004.138
513.88,986.746,996.343,1012.574,1004.825
513.92,987.241,995.992,1012.974,1005.097
513.96,987.411,995.856,1013.125,1004.480
514.00,987.021,995.646,1012.831,1004.352
514.04,986.466,995.319,1012.236,1004.433
514.08,986.410,995.224,1012.254,1003.676
514.12,986.406,994.915,1012.499,1003.396
514.16,986.479,994.282,1012.154,1003.835
514.20,986.323,994.274,1012.290,1003.522
514.24,986.049,994.737,1011.952,1003.115
514.28,985.927,994.781,1011.804,1003.566
514.32,986.392,994.724,1012.390,1003.840
514.36,986.850,994.882,1012.571,1003.733
514.40,986.738,995.107,1012.692,1004.053
514.44,986.739,995.374,1012.415,1004.443
514.48,986.504,995.843,1012.331,1004.288
514.52,986.516,995.941,1012.487,1004.168
514.56,986.853,995.514,1012.429,1004.362
514.60,986.831,995.050,1012.864,1004.185
514.64,986.800,994.917,1012.279,1003.784
514.68,985.955,994.870,1011.919,1003.703
514.72,986.054,994.814,1012.139,1003.379
514.76,986.459,994.509,1012.202,1003.426
514.80,986.408,994.299,1012.392,1003.693
514.84,986.353,994.554,1011.993,1003.611
514.88,985.999,995.068,1012.229,1003.457
514.92,986.532,995.158,1012.127,1003.843
514.96,986.582,995.056,1012.462,1004.283
515.00,986.674,995.295,1012.570,1004.037
515.04,986.624,995.462,1012.245,1003.944
515.08,986.404,995.336,1012.476,1004.185
515.12,986.789,995.176,1012.397,1004.092
515.16,986.724,995.127,1012.757,1003.872
515.20,986.693,995.012,1012.533,1004.041
515.24,986.496,995.075,1012.222,1004.101
515.28,986.194,995.311,1012.203,1003.749
515.32,986.422,995.232,1012.135,1003.687
515.36,986.543,994.801,1012.521,1003.963
515.40,986.681,994.665,1012.379,1003.869
515.44,986.187,994.907,1012.056,1003.585
515.48,985.913,995.032,1011.866,1003.529
515.52,986.200,994.832,1012.002,1003.626
515.56,986.499,994.563,1012.699,1003.626
515.60,987.001,994.536,1012.726,1003.729
515.64,986.635,994.844,1012.512,1004.080
515.68,986.488,995.491,1012.211,1004.140
515.72,986.418,995.943,1012.245,1004.182
515.76,986.799,995.804,1012.792,1004.417
515.80,987.435,995.439,1013.046,1004.586
515.84,987.067,995.370,1012.977,1004.514
515.88,986.727,995.598,1012.344,1004.205
515.92,985.990,995.644,1011.920,1004.065
515.96,986.144,995.279,1011.994,1003.746
516.00,986.596,994.584,1012.638,1003.446
516.04,986.713,993.973,1012.557,1003.563
516.08,986.404,994.077,1012.144,1003.505
516.12,985.676,994.796,1011.830,1003.235
516.16,985.885,995.144,1011.363,1003.407
516.20,986.069,994.932,1012.459,1003.806
516.24,987.277,994.718,1013.011,1003.872
516.28,987.290,994.829,1013.002,1004.210
516.32,986.547,995.462,1012.550,1004.530
516.36,986.528,996.278,1011.888,1004.241
516.40,986.316,996.330,1012.609,1004.345
516.44,987.328,995.583,1012.822,1004.651
516.48,987.314,995.024,1013.193,1004.445
516.52,986.788,995.095,1012.607,1003.962
516.56,985.903,995.282,1011.343,1003.772
516.60,985.262,995.176,1011.735,1003.434
516.64,986.445,994.509,1012.027,1002.968
516.68,986.519,993.594,1012.785,1003.387
516.72,986.641,993.523,1012.134,1003.479
516.76,985.637,994.532,1011.686,1003.027
516.80,985.656,995.251,1011.797,1003.255
516.84,986.506,995.120,1011.991,1004.154
516.88,987.029,995.045,1013.417,1004.363
516.92,987.800,995.414,1013.111,1004.278
516.96,986.699,995.868,1012.428,1004.921
517.00,986.296,996.431,1012.289,1004.702
517.04,987.012,996.470,1012.557,1004.101
517.08,986.921,995.475,1013.155,1004.696
517.12,987.355,994.743,1012.599,1004.552
517.16,986.363,994.983,1012.481,1003.418
517.20,985.613,995.008,1011.361,1003.249
517.24,985.531,994.472,1011.331,1003.428
517.28,986.012,994.005,1012.498,1002.849
517.32,986.854,993.626,1012.308,1002.882
517.36,986.125,993.683,1012.415,1003.697
517.40,986.124,994.741,1011.591,1003.492
517.44,985.829,995.756,1011.963,1003.408
517.48,986.589,995.650,1012.479,1004.397
517.52,987.501,995.333,1012.871,1004.915
517.56,987.311,995.684,1013.461,1004.400
517.60,986.854,995.989,1011.963,1004.495
517.64,985.650,996.009,1011.958,1004.572
517.68,986.599,995.715,1012.239,1003.596
517.72,986.654,994.629,1012.569,1003.630
517.76,986.661,993.704,1012.811,1003.793
517.80,986.696,993.979,1012.040,1003.075
517.84,985.392,994.634,1011.924,1003.079
517.88,986.000,994.880,1011.462,1003.580
517.92,986.412,994.889,1012.703,1003.802
517.96,987.357,994.955,1013.077,1004.015
518.00,987.060,995.255,1012.534,1004.674
518.04,986.377,996.002,1012.789,1004.541
518.08,986.974,996.485,1012.075,1004.230
518.12,986.418,996.022,1012.840,1004.773
518.16,987.358,995.355,1012.685,1004.543
518.20,986.818,995.114,1012.805,1003.851
518.24,986.308,994.843,1012.252,1003.703
518.28,985.868,994.663,1011.314,1003.638
518.32,985.439,994.592,1012.071,1002.923
518.36,986.600,994.148,1011.993,1002.812
518.40,986.393,993.599,1012.888,1003.665
518.44,986.998,994.086,1012.643,1003.655
518.48,986.494,995.332,1012.297,1003.726
518.52,986.347,996.148,1012.405,1004.550
518.56,987.085,996.429,1012.422,1005.111
518.60,987.357,996.509,1013.750,1004.872
518.64,988.038,996.186,1013.143,1005.076
518.68,986.965,995.955,1012.785,1005.253
518.72,986.372,996.130,1012.290,1004.197
518.76,986.252,995.700,1011.722,1003.531
518.80,985.901,994.398,1012.410,1003.719
518.84,986.790,993.496,1012.194,1003.134
518.88,986.039,993.441,1012.336,1002.541
518.92,985.511,993.743,1011.267,1002.917
518.96,985.375,994.259,1011.209,1003.034
519.00,985.993,994.697,1012.586,1002.951
519.04,987.312,994.608,1012.588,1004.006
519.08,987.126,994.953,1013.522,1004.879
519.12,987.568,996.225,1012.849,1004.621
519.16,986.571,997.171,1012.383,1005.079
519.20,986.699,997.190,1012.620,1005.438
519.24,987.751,996.552,1013.033,1004.900
519.28,987.364,995.559,1013.767,1004.622
519.32,987.260,994.857,1012.189,1004.454
519.36,985.518,994.888,1011.936,1003.505
519.40,985.591,994.816,1011.507,1002.573
519.44,985.672,993.806,1011.459,1002.992
519.48,986.183,993.065,1012.728,1002.960
519.52,987.071,993.397,1012.591,1002.651
519.56,985.904,994.147,1012.051,1003.651
519.60,985.878,995.423,1011.466,1004.095
519.64,986.299,996.434,1012.353,1003.866
519.68,987.348,996.168,1013.225,1004.807
519.72,988.088,995.611,1013.386,1005.604
519.76,987.434,996.106,1013.493,1004.895
519.80,986.730,996.695,1011.959,1004.441
519.84,985.590,996.302,1011.631,1004.657
519.88,986.350,995.364,1012.323,1003.700
519.92,986.937,994.092,1012.706,1003.015
519.96,986.272,993.014,1012.497,1003.320
520.00,985.909,993.291,1011.466,1002.758
520.04,985.142,994.241,1011.568,1002.227
520.08,985.664,994.457,1011.506,1003.183
520.12,986.558,994.373,1012.388,1003.986
520.16,987.270,994.947,1013.396,1003.876
520.20,987.323,995.679,1012.545,1004.558
520.24,986.315,996.396,1012.442,1005.230
520.28,986.972,996.992,1012.504,1004.624
520.32,987.171,996.578,1013.142,1004.734
520.36,987.603,995.450,1013.125,1005.195
520.40,987.095,995.179,1012.826,1004.395
520.44,986.136,995.351,1012.002,1003.352
520.48,985.371,994.891,1011.065,1003.494
520.52,985.528,994.113,1011.834,1003.047
520.56,986.537,993.489,1012.530,1002.352
520.60,986.522,993.034,1012.485,1003.051
520.64,985.984,993.604,1011.807,1003.548
520.68,985.725,995.169,1011.811,1003.032
520.72,986.360,995.903,1012.409,1003.760
520.76,987.457,995.579,1012.992,1005.357
520.80,987.953,995.979,1013.749,1005.283
520.84,987.607,996.866,1013.200,1004.839
520.88,986.501,997.031,1012.038,1005.493
520.92,986.486,996.707,1012.332,1004.945
520.96,987.134,995.877,1013.282,1003.739
521.00,987.339,994.304,1012.892,1004.094
521.04,986.397,993.630,1012.392,1003.908
521.08,985.770,994.365,1011.562,1002.394
521.12,984.812,994.533,1010.983,1002.562
521.16,985.620,993.870,1011.438,1003.338
521.20,986.717,993.676,1013.052,1002.956
521.24,987.307,993.986,1013.035,1003.287
521.28,986.510,994.762,1012.049,1004.597
521.32,986.111,996.303,1012.153,1004.348
521.36,986.872,997.109,1012.574,1004.239
521.40,987.421,996.364,1013.200,1005.591
521.44,988.090,995.792,1013.665,1005.539
521.48,987.570,996.140,1013.356,1004.368
521.52,986.185,996.119,1011.777,1004.518
521.56,985.642,995.610,1011.510,1004.237
521.60,986.379,994.913,1012.598,1002.899
521.64,986.906,993.599,1012.528,1003.114
521.68,986.108,992.938,1012.119,1003.635
521.72,985.608,993.972,1011.508,1002.406
521.76,985.103,994.790,1011.197,1002.388
521.80,985.767,994.439,1011.712,1003.771
521.84,987.072,994.311,1012.928,1003.881
521.88,987.382,994.939,1013.466,1003.721
521.92,986.834,995.568,1012.053,1004.835
521.96,985.977,996.435,1012.080,1004.925
522.00,986.922,996.942,1012.553,1004.000
522.04,987.290,995.900,1013.234,1004.824
522.08,987.713,994.844,1013.406,1005.220
522.12,987.245,995.207,1012.798,1003.918
522.16,985.783,995.680,1011.842,1003.571
522.20,985.496,995.257,1011.035,1004.007
522.24,986.122,994.659,1012.568,1003.170
522.28,987.135,993.894,1012.764,1002.936
522.32,986.371,993.396,1012.204,1003.876
522.36,985.815,994.328,1011.916,1003.266
522.40,985.773,995.479,1011.426,1002.771
522.44,986.073,995.192,1012.395,1004.075
522.48,987.749,994.779,1013.291,1004.682
522.52,987.842,995.362,1013.712,1004.365
522.56,986.956,996.206,1012.469,1004.915
522.60,986.148,996.846,1011.746,1005.145
522.64,986.637,996.904,1012.839,1004.289
522.68,987.731,995.724,1013.183,1004.481
522.72,987.352,994.459,1013.282,1004.958
522.76,986.654,994.714,1012.277,1003.648
522.80,985.324,995.276,1011.341,1002.813
522.84,985.144,994.703,1011.352,1003.369
522.88,986.533,993.803,1012.205,1003.224
522.92,986.932,993.522,1013.361,1002.872
522.96,986.850,993.808,1012.225,1003.672
523.00,985.726,995.010,1011.699,1004.062
523.04,985.872,996.286,1011.815,1003.616
523.08,986.619,996.219,1012.418,1004.341
523.12,987.684,995.369,1013.656,1005.141
523.16,988.212,995.371,1013.669,1004.784
523.20,986.748,996.019,1012.520,1004.543
523.24,985.561,996.462,1011.079,1004.463
523.28,985.647,996.083,1011.783,1003.669
523.32,986.895,994.595,1012.880,1003.277
523.36,987.116,993.074,1012.985,1003.728
523.40,986.568,993.232,1012.436,1003.104
523.44,985.385,994.535,1011.255,1002.580
523.48,984.805,995.147,1010.861,1003.294
523.52,985.963,994.953,1011.840,1003.636
523.56,987.309,994.548,1013.412,1003.564
523.60,987.667,994.373,1013.400,1004.318
523.64,986.928,995.247,1012.534,1004.783
523.68,986.231,996.683,1012.151,1004.249
523.72,986.362,997.017,1012.034,1004.516
523.76,986.977,996.047,1012.853,1005.093
523.80,987.808,995.196,1013.568,1004.494
523.84,987.247,994.924,1013.018,1003.949
523.88,985.971,994.940,1011.583,1004.012
523.92,985.324,995.132,1011.371,1003.314
523.96,985.958,994.784,1012.141,1002.751
524.00,986.768,993.673,1012.570,1003.531
524.04,986.785,993.420,1012.796,1003.739
524.08,986.419,994.568,1012.064,1003.125
524.12,985.444,995.543,1011.392,1003.658
524.16,985.816,995.737,1011.766,1004.273
524.20,987.192,995.514,1013.111,1004.007
524.24,987.706,995.023,1013.562,1004.391
524.28,987.153,995.069,1012.530,1004.955
524.32,986.140,996.023,1012.190,1004.115
524.36,986.154,996.391,1011.855,1003.656
524.40,986.443,995.321,1012.473,1004.470
524.44,987.442,994.434,1013.232,1004.148
524.48,987.169,994.469,1012.866,1003.513
524.52,985.922,994.833,1011.999,1003.828
524.56,985.804,995.271,1011.429,1003.761
524.60,986.203,995.394,1012.396,1003.395
524.64,987.085,994.757,1012.930,1003.995
524.68,987.215,994.449,1012.919,1004.522
524.72,986.638,995.277,1012.573,1003.911
524.76,985.981,996.046,1011.531,1003.882
524.80,985.829,995.819,1011.963,1004.302
524.84,987.072,995.153,1012.730,1003.987
524.88,987.141,994.564,1013.187,1003.861
524.92,986.758,994.417,1012.355,1004.022
524.96,985.750,994.977,1011.580,1003.643
525.00,985.422,995.408,1011.637,1003.150
525.04,986.246,994.806,1011.973,1003.449
525.08,986.922,994.019,1012.981,1003.902
525.12,987.104,994.152,1012.878,1003.665
525.16,986.353,994.956,1012.021,1003.707
525.20,985.604,995.751,1011.670,1004.070
525.24,986.254,995.916,1011.777,1004.009
525.28,986.937,995.402,1013.269,1004.042
525.32,987.787,994.731,1013.195,1004.513
525.36,986.790,994.895,1012.412,1004.499
525.40,985.710,995.813,1011.736,1003.599
525.44,985.651,995.851,1011.163,1003.465
525.48,986.048,994.689,1012.430,1003.823
525.52,987.222,993.745,1012.949,1003.438
525.56,986.824,993.700,1012.739,1003.189
525.60,985.598,994.358,1011.427,1003.555
525.64,985.039,995.229,1010.853,1003.276
525.68,985.769,995.368,1012.166,1003.019
525.72,987.339,994.376,1012.982,1003.984
525.76,987.544,994.009,1013.550,1004.620
525.80,987.129,995.271,1012.595,1004.008
525.84,985.814,996.579,1011.686,1004.183
525.88,986.153,996.650,1012.098,1004.805
525.92,987.567,995.956,1013.210,1004.652
525.96,987.817,995.216,1013.750,1004.597
526.00,987.177,994.995,1012.418,1004.607
526.04,985.481,995.581,1011.550,1003.844
526.08,985.362,995.673,1011.349,1002.955
526.12,986.251,994.386,1012.215,1003.259
526.16,987.212,993.102,1013.345,1003.592
526.20,987.172,993.404,1012.556,1003.274
526.24,985.210,994.812,1011.415,1003.331
526.28,985.159,995.824,1010.898,1003.442
526.32,986.339,995.672,1012.374,1003.774
526.36,987.930,994.755,1014.031,1004.501
526.40,988.308,994.642,1013.479,1004.998
526.44,986.380,995.986,1012.465,1004.677
526.48,985.699,997.175,1011.228,1004.153
526.52,986.021,996.642,1012.072,1004.357
526.56,987.416,994.970,1013.397,1004.479
526.60,987.905,993.957,1013.333,1003.951
526.64,986.204,994.165,1012.300,1003.489
526.68,985.102,994.903,1010.647,1003.133
526.72,984.941,995.065,1011.331,1002.823
526.76,986.469,994.190,1012.380,1003.118
526.80,987.255,993.387,1013.019,1003.728
526.84,986.796,993.972,1012.830,1003.698
526.88,986.099,995.450,1011.405,1003.642
526.92,985.275,996.291,1011.569,1004.142
526.96,986.771,996.087,1012.533,1004.317
527.00,987.925,995.277,1013.766,1004.520
527.04,987.808,994.884,1013.527,1004.922
527.08,986.663,995.636,1012.050,1004.495
527.12,985.409,996.429,1011.485,1003.749
527.16,985.736,995.881,1011.559,1003.753
527.20,986.665,994.319,1012.676,1003.767
527.24,987.287,993.378,1013.228,1003.248
527.28,986.325,993.512,1011.958,1003.137
527.32,984.884,994.444,1010.786,1003.068
527.36,984.922,995.108,1010.970,1002.703
527.40,986.156,994.617,1012.075,1003.126
527.44,987.214,993.774,1013.387,1004.005
527.48,987.672,994.158,1013.105,1004.045
527.52,986.316,995.611,1012.299,1004.105
527.56,985.832,996.715,1011.539,1004.523
527.60,986.487,996.769,1012.265,1004.674
527.64,987.602,995.864,1013.817,1004.644
527.68,988.277,994.992,1013.442,1004.880
527.72,986.654,995.128,1012.796,1004.592
527.76,985.878,995.898,1011.238,1003.569
527.80,985.031,995.664,1011.268,1003.345
527.84,986.225,994.327,1012.307,1003.359
527.88,987.260,993.151,1012.969,1003.138
527.92,986.523,993.161,1012.746,1003.111
527.96,985.593,994.234,1010.990,1003.184
528.00,984.868,995.388,1011.291,1003.100
528.04,986.415,995.464,1012.373,1003.501
528.08,987.812,994.721,1013.588,1004.646
528.12,988.124,994.948,1014.056,1005.026
528.16,987.382,996.362,1012.545,1004.855
528.20,985.675,997.481,1011.754,1005.021
528.24,986.360,997.303,1012.083,1004.810
528.28,987.718,995.861,1013.669,1004.464
528.32,988.112,994.289,1013.909,1004.630
528.36,987.036,994.174,1012.418,1004.100
528.40,984.916,995.164,1011.222,1002.982
528.44,984.918,995.331,1010.626,1002.700
528.48,985.766,994.075,1012.240,1003.215
528.52,987.486,993.031,1013.287,1003.232
528.56,987.124,993.335,1012.859,1003.335
528.60,985.560,994.784,1011.474,1003.722
528.64,985.239,996.266,1010.904,1003.677
528.68,986.146,996.344,1012.504,1003.914
528.72,987.865,995.181,1013.202,1004.860
528.76,987.776,994.765,1013.785,1004.903
528.80,987.059,995.630,1012.467,1004.087
528.84,985.540,996.235,1011.451,1004.135
528.88,985.834,995.922,1011.913,1004.096
528.92,987.019,994.966,1012.695,1003.694
528.96,987.131,993.951,1013.381,1003.719
529.00,986.832,993.898,1012.192,1003.728
529.04,985.502,994.796,1011.873,1003.292
529.08,985.870,995.408,1011.517,1003.212
529.12,986.246,995.016,1012.305,1004.032
529.16,987.382,994.673,1013.336,1004.191
529.20,987.668,994.986,1013.092,1004.171
529.24,986.346,995.694,1012.353,1004.656
529.28,986.061,996.421,1011.617,1004.444
529.32,986.328,996.382,1012.507,1003.962
529.36,987.356,995.210,1013.022,1004.389
529.40,987.345,994.309,1013.077,1004.505
529.44,986.583,994.696,1012.528,1003.510
529.48,985.676,995.255,1011.242,1003.269
529.52,985.179,995.039,1011.531,1003.643
529.56,986.550,994.480,1012.284,1003.212
529.60,986.993,993.929,1013.190,1003.287
529.64,986.930,993.923,1012.487,1003.975
529.68,986.032,995.027,1011.835,1003.869
529.72,985.807,996.124,1011.959,1003.528
529.76,986.576,995.915,1012.009,1004.405
529.80,987.079,995.233,1013.396,1004.823
529.84,987.948,995.209,1013.149,1004.167
529.88,986.448,995.467,1012.484,1004.351
529.92,985.955,995.715,1011.682,1004.273
529.96,986.181,995.699,1012.143,1003.547
530.00,986.826,994.843,1013.103,1003.710
530.04,987.347,993.993,1012.650,1004.241
530.08,986.303,994.466,1012.500,1003.672
530.12,985.749,995.396,1011.286,1003.132
530.16,985.363,995.342,1011.472,1003.695
530.20,986.654,994.712,1012.748,1003.773
530.24,987.633,994.302,1013.295,1003.697
530.28,986.818,994.518,1012.853,1004.256
530.32,986.164,995.522,1011.590,1004.177
530.36,985.730,996.343,1012.153,1003.713
530.40,986.881,995.847,1012.438,1004.285
530.44,987.325,994.888,1013.047,1004.814
530.48,986.991,994.924,1013.025,1004.001
530.52,986.282,995.357,1011.446,1003.506
530.56,985.091,995.232,1011.705,1003.796
530.60,986.415,994.706,1011.938,1003.267
530.64,986.810,994.048,1013.126,1003.198
530.68,986.937,993.724,1012.686,1003.829
530.72,986.146,994.534,1011.726,1003.773
530.76,985.519,995.774,1011.941,1003.272
530.80,986.326,995.755,1011.710,1004.003
530.84,986.875,995.086,1013.297,1004.663
530.88,988.174,995.029,1013.576,1004.258
530.92,987.069,995.449,1012.842,1004.575
530.96,986.159,996.100,1011.883,1004.795
531.00,986.205,996.552,1011.920,1004.060
531.04,986.574,995.828,1012.819,1004.025
531.08,987.478,994.452,1012.885,1004.439
531.12,986.896,994.182,1012.967,1003.856
531.16,985.821,994.767,1011.435,1003.136
531.20,984.836,995.004,1010.872,1003.147
531.24,985.687,994.498,1012.086,1002.994
531.28,987.232,993.676,1012.743,1003.153
531.32,986.794,993.494,1013.019,1003.806
531.36,986.467,994.646,1011.900,1003.689
531.40,985.482,996.056,1011.675,1003.668
531.44,986.198,996.246,1011.984,1004.279
531.48,987.323,995.588,1013.308,1004.777
531.52,988.107,995.199,1013.835,1004.626
531.56,987.352,995.451,1012.785,1004.727
531.60,985.938,996.149,1012.028,1004.519
531.64,986.096,996.359,1011.473,1003.869
531.68,986.231,995.370,1012.751,1003.830
531.72,987.575,994.038,1013.113,1003.954
531.76,986.995,993.738,1012.905,1003.721
531.80,985.915,994.584,1011.760,1003.241
531.84,985.047,995.327,1010.708,1003.310
531.88,985.415,995.168,1011.952,1003.374
531.92,987.378,994.403,1012.968,1003.491
531.96,987.504,993.869,1013.526,1004.230
532.00,987.005,994.727,1012.695,1004.290
532.04,986.105,996.280,1011.858,1004.017
532.08,986.199,996.792,1012.360,1004.501
532.12,987.499,996.146,1013.004,1005.164
532.16,988.032,995.585,1014.024,1004.967
532.20,987.835,995.622,1013.328,1004.672
532.24,986.369,995.950,1011.856,1004.755
532.28,985.372,996.248,1011.581,1003.997
532.32,986.201,995.540,1012.015,1003.191
532.36,986.925,993.830,1013.177,1003.572
532.40,987.390,992.961,1012.853,1003.716
532.44,985.911,993.950,1011.942,1002.994
532.48,985.086,995.220,1011.118,1002.813
532.52,985.543,995.323,1011.229,1003.732
532.56,986.727,994.824,1013.109,1004.007
532.60,988.175,994.623,1013.643,1003.981
532.64,987.053,995.015,1012.831,1004.797
532.68,986.087,996.175,1011.667,1004.636
532.72,985.680,997.019,1011.717,1003.841
532.76,986.545,995.986,1012.526,1004.241
532.80,987.694,994.360,1013.390,1004.600
532.84,987.446,994.007,1013.351,1003.772
532.88,986.075,994.729,1011.619,1003.307
532.92,984.692,995.263,1010.603,1003.456
532.96,985.332,995.102,1011.646,1002.981
533.00,987.089,994.089,1012.934,1003.038
533.04,987.343,993.209,1013.282,1004.073
533.08,986.641,994.137,1012.248,1003.871
533.12,985.479,995.980,1011.427,1003.241
533.16,985.654,996.393,1011.711,1004.043
533.20,987.371,995.548,1013.124,1004.870
533.24,988.326,995.063,1014.216,1004.661
533.28,987.737,995.445,1013.155,1004.722
533.32,986.110,996.285,1011.926,1004.850
533.36,985.954,996.801,1011.769,1004.172
533.40,986.656,995.987,1012.632,1004.017
533.44,987.378,994.436,1013.174,1004.432
533.48,987.153,993.912,1012.855,1003.821
533.52,985.906,994.545,1011.868,1002.965
533.56,985.004,994.919,1010.650,1003.150
533.60,985.215,994.619,1011.625,1003.163
533.64,986.913,994.013,1012.834,1002.869
533.68,987.270,993.522,1013.087,1003.746
533.72,986.412,994.260,1012.362,1004.182
533.76,985.973,995.971,1011.475,1003.567
533.80,985.730,996.575,1012.142,1003.994
533.84,987.395,995.752,1012.912,1005.034
533.88,988.330,995.222,1014.355,1004.879
533.92,988.090,995.579,1013.545,1004.733
533.96,986.205,996.303,1011.606,1005.116
534.00,985.342,996.929,1011.725,1004.228
534.04,986.694,996.151,1012.344,1003.492
534.08,987.220,994.050,1013.301,1004.331
534.12,987.393,993.215,1012.984,1003.924
534.16,985.947,994.260,1011.896,1002.596
534.20,984.895,995.003,1010.845,1002.892
534.24,985.374,994.748,1011.272,1003.646
534.28,986.910,994.439,1013.164,1003.240
534.32,987.774,994.187,1013.476,1003.786
534.36,987.023,994.649,1012.711,1004.890
534.40,986.251,996.313,1011.978,1004.372
534.44,986.172,997.303,1012.135,1004.107
534.48,987.075,996.363,1012.813,1005.224
534.52,987.970,995.303,1013.592,1005.232
534.56,987.599,995.316,1013.514,1004.073
534.60,986.270,995.452,1011.715,1004.086
534.64,985.089,995.379,1011.165,1003.956
534.68,985.860,995.005,1011.855,1002.688
534.72,986.448,993.756,1012.470,1002.895
534.76,986.796,992.749,1012.673,1003.564
534.80,986.349,993.579,1012.175,1002.941
534.84,985.232,994.987,1011.212,1002.872
534.88,985.313,995.487,1011.248,1003.785
534.92,986.972,995.305,1013.195,1004.026
534.96,988.403,995.005,1013.975,1004.476
535.00,987.604,995.348,1013.236,1005.434
535.04,986.496,996.763,1012.169,1004.921
535.08,986.133,997.616,1011.845,1004.289
535.12,986.639,996.479,1012.781,1004.863
535.16,987.894,994.813,1013.394,1004.799
535.20,987.433,994.284,1013.506,1003.714
535.24,986.058,994.532,1011.474,1003.403
535.28,984.527,994.839,1010.533,1003.271
535.32,985.172,994.706,1011.600,1002.333
535.36,986.669,993.556,1012.334,1002.705
535.40,986.890,992.689,1013.149,1003.714
535.44,986.749,993.782,1012.184,1003.304
535.48,985.440,995.638,1011.483,1003.282
535.52,985.741,996.323,1011.689,1004.332
535.56,987.281,996.024,1012.836,1004.936
535.60,988.001,995.713,1014.200,1004.803
535.64,987.941,995.714,1013.003,1005.077
535.68,986.289,996.229,1012.392,1004.946
535.72,986.347,996.606,1012.027,1003.999
535.76,986.367,995.736,1012.142,1004.070
535.80,986.614,994.348,1012.659,1004.072
535.84,986.800,993.828,1012.365,1003.081
535.88,985.536,993.892,1011.773,1002.688
535.92,985.234,993.907,1010.912,1002.900
535.96,985.584,994.019,1012.022,1002.660
536.00,986.764,993.987,1012.639,1003.019
536.04,986.943,994.124,1012.549,1004.188
536.08,986.541,995.279,1012.699,1004.301
536.12,986.708,996.644,1011.999,1004.195
536.16,986.383,996.785,1012.597,1005.102
536.20,987.635,996.280,1012.792,1005.205
536.24,987.342,995.893,1013.388,1004.603
536.28,986.886,995.513,1012.465,1004.314
536.32,985.844,995.107,1011.352,1004.022
536.36,985.367,994.780,1012.145,1002.840
536.40,986.309,993.845,1011.640,1002.607
536.44,985.840,992.885,1012.449,1003.165
536.48,986.593,993.202,1012.301,1002.653
536.52,985.807,994.203,1011.448,1002.854
536.56,985.074,995.022,1011.614,1003.739
536.60,986.645,995.575,1011.766,1003.792
536.64,986.892,995.515,1013.630,1004.178
536.68,988.042,995.309,1013.181,1005.056
536.72,987.198,995.904,1012.947,1005.104
536.76,986.583,996.870,1012.605,1004.465
536.80,986.591,996.753,1011.897,1004.698
536.84,986.794,995.768,1013.180,1004.744
536.88,987.720,994.894,1012.954,1004.053
536.92,986.368,994.476,1012.575,1003.783
536.96,985.793,994.547,1011.465,1003.355
537.00,985.399,994.620,1011.386,1002.843
537.04,985.936,994.156,1012.440,1002.919
537.08,987.204,993.582,1012.621,1003.481
537.12,986.786,994.010,1013.028,1003.873
537.16,986.511,995.388,1011.854,1003.894
537.20,985.682,996.453,1011.753,1004.290
537.24,986.682,996.494,1012.537,1004.625
537.28,987.649,995.780,1013.246,1004.845
537.32,987.630,995.289,1013.545,1004.762
537.36,986.944,995.438,1012.373,1004.398
537.40,985.813,995.764,1011.869,1003.888
537.44,985.933,995.453,1011.887,1003.595
537.48,986.554,994.461,1012.311,1003.594
537.52,986.716,993.783,1013.039,1003.447
537.56,986.748,993.929,1012.006,1003.271
537.60,985.345,994.602,1011.673,1003.396
537.64,985.705,995.199,1011.475,1003.254
537.68,986.464,995.119,1012.504,1003.613
537.72,987.394,994.644,1013.416,1004.354
537.76,987.603,994.984,1012.884,1004.640
537.80,986.437,996.089,1012.641,1004.380
537.84,986.337,996.704,1011.728,1004.448
537.88,986.393,996.290,1012.583,1004.657
537.92,987.580,995.360,1013.442,1004.338
537.96,987.640,994.678,1013.056,1004.284
538.00,986.259,994.761,1012.420,1004.113
538.04,985.725,995.331,1011.137,1003.317
538.08,985.221,995.236,1011.580,1003.094
538.12,986.175,994.139,1012.035,1003.364
538.16,986.903,993.426,1012.612,1003.203
538.20,986.261,993.646,1012.543,1003.057
538.24,985.891,994.460,1011.084,1003.291
538.28,985.261,995.274,1011.852,1003.415
538.32,986.613,995.346,1012.244,1003.717
538.36,987.358,994.996,1013.152,1004.423
538.40,987.550,995.124,1013.510,1004.756
538.44,987.063,996.013,1012.255,1004.642
538.48,985.836,996.743,1012.064,1004.509
538.52,986.547,996.454,1012.068,1004.355
538.56,987.041,995.304,1013.188,1004.335
538.60,987.569,994.393,1013.412,1004.069
538.64,986.952,994.344,1012.481,1003.793
538.68,985.620,994.992,1011.698,1003.545
538.72,985.513,995.325,1011.281,1003.327
538.76,986.134,994.912,1012.374,1003.424
538.80,987.324,994.144,1013.056,1003.846
538.84,987.198,994.181,1013.100,1004.079
538.88,986.507,995.252,1012.083,1003.953
538.92,985.722,996.200,1011.505,1004.072
538.96,986.252,996.176,1012.526,1004.220
539.00,987.901,995.377,1013.458,1004.446
539.04,987.892,994.866,1013.791,1004.865
539.08,986.995,995.449,1012.329,1004.644
539.12,985.493,996.400,1011.476,1003.953
539.16,985.686,996.197,1011.780,1003.718
539.20,986.906,994.677,1012.612,1003.971
539.24,987.417,993.601,1013.569,1003.716
539.28,986.881,993.822,1012.390,1003.353
539.32,985.167,994.791,1011.192,1003.408
539.36,985.246,995.472,1011.219,1003.190
539.40,986.453,995.107,1012.489,1003.471
539.44,987.580,994.296,1013.489,1004.316
539.48,987.726,994.521,1013.147,1004.489
539.52,986.316,995.869,1012.326,1004.243
539.56,985.912,996.795,1011.455,1004.344
539.60,986.270,996.450,1012.402,1004.588
539.64,987.591,995.377,1013.395,1004.423
539.68,987.621,994.565,1013.229,1004.301
539.72,986.447,994.689,1012.374,1003.945
539.76,985.545,995.280,1011.276,1003.347
539.80,985.328,995.188,1011.425,1003.133
539.84,986.200,994.233,1012.035,1003.346
539.88,986.705,993.522,1012.904,1003.271
539.92,986.855,993.706,1012.448,1003.146
539.96,985.782,994.535,1011.732,1003.568
540.00,985.734,995.498,1011.642,1003.674
540.04,986.495,995.775,1012.345,1003.897
540.08,987.380,995.370,1013.338,1004.628
540.12,987.777,995.259,1013.234,1004.975
540.16,986.849,996.041,1012.780,1004.585
540.20,986.340,996.562,1012.017,1004.359
540.24,986.330,996.149,1012.094,1004.512
540.28,986.848,995.219,1012.841,1004.145
540.32,987.074,994.436,1012.615,1003.667
540.36,985.937,994.122,1012.099,1003.494
540.40,985.567,994.293,1011.142,1002.918
540.44,985.030,994.331,1011.277,1002.587
540.48,985.749,993.811,1011.682,1002.761
540.52,986.380,993.373,1012.349,1003.031
540.56,986.603,993.711,1012.507,1003.176
540.60,986.152,994.662,1011.984,1003.669
540.64,986.064,995.694,1011.906,1004.053
540.68,986.551,996.199,1012.300,1004.372
540.72,987.099,996.013,1012.968,1004.790
540.76,987.530,995.735,1013.269,1004.848
540.80,987.278,995.732,1012.956,1004.566
540.84,986.487,995.837,1012.181,1004.420
540.88,986.001,995.683,1011.889,1004.021
540.92,986.304,995.082,1012.193,1003.506
540.96,986.498,994.113,1012.485,1003.441
541.00,986.284,993.667,1011.975,1003.307
541.04,985.613,993.969,1011.664,1002.740
541.08,985.539,994.281,1011.670,1002.710
541.12,986.174,994.228,1012.063,1003.372
541.16,986.960,994.357,1012.920,1003.806
541.20,987.140,995.056,1012.894,1004.166
541.24,986.786,996.001,1012.438,1004.701
541.28,986.640,996.767,1012.481,1004.912
541.32,987.034,996.824,1012.608,1004.920
541.36,987.263,996.203,1013.223,1004.960
541.40,987.557,995.480,1013.166,1004.677
541.44,987.021,995.175,1012.901,1004.210
541.48,986.420,995.103,1012.264,1003.850
541.52,985.934,995.017,1011.559,1003.646
541.56,985.783,994.717,1012.038,1003.265
541.60,986.460,994.150,1012.170,1003.139
541.64,986.412,993.813,1012.503,1003.456
541.68,986.441,994.122,1012.405,1003.401
541.72,986.434,994.912,1012.052,1003.519
541.76,985.990,995.480,1012.163,1004.178
541.80,986.742,995.799,1012.250,1004.352
541.84,987.216,995.840,1013.466,1004.357
541.88,987.772,995.623,1013.279,1004.937
541.92,987.189,995.822,1012.738,1005.140
541.96,986.436,996.453,1012.628,1004.310
542.00,986.592,996.288,1011.876,1004.228
542.04,986.218,995.260,1012.687,1004.449
542.08,987.307,994.482,1012.760,1003.597
542.12,986.559,994.158,1012.654,1003.299
542.16,985.759,994.148,1011.548,1003.588
542.20,985.469,994.635,1011.265,1002.989
542.24,985.693,994.718,1012.125,1002.763
542.28,986.751,994.055,1012.087,1003.740
542.32,986.656,994.091,1013.051,1003.955
542.36,986.934,995.101,1012.496,1003.534
542.40,986.232,995.811,1012.036,1004.298
542.44,986.486,996.080,1012.527,1004.829
542.48,987.513,996.212,1012.813,1004.477
542.52,987.176,995.865,1013.496,1004.763
542.56,987.292,995.579,1012.472,1004.961
542.60,986.362,995.794,1012.382,1004.132
542.64,986.123,995.659,1012.186,1003.568
542.68,986.480,994.733,1012.035,1003.847
542.72,986.530,994.023,1012.999,1003.613
542.76,986.944,994.106,1012.261,1003.135
542.80,985.616,994.463,1011.772,1003.530
542.84,985.614,994.971,1011.435,1003.474
542.88,986.225,995.162,1012.130,1003.255
542.92,986.799,994.700,1012.986,1003.947
542.96,987.153,994.555,1012.385,1004.419
543.00,986.376,995.363,1012.650,1003.842
543.04,986.432,995.919,1012.069,1003.856
543.08,986.618,995.593,1012.446,1004.635
543.12,987.304,995.374,1013.378,1004.480
543.16,987.303,995.431,1012.577,1004.248
543.20,986.016,995.546,1012.079,1004.377
543.24,985.926,995.580,1011.556,1003.776
543.28,985.937,995.080,1012.032,1003.224
543.32,986.399,993.978,1012.486,1003.409
543.36,986.642,993.432,1012.183,1003.298
543.40,985.830,993.872,1012.167,1002.835
543.44,985.588,994.519,1011.114,1002.993
543.48,985.401,994.778,1011.832,1003.479
543.52,986.936,994.818,1012.752,1003.556
543.56,987.258,994.804,1012.890,1004.289
543.60,986.829,995.328,1012.903,1004.698
543.64,986.651,996.306,1011.955,1004.319
543.68,985.993,996.589,1012.322,1004.403
543.72,987.126,995.834,1012.658,1004.558
543.76,987.419,994.990,1013.182,1004.422
543.80,986.778,994.757,1012.704,1003.970
543.84,985.947,994.985,1011.424,1003.525
543.88,985.250,994.970,1011.641,1003.154
543.92,986.037,994.361,1011.669,1003.047
543.96,986.397,993.633,1012.571,1003.159
544.00,986.594,993.576,1012.710,1003.202
544.04,986.577,994.286,1011.904,1003.399
544.08,985.610,995.269,1012.172,1003.866
544.12,986.725,995.894,1012.004,1004.120
544.16,987.153,995.962,1013.557,1004.652
544.20,988.217,995.806,1013.576,1005.254
544.24,987.474,996.225,1012.828,1005.406
544.28,986.332,996.966,1012.588,1004.685
544.32,986.565,996.719,1011.629,1004.417
544.36,986.325,995.388,1012.881,1004.384
544.40,987.538,994.154,1012.763,1003.605
544.44,986.229,993.667,1012.202,1003.197
544.48,985.014,993.889,1011.114,1002.812
544.52,985.137,994.155,1010.784,1002.199
544.56,985.415,993.761,1012.330,1002.536
544.60,987.194,993.214,1012.337,1003.377
544.64,986.630,993.864,1013.234,1003.745
544.68,986.923,995.470,1012.296,1003.846
544.72,986.178,996.669,1011.973,1004.885
544.76,986.831,997.106,1012.871,1005.300
544.80,988.056,996.861,1013.072,1005.178
544.84,987.270,996.198,1013.688,1005.398
544.88,987.255,995.816,1012.136,1004.735
544.92,985.710,995.610,1012.146,1003.636
544.96,986.001,994.775,1011.849,1003.089
545.00,986.071,993.494,1011.672,1003.155
545.04,985.653,992.989,1012.387,1002.534
545.08,985.988,993.236,1011.171,1002.075
545.12,984.921,993.574,1011.835,1002.728
545.16,986.403,994.080,1011.870,1003.133
545.20,986.570,994.789,1012.694,1003.736
545.24,987.148,995.513,1013.042,1004.580
545.28,987.377,996.392,1012.477,1005.234
545.32,986.826,997.187,1013.418,1005.243
545.36,988.090,997.235,1012.788,1005.282
545.40,987.000,996.601,1013.298,1005.734
545.44,987.418,996.163,1012.748,1004.704
545.48,986.381,995.638,1012.111,1003.810
545.52,985.662,994.599,1011.999,1003.514
545.56,986.156,993.620,1011.665,1002.760
545.60,985.770,993.079,1012.317,1002.236
545.64,985.811,992.907,1011.325,1002.544
545.68,985.279,993.455,1011.569,1002.676
545.72,985.885,994.333,1011.970,1002.664
545.76,986.512,994.753,1011.926,1003.814
545.80,986.572,995.249,1013.028,1004.618
545.84,987.769,996.141,1012.886,1004.484
545.88,987.136,996.636,1013.253,1005.215
545.92,987.300,996.797,1012.686,1005.694
545.96,987.082,996.941,1012.814,1004.934
546.00,986.831,996.419,1012.797,1004.454
546.04,986.876,995.201,1012.227,1004.474
546.08,986.377,994.383,1012.833,1003.555
546.12,986.547,994.041,1011.958,1002.746
546.16,985.341,993.647,1011.683,1003.090
546.20,985.776,993.792,1011.628,1002.810
546.24,986.065,994.118,1012.025,1002.650
546.28,986.206,994.199,1012.465,1003.614
546.32,986.976,994.709,1012.331,1004.157
546.36,986.678,995.753,1013.069,1004.144
546.40,987.098,996.361,1012.363,1004.790
546.44,986.841,996.537,1012.793,1005.330
546.48,987.397,996.613,1013.301,1004.829
546.52,987.520,996.172,1012.798,1004.795
546.56,986.459,995.597,1012.712,1004.845
546.60,986.722,995.358,1011.956,1003.697
546.64,985.852,994.875,1012.402,1003.200
546.68,986.243,993.922,1011.818,1003.459
546.72,986.092,993.624,1012.062,1002.959
546.76,985.913,993.884,1012.135,1002.532
546.80,985.946,994.042,1011.266,1003.244
546.84,985.589,994.430,1012.309,1003.557
546.88,986.937,995.038,1012.166,1003.366
546.92,986.534,995.220,1012.755,1004.323
546.96,987.101,995.523,1012.776,1004.765
547.00,987.159,996.195,1012.721,1004.454
547.04,986.588,996.396,1012.721,1004.667
547.08,986.740,996.052,1011.868,1004.852
547.12,986.414,995.671,1012.927,1003.992
547.16,987.044,994.914,1012.427,1003.557
547.20,985.987,994.065,1012.057,1003.887
547.24,985.899,994.080,1011.802,1002.882
547.28,985.659,994.191,1011.584,1002.375
547.32,985.584,993.762,1011.791,1003.202
547.36,986.323,993.744,1011.793,1003.261
547.40,986.013,994.413,1012.385,1002.965
547.44,986.418,994.830,1011.982,1003.652
547.48,986.255,995.163,1012.267,1004.425
547.52,986.910,995.763,1012.821,1004.049
547.56,987.092,995.947,1012.691,1004.429
547.60,986.908,995.791,1012.876,1005.090
547.64,987.177,995.959,1012.789,1004.546
547.68,986.889,996.007,1012.805,1004.153
547.72,986.739,995.473,1012.655,1004.590
547.76,986.956,995.153,1012.310,1004.254
547.80,986.310,995.133,1012.664,1003.577
547.84,986.462,994.836,1011.880,1003.652
547.88,985.783,994.503,1011.841,1003.776
547.92,985.935,994.533,1012.080,1002.991
547.96,986.353,994.302,1012.003,1002.957
548.00,986.138,993.948,1012.405,1003.731
548.04,986.605,994.355,1011.998,1003.542
548.08,986.183,995.165,1012.604,1003.357
548.12,986.766,995.379,1012.257,1004.302
548.16,986.727,995.538,1012.479,1004.850
548.20,987.139,996.063,1013.233,1004.180
548.24,987.214,996.044,1012.447,1004.657
548.28,986.333,995.775,1012.425,1005.077
548.32,986.681,995.827,1012.238,1003.816
548.36,986.320,995.321,1012.373,1003.468
548.40,986.407,994.199,1012.173,1003.992
548.44,986.324,993.889,1012.289,1003.270
548.48,986.026,994.223,1012.110,1002.547
548.52,985.770,994.158,1011.517,1003.366
548.56,985.929,994.339,1012.113,1003.628
548.60,986.827,994.871,1012.579,1003.213
548.64,986.618,995.047,1012.530,1004.205
548.68,986.728,995.380,1012.363,1004.751
548.72,986.801,996.173,1012.730,1004.119
548.76,986.941,996.229,1012.790,1004.460
548.80,987.140,995.656,1012.741,1005.183
548.84,987.166,995.643,1013.053,1004.426
548.88,986.882,995.721,1012.665,1003.869
548.92,986.216,995.251,1011.870,1004.357
548.96,985.950,994.971,1011.880,1003.771
549.00,986.104,994.721,1012.164,1002.809
549.04,986.287,993.897,1012.172,1003.245
549.08,986.212,993.492,1012.225,1003.513
549.12,986.155,994.194,1011.906,1002.819
549.16,985.629,994.834,1011.801,1003.110
549.20,986.194,994.898,1011.933,1004.025
549.24,986.855,995.096,1012.809,1004.059
549.28,987.173,995.415,1013.024,1004.110
549.32,986.884,995.655,1012.409,1004.810
549.36,986.531,996.072,1012.527,1004.631
549.40,986.741,996.276,1012.349,1004.116
549.44,986.506,995.609,1012.382,1004.415
549.48,986.726,994.837,1012.739,1004.103
549.52,986.993,994.557,1012.672,1003.324
549.56,986.273,994.376,1012.295,1003.586
549.60,986.052,994.470,1011.648,1003.678
549.64,985.812,994.974,1012.041,1003.160
549.68,986.373,994.890,1012.206,1003.428
549.72,986.572,994.517,1012.422,1004.176
549.76,986.875,994.815,1012.969,1003.854
549.80,986.922,995.399,1012.605,1003.849
549.84,986.513,995.642,1012.320,1004.703
549.88,986.752,995.978,1012.429,1004.550
549.92,986.816,996.094,1012.693,1004.138
549.96,986.881,995.569,1012.638,1004.496
550.00,986.941,995.093,1012.771,1004.414
550.04,986.628,995.111,1012.419,1003.700
550.08,985.997,995.026,1011.802,1003.616
550.12,985.779,994.719,1011.694,1003.553
550.16,986.136,994.390,1012.172,1003.046
550.20,986.500,993.979,1012.300,1003.146
550.24,986.201,993.909,1012.185,1003.570
550.28,986.104,994.563,1011.895,1003.343
550.32,985.896,995.197,1011.789,1003.406
550.36,986.130,995.227,1012.203,1004.021
550.40,987.207,995.092,1012.913,1004.156
550.44,987.330,995.214,1013.349,1004.350
550.48,987.099,995.592,1012.369,1004.703
550.52,986.230,996.190,1012.439,1004.553
550.56,986.811,996.360,1012.467,1004.150
550.60,986.823,995.565,1012.554,1004.578
550.64,986.919,994.911,1013.082,1004.344
550.68,987.143,994.824,1012.540,1003.538
550.72,985.862,994.791,1011.988,1003.770
550.76,985.668,994.798,1011.269,1003.616
550.80,985.873,994.785,1012.193,1002.837
550.84,986.691,994.091,1012.561,1003.293
550.88,986.755,993.695,1012.388,1004.058
550.92,986.342,994.660,1012.432,1003.425
550.96,986.012,995.669,1011.639,1003.454
551.00,986.024,995.674,1012.043,1004.444
551.04,987.161,995.444,1013.010,1004.449
551.08,987.631,995.371,1013.347,1004.172
551.12,986.956,995.403,1012.791,1004.745
551.16,986.480,995.811,1012.041,1004.529
551.20,986.125,996.148,1012.406,1003.777
551.24,986.822,995.439,1012.313,1004.030
551.28,986.803,994.464,1012.678,1004.342
551.32,986.530,994.435,1012.498,1003.449
551.36,986.019,994.727,1011.815,1003.007
551.40,985.588,994.566,1011.673,1003.581
551.44,986.214,994.441,1011.863,1003.427
551.48,986.478,994.502,1012.890,1003.128
551.52,987.039,994.451,1012.568,1003.903
551.56,986.504,994.899,1012.418,1004.480
551.60,986.584,995.965,1012.525,1003.913
551.64,986.739,996.322,1012.218,1004.377
551.68,986.737,995.844,1012.901,1005.165
551.72,987.543,995.717,1012.875,1004.457
551.76,986.747,995.638,1012.779,1004.070
551.80,986.365,995.212,1011.929,1004.255
551.84,986.051,995.002,1011.979,1003.703
551.88,986.123,994.689,1012.279,1002.997
551.92,986.417,993.967,1011.967,1003.360
551.96,986.097,993.743,1012.426,1003.448
552.00,986.468,994.302,1011.996,1002.963
552.04,985.763,994.821,1012.003,1003.509
552.08,986.284,995.085,1011.983,1004.068
552.12,986.896,995.414,1012.921,1003.969
552.16,987.435,995.531,1013.254,1004.434
552.20,987.282,995.702,1012.610,1005.173
552.24,986.615,996.396,1012.663,1004.683
552.28,986.580,996.643,1012.146,1004.199
552.32,986.491,995.781,1012.423,1004.572
552.36,987.009,994.792,1013.129,1004.123
552.40,987.208,994.339,1012.660,1003.399
552.44,985.771,994.260,1012.067,1003.584
552.48,985.758,994.581,1011.023,1003.233
552.52,985.203,994.735,1011.805,1002.802
552.56,986.414,994.217,1012.146,1003.124
552.60,986.818,993.744,1012.744,1003.758
552.64,986.960,994.352,1013.102,1003.688
552.68,986.610,995.454,1011.911,1004.019
552.72,986.009,996.268,1012.145,1004.611
552.76,987.056,996.512,1012.697,1004.643
552.80,987.573,996.122,1013.315,1004.906
552.84,987.596,995.645,1013.331,1005.108
552.88,987.233,995.770,1012.821,1004.565
552.92,986.353,995.950,1012.267,1004.155
552.96,986.117,995.575,1011.846,1004.068
553.00,986.251,994.845,1012.468,1003.648
553.04,986.886,994.149,1012.609,1003.216
553.08,986.320,993.757,1012.220,1003.474
553.12,985.690,994.183,1011.505,1003.237
553.16,985.395,994.838,1011.410,1002.790
553.20,985.867,994.678,1012.062,1003.253
553.24,986.824,994.198,1012.477,1003.937
553.28,987.181,994.510,1013.226,1003.841
553.32,987.087,995.305,1012.841,1004.149
553.36,986.627,996.111,1012.236,1004.959
553.40,986.751,996.780,1012.607,1004.869
553.44,987.232,996.755,1012.820,1004.767
553.48,987.161,995.978,1012.969,1005.087
553.52,987.067,995.436,1012.812,1004.505
553.56,986.432,995.204,1012.127,1003.632
553.60,985.668,994.721,1011.662,1003.358
553.64,985.682,994.042,1011.748,1003.011
553.68,986.007,993.561,1011.813,1002.538
553.72,985.606,993.293,1011.838,1002.704
553.76,985.853,993.480,1011.667,1002.749
553.80,985.810,994.131,1011.961,1002.916
553.84,986.215,994.715,1011.935,1003.580
553.88,986.667,995.237,1012.784,1004.176
553.92,987.611,995.783,1013.322,1004.601
553.96,987.670,996.325,1013.241,1005.368
554.00,987.313,996.990,1013.158,1005.586
554.04,987.265,997.443,1012.691,1005.273
554.08,986.829,996.992,1012.683,1005.137
554.12,987.044,995.868,1012.878,1004.698
554.16,987.040,994.824,1012.753,1003.844
554.20,986.210,994.083,1012.237,1003.285
554.24,985.599,993.746,1011.406,1002.801
554.28,985.273,993.675,1011.401,1002.361
554.32,985.541,993.505,1011.593,1002.447
554.36,986.000,993.441,1011.939,1002.942
554.40,986.306,993.901,1012.386,1003.179
554.44,986.585,994.801,1012.355,1003.647
554.48,986.547,995.668,1012.427,1004.452
554.52,987.035,996.389,1012.752,1004.888
554.56,987.606,996.740,1013.324,1005.114
554.60,987.777,996.650,1013.417,1005.564
554.64,987.360,996.573,1012.971,1005.443
554.68,986.807,996.534,1012.627,1004.552
554.72,986.463,995.868,1012.167,1004.172
554.76,986.236,994.705,1012.133,1003.863
554.80,986.146,993.864,1011.951,1002.920
554.84,985.525,993.363,1011.684,1002.342
554.88,985.462,993.075,1011.555,1002.338
554.92,985.849,993.184,1011.828,1002.480
554.96,986.042,993.726,1012.013,1002.936
555.00,986.268,994.601,1012.146,1003.624
555.04,986.684,995.585,1012.752,1004.208
555.08,987.339,996.290,1012.872,1004.931
555.12,987.483,996.721,1013.326,1005.534
555.16,987.657,997.101,1013.124,1005.544
555.20,987.149,997.098,1012.774,1005.313
555.24,986.576,996.549,1012.318,1004.848
555.28,986.348,995.553,1011.894,1003.935
555.32,985.962,994.203,1012.329,1002.969
555.36,986.209,992.958,1011.921,1002.493
555.40,985.593,992.469,1011.768,1002.272
555.44,985.180,992.938,1011.336,1002.021
555.48,985.330,993.674,1011.223,1002.331
555.52,985.871,994.169,1012.215,1003.224
555.56,987.264,994.758,1012.887,1004.060
555.60,987.496,995.751,1013.454,1004.866
555.64,987.494,996.931,1012.943,1005.526
555.68,987.190,997.878,1012.881,1005.779
555.72,987.424,997.897,1013.181,1005.669
555.76,987.822,996.972,1013.214,1005.571
555.80,987.351,995.822,1013.224,1004.952
555.84,986.615,995.066,1011.999,1003.850
555.88,985.162,994.405,1011.488,1002.901
555.92,985.411,993.471,1011.370,1002.179
555.96,985.605,992.521,1011.765,1002.100
556.00,985.867,992.261,1011.934,1002.214
556.04,985.749,993.037,1011.762,1002.396
556.08,985.817,994.312,1012.072,1003.066
556.12,986.763,995.437,1012.397,1004.214
556.16,987.523,996.326,1013.450,1005.218
556.20,988.181,997.203,1013.643,1005.885
556.24,987.856,997.864,1013.315,1006.260
556.28,987.338,998.088,1013.077,1006.039
556.32,987.328,997.485,1012.814,1005.366
556.36,987.186,996.066,1013.396,1004.713
556.40,987.368,994.545,1012.693,1004.035
556.44,985.798,993.720,1011.897,1003.201
556.48,984.884,993.610,1010.856,1002.023
556.52,984.633,993.201,1010.735,1001.647
556.56,985.204,992.451,1011.682,1002.003
556.60,986.411,992.295,1011.978,1002.294
556.64,986.005,993.255,1012.295,1002.811
556.68,985.980,994.837,1011.579,1003.593
556.72,986.116,996.222,1012.167,1004.330
556.76,987.333,996.812,1013.163,1005.042
556.80,988.276,996.752,1013.641,1005.838
556.84,987.942,996.871,1013.966,1005.936
556.88,987.665,997.255,1012.722,1005.351
556.92,986.182,997.037,1012.304,1004.994
556.96,986.514,996.017,1012.098,1004.214
557.00,986.581,994.494,1012.730,1003.406
557.04,986.521,993.147,1012.296,1002.975
557.08,985.471,992.861,1011.222,1002.535
557.12,984.631,993.386,1011.171,1001.756
557.16,985.201,993.540,1010.876,1002.055
557.20,985.800,993.378,1012.395,1002.991
557.24,987.480,993.811,1013.164,1003.443
557.28,987.315,995.045,1013.073,1004.411
557.32,986.814,996.713,1012.554,1005.349
557.36,987.009,998.029,1012.551,1005.539
557.40,987.722,998.062,1013.799,1005.774
557.44,988.793,997.013,1013.953,1006.285
557.48,988.134,996.353,1013.907,1005.845
557.52,986.901,996.408,1012.284,1004.532
557.56,985.074,995.960,1011.011,1003.752
557.60,985.242,994.568,1011.428,1002.799
557.64,986.139,992.681,1012.034,1002.049
557.68,985.943,991.455,1012.261,1001.990
557.72,985.421,991.819,1011.128,1001.834
557.76,984.462,993.371,1010.794,1001.782
557.80,985.210,994.446,1011.370,1002.626
557.84,986.932,994.760,1012.752,1004.074
557.88,988.233,995.372,1014.118,1005.086
557.92,988.185,996.746,1013.515,1005.771
557.96,986.985,998.266,1012.632,1006.158
558.00,986.895,998.815,1012.460,1005.854
558.04,987.544,997.677,1013.368,1005.535
558.08,988.175,995.655,1013.940,1005.225
558.12,987.555,994.379,1013.037,1004.291
558.16,985.474,994.308,1011.351,1002.940
558.20,984.105,994.177,1010.070,1002.039
558.24,984.294,993.174,1010.701,1001.597
558.28,985.864,991.806,1011.958,1001.556
558.32,986.418,991.340,1012.721,1002.083
558.36,986.302,992.653,1011.912,1002.667
558.40,985.404,995.026,1011.434,1003.405
558.44,985.970,996.874,1011.900,1004.381
558.48,987.726,997.272,1013.373,1005.594
558.52,989.035,997.051,1014.912,1006.473
558.56,989.184,997.340,1014.278,1006.604
558.60,987.480,998.068,1013.027,1006.189
558.64,986.237,998.168,1011.780,1005.353
558.68,986.243,996.797,1012.097,1004.321
558.72,986.946,994.242,1013.178,1003.523
558.76,987.185,992.282,1012.693,1002.881
558.80,985.357,992.088,1011.680,1002.092
558.84,984.398,993.115,1010.258,1001.389
558.88,984.191,993.629,1010.579,1001.864
558.92,985.964,993.457,1012.026,1002.755
558.96,987.526,993.623,1013.420,1003.575
559.00,987.604,994.772,1013.401,1004.545
559.04,986.796,996.761,1012.134,1005.319
559.08,986.278,998.366,1012.313,1005.392
559.12,987.548,998.189,1012.979,1005.607
559.16,988.356,996.652,1014.270,1006.070
559.20,988.437,995.626,1013.682,1005.389
559.24,986.377,995.608,1012.095,1004.125
559.28,984.848,995.454,1010.831,1003.079
559.32,984.821,994.193,1010.655,1002.479
559.36,985.685,992.462,1012.469,1001.883
559.40,987.000,991.370,1012.539,1001.900
559.44,985.546,991.963,1011.751,1002.560
559.48,984.710,994.099,1010.400,1002.426
559.52,984.700,995.754,1011.062,1002.752
559.56,986.949,995.611,1012.989,1004.319
559.60,989.197,995.148,1014.782,1005.572
559.64,989.082,996.173,1014.817,1005.959
559.68,987.459,998.115,1012.404,1006.193
559.72,985.754,999.358,1011.731,1006.002
559.76,987.002,998.447,1012.553,1005.215
559.80,988.078,995.667,1013.871,1004.989
559.84,987.921,993.404,1013.683,1004.267
559.88,986.110,993.230,1011.784,1002.594
559.92,983.945,993.798,1010.196,1001.642
559.96,983.946,993.493,1010.033,1001.768
560.00,985.716,992.561,1012.110,1001.866
560.04,987.255,992.067,1013.413,1002.524
560.08,987.058,993.105,1012.465,1003.737
560.12,985.582,995.753,1011.667,1004.144
560.16,985.889,997.873,1011.477,1004.379
560.20,987.169,997.743,1013.143,1005.661
560.24,989.122,996.525,1014.539,1006.385
560.28,988.875,996.296,1014.397,1005.732
560.32,986.971,996.781,1012.592,1005.077
560.36,985.475,996.850,1011.041,1004.492
560.40,985.592,995.790,1011.967,1003.416
560.44,986.952,993.694,1012.730,1002.932
560.48,986.693,992.064,1012.747,1003.044
560.52,985.722,992.450,1011.566,1002.262
560.56,984.439,993.898,1010.521,1001.732
560.60,984.565,994.410,1010.773,1002.627
560.64,986.458,994.158,1012.493,1003.468
560.68,987.894,994.271,1013.912,1003.938
560.72,987.767,995.145,1013.188,1004.900
560.76,986.549,996.875,1012.337,1005.364
560.80,986.548,998.164,1012.176,1005.010
560.84,987.214,997.629,1012.951,1005.447
560.88,988.134,996.047,1013.811,1005.701
560.92,988.063,995.220,1013.722,1004.651
560.96,986.380,995.162,1012.077,1003.810
561.00,984.698,995.054,1010.469,1003.324
561.04,984.752,994.364,1011.118,1002.214
561.08,986.221,992.905,1012.355,1001.919
561.12,986.644,991.651,1012.567,1002.842
561.16,985.976,992.537,1011.894,1002.688
561.20,984.967,994.725,1010.900,1002.338
561.24,984.963,995.773,1011.044,1003.552
561.28,987.017,995.570,1012.931,1004.571
561.32,988.865,995.440,1014.639,1004.897
561.36,988.434,995.950,1013.792,1005.796
561.40,986.616,997.334,1012.239,1005.880
561.44,986.195,998.396,1011.871,1004.692
561.48,986.763,997.187,1012.785,1004.783
561.52,987.914,994.761,1013.585,1005.078
561.56,987.641,993.752,1013.382,1003.807
561.60,985.846,994.090,1011.740,1002.686
561.64,984.370,994.352,1010.178,1002.764
561.68,984.680,994.148,1011.085,1002.348
561.72,986.604,993.345,1012.787,1002.200
561.76,987.330,992.644,1013.037,1003.541
561.80,986.608,993.762,1012.566,1004.053
561.84,986.056,996.231,1011.942,1003.490
561.88,986.209,997.290,1011.785,1004.704
561.92,987.233,996.814,1013.352,1005.961
561.96,989.029,996.482,1014.301,1005.323
562.00,987.969,996.339,1013.770,1005.368
562.04,986.495,996.407,1011.755,1005.446
562.08,985.512,996.607,1011.707,1003.834
562.12,986.287,995.464,1012.398,1002.972
562.16,986.935,993.145,1012.323,1003.794
562.20,986.211,992.456,1012.742,1003.013
562.24,985.592,993.574,1010.912,1001.579
562.28,983.903,994.049,1010.483,1002.437
562.32,985.532,993.925,1011.542,1002.986
562.36,987.343,993.902,1013.233,1002.970
562.40,987.491,994.216,1013.760,1004.292
562.44,987.248,995.563,1012.053,1005.295
562.48,986.038,997.614,1012.677,1004.720
562.52,987.320,998.070,1012.428,1005.040
562.56,987.627,996.737,1013.709,1006.350
562.60,988.843,995.914,1014.380,1005.376
562.64,987.652,995.946,1012.895,1004.471
562.68,985.230,995.797,1011.611,1004.470
562.72,985.585,995.421,1010.780,1003.217
562.76,985.683,994.241,1012.674,1002.305
562.80,986.961,992.403,1012.309,1002.973
562.84,986.114,992.205,1012.238,1002.965
562.88,985.418,993.856,1011.710,1001.926
562.92,985.122,994.924,1010.446,1002.970
562.96,985.431,995.043,1012.140,1004.155
563.00,988.000,995.233,1013.307,1003.874
563.04,987.783,995.389,1013.961,1004.797
563.08,987.367,995.969,1012.570,1005.726
563.12,986.410,997.349,1012.067,1004.818
563.16,986.268,997.575,1012.584,1004.288
563.20,987.424,995.801,1012.513,1005.171
563.24,987.508,994.440,1014.102,1004.531
563.28,987.606,994.413,1012.739,1003.248
563.32,985.188,994.604,1011.275,1003.598
563.36,984.947,994.834,1011.036,1003.212
563.40,986.064,994.656,1011.797,1002.418
563.44,986.295,993.559,1012.748,1003.397
563.48,986.878,993.297,1012.049,1003.787
563.52,985.969,994.543,1012.625,1002.877
563.56,986.172,995.439,1011.630,1003.454
563.60,986.187,995.520,1012.001,1004.853
563.64,987.218,995.817,1013.437,1004.370
563.68,987.854,995.941,1013.058,1004.400
563.72,986.765,995.785,1012.972,1005.392
563.76,987.084,996.184,1012.251,1004.639
563.80,986.367,996.381,1012.575,1003.858
563.84,986.420,995.350,1011.993,1004.416
563.88,986.363,994.454,1012.007,1003.899
563.92,986.313,994.182,1012.828,1002.522
563.96,986.272,993.667,1011.564,1003.023
564.00,985.289,993.552,1011.674,1003.488
564.04,986.120,994.370,1011.969,1002.382
564.08,986.064,994.615,1011.953,1003.173
564.12,986.246,994.454,1012.246,1004.481
564.16,987.089,995.249,1012.585,1003.811
564.20,986.675,995.930,1012.896,1003.933
564.24,986.720,995.811,1012.026,1005.197
564.28,986.833,996.031,1012.859,1004.628
564.32,987.201,996.103,1013.216,1003.912
564.36,987.121,995.328,1012.456,1004.834
564.40,986.559,995.078,1012.772,1004.582
564.44,986.571,995.491,1011.911,1003.235
564.48,985.559,995.062,1011.904,1003.593
564.52,986.216,994.260,1011.961,1003.762
564.56,986.510,994.058,1012.539,1002.926
564.60,986.170,994.028,1012.247,1003.045
564.64,985.795,994.115,1011.167,1003.684
564.68,985.430,994.816,1012.078,1003.085
564.72,986.657,995.026,1012.069,1003.047
564.76,986.726,994.495,1012.950,1004.433
564.80,987.439,994.868,1012.991,1004.487
564.84,986.892,996.037,1012.419,1004.067
564.88,985.848,996.520,1012.141,1004.727
564.92,986.817,996.255,1011.922,1004.728
564.96,987.016,995.695,1013.700,1004.082
565.00,987.840,994.795,1012.899,1004.323
565.04,986.343,994.582,1012.254,1004.472
565.08,985.905,995.314,1012.129,1003.124
565.12,986.040,995.291,1011.539,1003.168
565.16,986.168,994.309,1012.778,1004.130
565.20,987.723,994.164,1012.965,1003.673
565.24,986.708,994.772,1013.107,1003.690
565.28,986.406,995.476,1011.798,1004.447
565.32,986.133,996.200,1011.816,1004.397
565.36,986.564,996.334,1012.952,1004.048
565.40,987.573,995.440,1012.727,1004.699
565.44,987.032,994.910,1013.301,1004.754
565.48,986.877,995.329,1012.359,1003.724
565.52,985.786,995.485,1011.725,1003.679
565.56,985.699,995.000,1011.793,1003.862
565.60,986.723,994.461,1012.533,1003.255
565.64,986.880,994.041,1013.186,1003.326
565.68,986.733,994.002,1011.907,1004.027
565.72,985.585,995.054,1011.994,1003.598
565.76,986.030,995.850,1011.628,1003.234
565.80,986.328,995.329,1012.298,1004.315
565.84,987.200,994.751,1013.152,1004.470
565.88,987.338,995.036,1012.866,1003.815
565.92,986.197,995.402,1012.492,1004.099
565.96,986.390,995.597,1011.595,1004.328
566.00,986.235,995.637,1012.705,1003.846
566.04,987.206,995.139,1012.695,1003.885
566.08,986.862,994.568,1012.736,1004.465
566.12,986.559,994.960,1012.690,1003.825
566.16,986.390,995.434,1011.676,1003.475
566.20,985.589,995.218,1012.089,1004.071
566.24,986.783,994.910,1012.127,1003.797
566.28,986.802,994.683,1013.221,1003.482
566.32,986.989,994.474,1012.573,1004.092
566.36,986.443,994.943,1011.994,1004.203
566.40,986.012,995.791,1012.532,1003.581
566.44,986.859,995.725,1011.982,1004.090
566.48,986.709,995.158,1013.268,1004.795
566.52,987.761,995.220,1013.027,1004.192
566.56,986.713,995.556,1012.669,1004.201
566.60,986.292,995.715,1012.151,1004.540
566.64,986.721,995.769,1012.270,1004.089
566.68,986.743,995.417,1013.318,1003.950
566.72,987.447,994.782,1012.457,1004.429
566.76,986.338,994.924,1012.742,1004.176
566.80,986.399,995.464,1011.943,1003.431
566.84,985.947,995.297,1011.799,1003.822
566.88,986.316,994.759,1012.611,1003.984
566.92,987.195,994.545,1012.546,1003.520
566.96,986.283,994.575,1012.757,1003.751
567.00,986.449,994.875,1011.622,1003.938
567.04,985.834,995.376,1012.311,1003.661
567.08,986.825,995.350,1012.413,1003.734
567.12,986.914,994.923,1012.617,1004.496
567.16,986.862,995.068,1013.068,1004.248
567.20,986.887,995.598,1012.018,1003.863
567.24,985.817,995.656,1012.355,1004.274
567.28,986.827,995.412,1012.149,1004.149
567.32,986.785,995.086,1012.964,1003.846
567.36,986.858,994.733,1012.614,1004.035
567.40,986.373,994.810,1011.868,1003.968
567.44,985.820,995.220,1012.240,1003.326
567.48,986.501,994.978,1011.793,1003.468
567.52,986.302,994.442,1012.848,1004.044
567.56,987.191,994.538,1012.705,1003.705
567.60,986.538,995.035,1012.439,1003.779
567.64,986.203,995.472,1012.113,1004.272
567.68,986.451,995.780,1011.885,1004.193
567.72,986.443,995.700,1013.095,1003.963
567.76,987.523,995.113,1012.528,1004.317
567.80,986.636,994.877,1013.011,1004.485
567.84,986.765,995.365,1012.306,1003.763
567.88,985.987,995.521,1011.768,1003.789
567.92,986.043,995.132,1012.218,1004.009
567.96,986.859,994.735,1012.290,1003.652
568.00,986.623,994.475,1013.111,1003.506
568.04,986.856,994.457,1012.014,1003.887
568.08,985.860,994.991,1011.969,1003.877
568.12,985.972,995.544,1011.982,1003.427
568.16,986.573,995.222,1012.138,1003.856
568.20,986.729,994.674,1013.151,1004.355
568.24,987.415,994.841,1012.338,1003.935
568.28,985.700,995.357,1012.366,1003.869
568.32,986.306,995.524,1011.446,1003.850
568.36,986.162,995.234,1012.523,1003.825
568.40,987.069,994.691,1012.902,1003.826
568.44,987.046,994.445,1012.441,1004.008
568.48,985.993,994.926,1012.486,1003.820
568.52,986.421,995.467,1011.566,1003.543
568.56,985.964,995.353,1012.559,1003.964
568.60,987.099,994.936,1012.475,1004.172
568.64,986.900,994.921,1012.746,1003.979
568.68,986.491,995.176,1012.541,1003.932
568.72,986.361,995.358,1011.700,1004.055
568.76,986.022,995.385,1012.554,1003.831
568.80,987.178,995.077,1012.534,1003.782
568.84,986.691,994.681,1012.730,1004.278
568.88,986.530,994.962,1012.490,1003.957
568.92,986.617,995.435,1012.141,1003.549
568.96,986.176,995.308,1012.605,1004.245
569.00,987.113,995.122,1012.244,1004.340
569.04,986.617,995.338,1013.015,1003.896
569.08,986.835,995.363,1012.449,1004.089
569.12,986.499,995.242,1012.138,1004.414
569.16,986.324,995.400,1012.528,1003.860
569.20,986.699,995.269,1012.023,1003.636
569.24,986.292,994.767,1012.678,1004.076
569.28,986.958,994.638,1012.366,1003.804
569.32,986.166,994.902,1012.292,1003.543
569.36,986.109,995.051,1011.917,1003.727
569.40,986.194,994.992,1012.006,1003.776
569.44,986.644,994.874,1012.748,1003.607
569.48,986.973,994.723,1012.662,1003.961
569.52,986.611,994.919,1012.555,1004.262
569.56,986.554,995.537,1012.176,1003.966
569.60,986.220,995.796,1012.324,1004.025
569.64,986.889,995.479,1012.612,1004.354
569.68,987.174,995.141,1013.080,1004.333
569.72,987.045,995.204,1012.701,1004.185
569.76,986.304,995.406,1012.115,1004.147
569.80,986.090,995.549,1011.949,1003.906
569.84,986.336,995.201,1012.167,1003.676
569.88,986.529,994.549,1012.468,1003.731
569.92,986.623,994.232,1012.323,1003.603
569.96,986.109,994.438,1012.227,1003.333
570.00,986.227,994.717,1011.943,1003.386
570.04,986.031,994.830,1012.191,1003.814
570.08,986.763,995.016,1012.425,1003.839
570.12,986.807,995.210,1012.761,1004.044
570.16,986.793,995.373,1012.629,1004.461
570.20,986.835,995.741,1012.557,1004.400
570.24,987.012,995.961,1012.916,1004.313
570.28,987.066,995.777,1012.737,1004.785
570.32,986.930,995.700,1012.680,1004.629
570.36,986.687,995.760,1012.446,1004.021
570.40,986.370,995.380,1012.237,1003.969
570.44,986.409,994.825,1012.298,1003.912
570.48,986.527,994.480,1012.491,1003.396
570.52,986.424,994.308,1012.307,1003.314
570.56,986.077,994.320,1011.835,1003.616
570.60,985.929,994.748,1011.965,1003.381
570.64,986.361,994.975,1012.120,1003.364
570.68,986.522,994.800,1012.591,1004.064
570.72,987.175,994.972,1012.779,1004.219
570.76,986.792,995.554,1012.660,1004.199
570.80,986.386,995.988,1012.080,1004.446
570.84,986.387,996.024,1012.382,1004.419
570.88,987.148,995.622,1012.849,1004.101
570.92,987.010,994.968,1012.803,1004.373
570.96,986.593,994.832,1012.353,1004.094
571.00,986.221,995.146,1012.065,1003.360
571.04,985.993,994.993,1012.162,1003.560
571.08,986.465,994.504,1012.000,1003.842
571.12,986.399,994.494,1012.620,1003.477
571.16,986.669,994.693,1012.297,1003.423
571.20,986.174,994.818,1012.057,1004.031
571.24,986.381,995.196,1012.357,1003.881
571.28,986.726,995.480,1012.465,1003.802
571.32,986.606,995.295,1012.486,1004.459
571.36,986.735,995.296,1012.405,1004.347
571.40,986.555,995.515,1012.482,1003.760
571.44,986.380,995.278,1012.116,1003.993
571.48,986.363,994.846,1012.258,1004.062
571.52,986.594,994.795,1012.616,1003.427
571.56,986.544,994.645,1012.276,1003.566
571.60,986.120,994.567,1011.989,1003.940
571.64,986.257,994.965,1012.407,1003.441
571.68,986.681,995.121,1012.534,1003.574
571.72,986.688,994.912,1012.453,1004.495
571.76,986.864,995.309,1012.746,1004.261
571.80,986.829,995.881,1012.611,1003.959
571.84,986.560,995.748,1012.413,1004.673
571.88,986.862,995.622,1012.597,1004.577
571.92,987.030,995.621,1012.895,1003.950
571.96,986.735,995.264,1012.613,1004.246
572.00,986.382,995.010,1011.991,1004.283
572.04,986.154,995.163,1012.160,1003.334
572.08,986.094,994.824,1012.051,1003.330
572.12,986.173,994.134,1011.844,1003.753
572.16,986.176,994.103,1012.352,1003.144
572.20,986.207,994.364,1011.950,1002.911
572.24,985.791,994.374,1011.716,1003.680
572.28,986.294,994.735,1012.352,1003.562
572.32,986.885,995.072,1012.744,1003.590
572.36,986.902,995.166,1012.627,1004.550
572.40,986.746,995.678,1012.489,1004.722
572.44,986.923,996.363,1012.753,1004.137
572.48,986.895,996.155,1012.704,1004.719
572.52,987.056,995.640,1012.542,1005.043
572.56,986.920,995.608,1012.941,1003.987
572.60,986.604,995.355,1012.357,1003.768
572.64,986.204,994.714,1011.844,1004.130
572.68,985.940,994.562,1012.021,1003.345
572.72,985.901,994.474,1011.626,1002.686
572.76,985.533,993.847,1011.642,1003.191
572.80,986.064,993.608,1011.920,1003.009
572.84,986.174,993.936,1012.146,1002.709
572.88,985.913,994.254,1011.871,1003.398
572.92,986.257,994.742,1011.903,1003.783
572.96,986.566,995.430,1012.788,1003.796
573.00,987.240,995.659,1012.723,1004.491
573.04,987.005,995.808,1012.777,1005.133
573.08,987.030,996.371,1012.790,1004.585
573.12,986.885,996.442,1012.673,1004.506
573.16,986.945,995.790,1012.628,1004.873
573.20,986.756,995.295,1012.466,1004.349
573.24,986.282,995.066,1012.274,1003.379
573.28,985.932,994.477,1011.691,1003.288
573.32,985.701,993.872,1011.808,1003.207
573.36,986.049,993.711,1011.975,1002.527
573.40,986.002,993.637,1012.065,1002.774
573.44,985.959,993.859,1011.901,1003.451
573.48,986.281,994.632,1011.978,1003.360
573.52,986.353,995.365,1012.633,1003.727
573.56,987.054,995.593,1012.444,1004.742
573.60,986.811,996.011,1012.700,1004.961
573.64,986.918,996.484,1012.620,1004.365
573.68,986.809,996.164,1012.533,1004.568
573.72,986.870,995.390,1012.837,1004.681
573.76,986.951,995.072,1012.343,1003.914
573.80,985.894,994.863,1012.039,1003.384
573.84,985.714,994.412,1011.477,1003.283
573.88,985.886,993.991,1012.155,1002.925
573.92,986.682,993.692,1012.646,1002.837
573.96,986.762,993.743,1012.479,1003.695
574.00,986.250,994.746,1012.362,1003.948
574.04,986.499,996.074,1012.007,1003.847
574.08,986.446,996.438,1012.755,1004.752
574.12,987.873,996.151,1013.130,1005.328
574.16,987.811,996.181,1013.714,1005.131
574.20,987.332,996.316,1012.831,1004.934
574.24,986.241,996.351,1011.802,1004.794
574.28,986.015,995.953,1012.267,1003.845
574.32,986.954,994.765,1012.489,1003.367
574.36,986.486,993.464,1012.619,1003.727
574.40,986.108,993.443,1011.715,1002.980
574.44,985.056,994.185,1011.386,1002.159
574.48,985.320,994.208,1011.248,1002.787
574.52,986.117,993.847,1012.121,1003.514
574.56,987.022,994.206,1013.097,1003.307
574.60,987.006,994.889,1012.469,1003.969
574.64,986.234,995.753,1012.361,1004.809
574.68,986.748,996.725,1012.267,1004.493
574.72,987.059,996.736,1013.132,1004.701
574.76,987.744,995.895,1013.374,1005.439
574.80,987.426,995.639,1012.850,1004.947
574.84,986.236,995.920,1012.315,1003.831
574.88,985.802,995.452,1011.279,1003.645
574.92,985.724,994.359,1012.249,1003.467
574.96,987.012,993.504,1012.596,1002.713
575.00,986.198,993.156,1012.270,1003.023
575.04,985.597,993.769,1011.479,1003.144
575.08,985.550,994.832,1011.534,1002.787
575.12,986.279,995.111,1012.328,1003.526
575.16,987.144,994.875,1012.781,1004.728
575.20,987.475,995.445,1013.381,1004.578
575.24,987.042,996.373,1012.538,1004.579
575.28,986.276,996.661,1011.879,1005.116
575.32,986.379,996.504,1012.294,1004.578
575.36,986.994,995.635,1012.770,1003.846
575.40,986.798,994.317,1012.611,1004.038
575.44,986.270,993.794,1011.963,1003.449
575.48,985.451,994.163,1011.540,1002.366
575.52,985.141,994.054,1011.023,1002.552
575.56,985.334,993.559,1011.564,1003.022
575.60,986.505,993.578,1012.428,1002.591
575.64,986.480,993.883,1012.537,1003.193
575.68,986.453,994.569,1012.149,1004.178
575.72,986.461,995.869,1012.532,1004.139
575.76,987.081,996.622,1012.706,1004.504
575.80,987.379,996.462,1013.069,1005.616
575.84,987.694,996.474,1013.503,1005.444
575.88,987.727,996.681,1013.182,1004.720
575.92,986.642,996.243,1012.594,1005.060
575.96,986.598,995.726,1012.039,1004.514
576.00,986.205,995.216,1012.418,1003.309
576.04,986.213,994.190,1012.046,1003.193
576.08,986.001,993.311,1011.877,1003.191
576.12,985.886,993.401,1012.164,1002.372
576.16,985.741,993.753,1011.296,1002.577
576.20,985.160,994.057,1011.438,1003.352
576.24,986.104,994.613,1011.775,1003.067
576.28,986.506,994.900,1012.683,1003.439
576.32,987.152,994.863,1012.927,1004.577
576.36,987.380,995.535,1012.873,1004.740
576.40,986.860,996.592,1013.018,1004.550
576.44,987.096,996.862,1012.268,1005.129
576.48,986.763,996.530,1012.840,1005.339
576.52,987.323,996.103,1012.815,1004.352
576.56,986.744,995.347,1012.690,1004.054
576.60,986.360,994.494,1012.209,1003.938
576.64,986.132,994.233,1012.125,1003.038
576.68,985.980,994.089,1011.971,1002.698
576.72,985.717,993.794,1011.522,1003.337
576.76,985.834,994.052,1012.008,1003.023
576.80,986.341,994.487,1012.104,1002.884
576.84,986.288,994.580,1012.512,1003.948
576.88,987.129,995.007,1012.588,1004.327
576.92,986.928,995.870,1013.030,1004.279
576.96,986.975,996.347,1012.583,1004.897
577.00,986.907,996.487,1012.426,1005.219
577.04,986.947,996.457,1013.110,1004.580
577.08,987.410,995.856,1012.707,1004.388
577.12,986.575,995.029,1012.762,1004.582
577.16,986.666,994.841,1012.171,1003.596
577.20,985.710,994.743,1011.706,1003.027
577.24,985.311,994.201,1011.350,1003.189
577.28,985.862,993.749,1011.694,1002.724
577.32,986.025,993.473,1012.286,1002.468
577.36,986.204,993.414,1011.804,1003.131
577.40,985.753,994.102,1012.012,1003.321
577.44,986.140,995.147,1011.785,1003.269
577.48,986.362,995.491,1012.525,1004.119
577.52,987.501,995.532,1013.260,1004.830
577.56,987.807,995.974,1013.307,1005.010
577.60,987.145,996.629,1013.205,1005.131
577.64,987.041,996.949,1012.270,1005.176
577.68,986.499,996.695,1012.731,1004.870
577.72,987.464,995.832,1013.116,1004.258
577.76,987.099,994.709,1012.850,1004.318
577.80,986.233,994.346,1011.960,1003.780
577.84,985.279,994.571,1011.221,1002.576
577.88,985.080,994.226,1011.254,1002.442
577.92,985.835,993.229,1011.831,1002.892
577.96,986.582,992.962,1012.783,1002.685
578.00,986.652,993.650,1012.371,1002.992
578.04,985.968,994.809,1011.853,1003.930
578.08,986.249,996.091,1012.143,1004.227
578.12,986.997,996.689,1012.705,1004.622
578.16,987.556,996.376,1013.461,1005.506
578.20,988.155,996.252,1013.720,1005.409
578.24,987.528,996.495,1013.199,1005.006
578.28,986.447,996.517,1012.117,1004.885
578.32,986.151,996.083,1011.827,1004.218
578.36,986.315,995.058,1012.563,1003.400
578.40,986.604,993.657,1012.226,1003.335
578.44,985.912,993.091,1012.006,1002.946
578.48,985.408,993.514,1011.472,1002.118
578.52,985.134,993.820,1010.883,1002.383
578.56,985.353,993.814,1011.702,1003.057
578.60,986.692,994.076,1012.438,1003.092
578.64,987.038,994.562,1013.167,1003.763
578.68,987.084,995.318,1012.701,1004.853
578.72,987.061,996.645,1012.615,1004.969
578.76,986.930,997.479,1012.991,1005.046
578.80,987.632,997.106,1012.625,1005.716
578.84,987.282,996.413,1013.607,1005.440
578.88,987.768,995.974,1012.944,1004.327
578.92,986.306,995.258,1012.232,1004.229
578.96,985.684,994.662,1011.641,1003.618
579.00,985.640,994.239,1011.475,1002.399
579.04,985.625,993.333,1012.156,1002.325
579.08,986.344,992.609,1011.784,1002.861
579.12,985.739,993.185,1012.219,1002.643
579.16,985.903,994.409,1011.533,1002.682
579.20,985.659,995.106,1011.585,1003.905
579.24,986.688,995.577,1012.968,1004.344
579.28,988.075,995.953,1013.279,1004.583
579.32,987.303,996.176,1013.385,1005.565
579.36,987.278,996.791,1012.322,1005.376
579.40,986.368,997.198,1012.489,1004.545
579.44,986.761,996.299,1012.503,1004.470
579.48,987.109,994.773,1012.787,1004.426
579.52,986.979,994.064,1013.136,1003.384
579.56,986.100,993.979,1011.547,1002.994
579.60,984.802,994.122,1011.172,1002.988
579.64,985.661,994.214,1011.494,1002.473
579.68,986.209,993.851,1012.380,1002.929
579.72,986.773,993.652,1012.806,1003.805
579.76,987.134,994.596,1012.593,1003.806
579.80,986.369,995.930,1012.509,1004.198
579.84,986.635,996.675,1012.025,1005.049
579.88,987.086,996.849,1013.022,1005.153
579.92,987.892,996.476,1013.785,1004.963
579.96,987.993,995.893,1013.226,1005.319
580.00,986.642,995.825,1012.631,1004.941
580.04,986.172,996.050,1011.713,1003.670
580.08,985.815,995.304,1011.943,1003.410
580.12,986.422,993.858,1012.450,1003.572
580.16,986.751,993.214,1012.407,1002.945
580.20,985.847,993.586,1012.013,1002.627
580.24,985.339,994.157,1011.059,1003.027
580.28,985.670,994.667,1011.817,1003.150
580.32,986.726,994.868,1012.689,1003.543
580.36,987.214,994.905,1012.763,1004.577
580.40,986.993,995.611,1013.084,1004.708
580.44,987.036,996.553,1012.411,1004.474
580.48,986.481,996.701,1012.485,1004.993
580.52,987.209,996.254,1012.856,1004.948
580.56,987.432,995.680,1013.219,1004.414
580.60,986.954,995.117,1012.765,1004.279
580.64,986.195,994.894,1011.845,1003.942
580.68,985.590,994.918,1011.803,1003.070
580.72,985.922,994.389,1011.592,1002.912
580.76,985.864,993.575,1012.193,1003.251
580.80,986.539,993.504,1012.338,1002.852
580.84,986.242,994.001,1012.126,1003.026
580.88,985.721,994.642,1011.731,1003.784
580.92,986.149,995.460,1011.817,1003.778
580.96,986.730,995.800,1013.017,1003.915
581.00,987.752,995.448,1013.050,1004.949
581.04,987.323,995.633,1013.288,1005.226
581.08,987.139,996.513,1012.753,1004.415
581.12,986.456,996.653,1012.148,1004.664
581.16,986.485,995.962,1012.372,1004.837
581.20,987.047,995.276,1012.657,1003.880
581.24,986.612,994.517,1012.905,1003.420
581.28,986.381,993.919,1011.772,1003.627
581.32,985.454,994.102,1011.826,1003.025
581.36,985.898,994.472,1011.929,1002.466
581.40,986.302,994.101,1011.906,1003.499
581.44,986.347,994.137,1012.633,1003.981
581.48,986.970,995.083,1012.268,1003.431
581.52,986.118,995.701,1012.350,1004.159
581.56,986.527,995.818,1011.918,1004.841
581.60,986.856,996.020,1012.782,1004.188
581.64,987.066,995.726,1013.051,1004.196
581.68,986.867,995.071,1012.050,1004.767
581.72,986.082,995.201,1012.687,1003.782
581.76,986.608,995.202,1011.820,1003.035
581.80,985.676,994.421,1011.993,1003.919
581.84,986.357,994.081,1012.056,1003.417
581.88,986.232,994.326,1012.162,1002.627
581.92,985.812,994.205,1012.056,1003.389
581.96,986.189,994.284,1011.379,1003.768
582.00,985.987,994.954,1012.869,1003.074
582.04,987.141,995.072,1012.314,1003.714
582.08,986.603,994.954,1012.711,1004.994
582.12,986.992,995.797,1012.860,1004.211
582.16,986.847,996.429,1012.089,1004.093
582.20,986.288,995.963,1012.720,1005.034
582.24,987.373,995.564,1012.334,1004.528
582.28,986.482,995.385,1012.956,1003.690
582.32,986.280,994.788,1011.624,1003.859
582.36,985.549,994.402,1011.521,1003.495
582.40,985.885,994.238,1012.402,1002.367
582.44,986.470,993.548,1011.743,1002.976
582.48,985.807,993.361,1012.362,1003.631
582.52,986.393,994.390,1011.839,1002.864
582.56,985.742,995.225,1012.010,1003.322
582.60,986.521,995.236,1012.393,1004.493
582.64,987.507,995.543,1012.982,1004.553
582.68,987.408,996.069,1013.651,1004.540
582.72,987.351,996.290,1012.336,1005.336
582.76,986.395,996.608,1012.644,1005.094
582.80,986.858,996.648,1012.371,1004.093
582.84,986.581,995.494,1012.390,1004.357
582.88,986.626,994.324,1012.709,1004.057
582.92,986.574,994.043,1012.037,1002.870
582.96,985.312,993.925,1011.842,1002.712
583.00,985.666,993.757,1011.123,1002.960
583.04,985.691,993.898,1012.175,1002.739
583.08,986.603,994.075,1012.441,1003.033
583.12,986.676,994.366,1012.271,1004.096
583.16,986.583,995.357,1012.916,1004.272
583.20,987.258,996.389,1012.733,1004.372
583.24,987.226,996.659,1013.219,1005.451
583.28,987.728,996.705,1013.047,1005.733
583.32,987.182,996.951,1012.836,1005.043
583.36,986.573,996.542,1012.513,1004.615
583.40,986.525,995.464,1011.979,1004.319
583.44,986.258,994.421,1012.627,1003.345
583.48,986.465,993.582,1011.978,1002.646
583.52,985.442,993.089,1011.722,1002.778
583.56,985.557,993.385,1011.460,1002.389
583.60,985.507,993.895,1011.501,1002.436
583.64,986.012,994.132,1012.287,1003.285
583.68,987.138,994.534,1012.528,1003.952
583.72,986.950,995.481,1013.109,1004.427
583.76,987.089,996.468,1012.546,1004.935
583.80,986.879,997.067,1012.577,1005.293
583.84,987.294,997.047,1013.233,1005.165
583.88,987.795,996.367,1013.222,1005.112
583.92,987.204,995.665,1013.149,1004.926
583.96,986.568,995.393,1011.985,1004.047
584.00,985.468,995.063,1011.564,1003.186
584.04,985.532,994.166,1011.600,1002.824
584.08,985.890,993.125,1011.686,1002.632
584.12,985.853,992.739,1012.206,1002.313
584.16,985.861,993.103,1011.583,1002.417
584.20,985.272,993.887,1011.442,1002.937
584.24,985.833,994.795,1011.823,1003.231
584.28,986.835,995.303,1012.697,1003.901
584.32,987.436,995.510,1013.394,1005.010
584.36,987.748,996.215,1013.082,1005.304
584.40,987.124,997.164,1013.112,1005.100
584.44,987.130,997.275,1012.456,1005.350
584.48,986.848,996.635,1012.663,1005.276
584.52,987.099,995.825,1012.935,1004.238
584.56,986.686,994.743,1012.309,1003.679
584.60,985.734,993.870,1011.793,1003.352
584.64,985.393,993.596,1011.336,1002.301
584.68,985.249,993.311,1011.513,1001.937
584.72,985.747,992.871,1011.719,1002.584
584.76,986.250,993.170,1012.281,1002.875
584.80,986.576,994.293,1012.627,1003.185
584.84,986.577,995.467,1012.176,1004.417
584.88,986.773,996.552,1012.666,1005.128
584.92,987.684,997.327,1013.476,1005.191
584.96,988.173,997.234,1013.578,1005.940
585.00,987.796,996.927,1013.444,1006.175
585.04,987.350,997.004,1012.937,1004.987
585.08,986.469,996.464,1012.230,1004.382
585.12,986.088,995.111,1011.904,1004.132
585.16,986.046,993.885,1012.086,1002.901
585.20,985.840,992.990,1011.790,1001.994
585.24,985.025,992.388,1011.019,1002.215
585.28,984.724,992.639,1011.055,1001.816
585.32,985.424,993.267,1011.377,1001.623
585.36,985.924,993.462,1012.181,1003.055
585.40,986.992,994.165,1012.747,1004.068
585.44,987.352,995.804,1013.181,1004.358
585.48,987.188,997.184,1012.735,1005.472
585.52,987.115,997.864,1012.729,1006.260
585.56,987.856,998.032,1013.508,1005.662
585.60,987.839,997.116,1013.325,1005.561
585.64,987.242,995.887,1013.066,1005.292
585.68,986.644,995.226,1012.260,1003.755
585.72,985.658,994.502,1011.682,1002.751
585.76,985.192,993.358,1011.300,1002.652
585.80,985.661,992.631,1011.594,1002.037
585.84,985.814,992.544,1012.458,1001.785
585.88,986.202,992.902,1011.540,1002.864
585.92,985.562,994.192,1012.137,1003.493
585.96,986.629,995.824,1012.062,1003.604
586.00,986.767,996.457,1012.794,1004.998
586.04,987.775,996.636,1013.565,1005.842
586.08,988.329,997.062,1013.368,1005.501
586.12,987.075,997.235,1013.556,1005.530
586.16,987.243,996.856,1011.920,1005.343
586.20,986.157,996.187,1012.680,1004.334
586.24,986.704,994.973,1012.274,1003.349
586.28,986.036,993.480,1011.765,1003.278
586.32,985.332,992.883,1011.892,1002.375
586.36,985.376,993.026,1010.589,1001.545
586.40,984.186,992.946,1011.149,1002.080
586.44,985.733,993.004,1011.129,1002.268
586.48,986.114,993.462,1012.608,1002.588
586.52,986.835,994.183,1012.644,1003.746
586.56,986.745,995.425,1012.065,1004.723
586.60,986.525,997.023,1013.214,1004.676
586.64,988.004,997.488,1012.828,1005.376
586.68,987.803,996.994,1014.092,1006.448
586.72,988.530,996.956,1013.613,1005.700
586.76,987.000,997.048,1012.610,1004.983
586.80,985.869,996.364,1011.980,1004.644
586.84,986.332,995.148,1011.749,1003.515
586.88,986.071,993.640,1012.806,1002.629
586.92,986.339,992.406,1011.621,1002.569
586.96,984.990,992.474,1011.423,1002.170
587.00,984.882,993.401,1010.920,1001.556
587.04,985.200,993.738,1011.021,1002.442
587.08,986.052,993.839,1012.568,1003.500
587.12,987.524,994.562,1012.735,1003.784
587.16,986.910,995.691,1013.130,1004.616
587.20,986.982,996.778,1012.348,1005.369
587.24,987.052,997.561,1012.916,1005.283
587.28,987.661,997.281,1013.577,1005.358
587.32,988.022,996.341,1013.238,1005.701
587.36,987.247,995.860,1013.273,1004.917
587.40,986.408,995.700,1011.880,1003.789
587.44,985.410,994.974,1011.539,1003.405
587.48,985.769,993.839,1011.847,1002.882
587.52,986.229,992.963,1012.059,1002.331
587.56,985.794,992.687,1012.246,1002.468
587.60,985.648,993.281,1011.147,1002.690
587.64,985.320,994.400,1011.750,1002.774
587.68,986.378,995.056,1012.223,1003.490
587.72,987.305,995.236,1012.869,1004.729
587.76,987.511,995.923,1013.843,1005.100
587.80,988.054,996.903,1012.945,1005.148
587.84,986.798,997.410,1013.164,1005.832
587.88,987.541,997.370,1012.589,1005.554
587.92,987.208,996.764,1013.316,1004.882
587.96,987.376,995.593,1013.056,1004.603
588.00,986.702,994.607,1012.074,1004.128
588.04,985.573,994.374,1012.192,1002.882
588.08,985.701,993.958,1010.911,1002.377
588.12,984.882,993.200,1011.666,1002.719
588.16,986.074,993.015,1011.806,1002.243
588.20,985.996,993.299,1011.802,1002.426
588.24,985.594,993.857,1012.106,1003.343
588.28,986.479,994.897,1011.614,1003.603
588.32,986.357,995.804,1013.088,1003.995
588.36,987.836,996.065,1012.835,1005.099
588.40,987.329,996.406,1013.195,1005.720
588.44,987.291,997.094,1013.135,1005.002
588.48,987.150,997.057,1012.346,1004.944
588.52,986.478,996.099,1013.058,1005.112
588.56,987.600,995.270,1012.733,1004.023
588.60,986.524,994.573,1012.818,1003.547
588.64,985.770,994.049,1011.275,1003.544
588.68,985.028,994.158,1010.895,1002.545
588.72,985.024,993.946,1011.796,1001.915
588.76,986.390,992.976,1011.743,1002.796
588.80,986.404,992.838,1013.074,1003.261
588.84,986.924,994.171,1012.154,1003.103
588.88,985.750,995.673,1011.951,1004.063
588.92,986.483,996.569,1012.271,1004.874
588.96,987.734,996.886,1013.174,1005.077
589.00,987.994,996.607,1014.316,1005.589
589.04,988.333,996.417,1012.850,1005.831
589.08,986.354,996.774,1012.931,1005.031
589.12,986.592,996.674,1011.905,1004.013
589.16,986.120,995.282,1011.875,1004.108
589.20,986.157,993.833,1012.565,1003.411
589.24,986.506,993.169,1011.742,1002.217
589.28,984.975,992.924,1011.775,1002.270
589.32,985.362,993.076,1010.657,1002.461
589.36,985.159,993.740,1011.878,1002.234
589.40,986.543,994.087,1012.364,1002.982
589.44,987.086,994.410,1012.684,1004.493
589.48,987.238,995.749,1013.628,1004.729
589.52,987.730,997.208,1012.732,1005.068
589.56,986.992,997.728,1013.221,1006.244
589.60,988.029,997.748,1013.344,1006.067
589.64,988.081,997.296,1013.754,1005.396
589.68,987.549,996.306,1013.429,1005.383
589.72,986.883,995.496,1011.945,1004.656
589.76,985.378,995.155,1011.960,1003.056
589.80,985.475,994.086,1011.096,1002.408
589.84,985.340,992.636,1011.580,1002.442
589.88,985.673,992.051,1011.993,1001.780
589.92,985.686,992.450,1011.306,1001.676
589.96,984.958,993.258,1011.647,1002.643
590.00,986.095,994.416,1011.307,1003.231
590.04,986.159,995.502,1012.636,1003.853
590.08,987.485,996.057,1013.058,1004.879
590.12,988.081,996.464,1013.533,1005.692
590.16,987.637,997.176,1013.602,1005.770
590.20,987.280,997.684,1012.186,1005.546
590.24,986.384,997.307,1012.900,1005.118
590.28,987.516,995.989,1012.724,1004.458
590.32,986.984,994.473,1013.019,1004.069
590.36,986.377,993.742,1012.224,1003.247
590.40,985.302,993.764,1010.906,1002.383
590.44,984.503,993.692,1011.241,1002.116
590.48,985.903,993.242,1011.366,1002.295
590.52,986.189,992.972,1012.874,1002.871
590.56,987.062,993.689,1012.440,1003.374
590.60,986.084,995.186,1012.049,1004.062
590.64,986.141,996.626,1012.231,1004.449
590.68,987.460,997.069,1012.927,1005.005
590.72,988.324,996.617,1014.599,1005.856
590.76,988.946,996.481,1013.824,1006.109
590.80,987.156,997.172,1013.069,1005.531
590.84,986.182,997.492,1011.756,1004.786
590.88,985.984,996.432,1011.724,1004.285
590.92,986.546,994.443,1012.915,1003.552
590.96,987.062,992.799,1012.358,1002.795
591.00,985.376,992.446,1011.895,1002.294
591.04,984.809,993.110,1010.372,1001.791
591.08,984.256,993.688,1010.765,1001.915
591.12,986.004,993.584,1012.167,1002.591
591.16,987.535,993.600,1013.262,1003.752
591.20,987.457,994.753,1013.526,1004.621
591.24,987.014,996.803,1012.155,1005.041
591.28,986.351,998.332,1012.460,1005.452
591.32,987.669,998.103,1013.190,1005.908
591.36,988.635,996.874,1014.224,1006.076
591.40,988.348,996.000,1014.071,1005.496
591.44,986.866,995.911,1012.022,1004.542
591.48,984.866,995.777,1011.108,1003.494
591.52,984.972,994.643,1010.646,1002.531
591.56,985.376,992.706,1011.851,1001.996
591.60,986.283,991.267,1012.373,1001.729
591.64,985.727,991.399,1011.425,1001.775
591.68,984.515,993.045,1011.102,1001.928
591.72,985.394,994.699,1011.058,1002.613
591.76,986.366,995.363,1012.671,1004.218
591.80,988.231,995.821,1013.769,1005.322
591.84,988.436,996.872,1013.985,1005.819
591.88,987.734,998.026,1013.326,1006.252
591.92,987.200,998.556,1012.514,1006.227
591.96,987.189,998.007,1013.165,1005.517
592.00,987.804,996.298,1013.307,1004.953
592.04,987.204,994.504,1013.098,1004.398
592.08,986.219,993.818,1011.961,1003.015
592.12,984.758,993.668,1010.695,1002.002
592.16,984.169,993.142,1010.672,1001.807
592.20,985.491,992.376,1011.393,1001.657
592.24,986.144,992.097,1012.620,1002.066
592.28,986.540,992.862,1012.135,1003.006
592.32,985.790,994.780,1011.791,1003.698
592.36,986.065,996.699,1011.957,1004.160
592.40,987.181,997.244,1012.815,1005.299
592.44,988.283,996.897,1014.130,1006.150
592.48,988.751,996.877,1013.872,1005.942
592.52,987.149,997.158,1013.042,1005.524
592.56,986.358,997.036,1011.746,1004.886
592.60,985.954,995.984,1012.062,1003.925
592.64,986.567,994.215,1012.532,1003.197
592.68,986.480,992.652,1012.251,1002.839
592.72,985.432,992.427,1011.601,1002.167
592.76,984.677,993.170,1010.371,1001.637
592.80,984.449,993.570,1010.931,1001.988
592.84,985.943,993.490,1011.985,1002.754
592.88,987.215,993.747,1013.029,1003.487
592.92,987.155,994.833,1013.069,1004.381
592.96,986.746,996.485,1012.135,1004.980
593.00,986.509,997.770,1012.672,1005.139
593.04,987.828,997.610,1013.184,1005.612
593.08,988.170,996.588,1013.978,1006.018
593.12,988.028,996.115,1013.647,1005.285
593.16,986.684,996.114,1012.197,1004.378
593.20,985.403,995.667,1011.417,1003.784
593.24,985.570,994.557,1011.485,1002.971
593.28,986.166,993.140,1012.153,1002.362
593.32,986.106,992.174,1012.253,1002.417
593.36,985.512,992.532,1011.167,1002.323
593.40,984.540,993.813,1010.927,1002.043
593.44,985.360,994.519,1011.274,1002.628
593.48,986.605,994.454,1012.749,1003.860
593.52,987.916,994.796,1013.599,1004.534
593.56,987.728,996.005,1013.299,1005.009
593.60,986.889,997.324,1012.522,1005.556
593.64,986.846,997.990,1012.456,1005.569
593.68,987.526,997.439,1013.364,1005.293
593.72,987.931,996.034,1013.424,1005.341
593.76,987.132,995.096,1012.942,1004.588
593.80,986.096,994.877,1011.800,1003.211
593.84,984.929,994.413,1011.037,1002.720
593.88,985.243,993.414,1011.243,1002.408
593.92,985.973,992.601,1012.288,1002.032
593.96,986.446,992.444,1012.511,1002.389
594.00,986.137,993.316,1011.918,1003.205
594.04,985.676,995.098,1011.710,1003.532
594.08,986.367,996.466,1012.237,1004.093
594.12,987.713,996.634,1013.543,1005.410
594.16,988.719,996.536,1014.085,1006.216
594.20,988.051,997.233,1013.654,1005.903
594.24,987.097,997.811,1012.638,1005.417
594.28,986.631,997.309,1012.207,1005.259
594.32,986.711,995.932,1012.757,1004.523
594.36,987.114,994.409,1012.780,1003.446
594.40,986.226,993.249,1012.436,1002.976
594.44,985.474,993.009,1011.041,1002.491
594.48,984.498,993.448,1010.874,1001.812
594.52,985.126,993.502,1011.129,1001.931
594.56,986.219,993.147,1012.282,1002.922
594.60,987.020,993.528,1013.103,1003.544
594.64,986.987,995.036,1012.329,1004.084
594.68,986.175,996.652,1012.452,1004.804
594.72,987.133,997.512,1012.391,1005.333
594.76,987.793,997.306,1013.812,1005.685
594.80,988.529,996.650,1013.982,1005.870
594.84,987.679,996.366,1012.993,1005.489
594.88,986.283,996.455,1012.351,1004.424
594.92,985.820,995.820,1011.191,1003.646
594.96,985.503,994.323,1011.997,1003.161
595.00,986.422,992.852,1012.388,1002.369
595.04,986.151,992.189,1011.979,1002.189
595.08,985.061,992.668,1011.409,1002.284
595.12,985.095,993.881,1010.725,1002.232
595.16,985.376,994.641,1011.993,1002.901
595.20,987.272,994.747,1012.673,1004.132
595.24,987.636,995.273,1013.599,1004.956
595.28,987.512,996.515,1013.201,1005.114
595.32,986.954,997.612,1012.298,1005.456
595.36,986.700,997.669,1012.862,1005.571
595.40,987.920,996.797,1013.163,1005.117
595.44,987.667,995.578,1013.785,1004.851
595.48,987.217,994.829,1012.479,1004.369
595.52,985.568,994.818,1011.617,1003.335
595.56,985.170,994.647,1011.256,1002.513
595.60,985.612,993.626,1011.361,1002.693
595.64,985.983,992.791,1012.372,1002.678
595.68,986.482,992.983,1012.112,1002.427
595.72,985.755,993.812,1012.009,1003.020
595.76,985.889,994.895,1011.575,1003.724
595.80,986.267,995.895,1012.113,1004.037
595.84,987.136,996.174,1013.179,1004.613
595.88,988.067,996.006,1013.508,1005.407
595.92,987.679,996.310,1013.489,1005.478
595.96,986.982,996.959,1012.328,1004.950
596.00,985.840,996.848,1011.760,1004.632
596.04,986.230,995.721,1012.157,1003.968
596.08,986.812,994.126,1012.601,1003.303
596.12,986.526,992.952,1012.634,1002.968
596.16,985.768,992.923,1011.481,1002.568
596.20,984.694,993.756,1010.904,1002.183
596.24,985.052,994.183,1011.117,1002.358
596.28,986.072,993.972,1012.113,1003.187
596.32,987.328,994.001,1013.413,1003.761
596.36,987.668,994.894,1013.217,1004.382
596.40,986.772,996.349,1012.521,1005.176
596.44,986.689,997.691,1012.521,1005.255
596.48,987.552,997.799,1013.213,1005.426
596.52,988.199,996.713,1013.780,1005.980
596.56,987.922,996.008,1013.442,1005.460
596.60,986.658,995.980,1012.291,1004.132
596.64,985.254,995.487,1011.141,1003.524
596.68,985.149,994.274,1011.136,1002.840
596.72,985.858,992.864,1012.082,1001.937
596.76,986.091,991.809,1011.969,1001.943
596.80,985.177,992.043,1011.264,1002.216
596.84,984.944,993.510,1010.944,1001.877
596.88,985.407,994.520,1011.724,1002.627
596.92,986.930,994.775,1012.666,1004.384
596.96,987.849,995.485,1013.638,1005.106
597.00,987.847,996.916,1013.471,1005.227
597.04,987.145,997.838,1012.519,1005.975
597.08,987.010,997.999,1012.903,1005.942
597.12,987.765,997.288,1013.295,1005.141
597.16,987.596,995.770,1013.452,1004.939
597.20,987.029,994.641,1012.640,1004.360
597.24,985.713,994.447,1011.653,1002.938
597.28,984.917,994.073,1010.938,1002.213
597.32,984.944,993.141,1010.980,1002.332
597.36,985.601,992.476,1011.849,1001.990
597.40,986.177,992.483,1012.157,1001.990
597.44,985.863,993.172,1011.911,1002.991
597.48,985.906,994.672,1011.678,1003.590
597.52,986.241,996.138,1012.336,1003.925
597.56,987.325,996.567,1012.942,1005.061
597.60,987.959,996.536,1013.741,1005.897
597.64,988.285,996.949,1013.868,1005.547
597.68,987.540,997.248,1012.993,1005.477
597.72,986.579,997.001,1012.356,1005.443
597.76,986.786,996.340,1012.418,1004.311
597.80,986.656,995.035,1012.748,1003.654
597.84,986.441,993.612,1012.043,1003.514
597.88,985.434,993.200,1011.455,1002.550
597.92,984.801,993.434,1010.944,1001.580
597.96,984.907,993.075,1010.960,1002.022
598.00,985.803,992.763,1012.100,1002.582
598.04,986.812,993.341,1012.602,1002.794
598.08,986.481,994.538,1012.436,1003.776
598.12,986.446,995.980,1012.229,1004.674
598.16,987.007,997.193,1012.736,1004.983
598.20,987.825,997.390,1013.613,1005.629
598.24,988.365,996.934,1013.712,1006.271
598.28,987.706,996.882,1013.420,1005.662
598.32,986.664,996.899,1012.407,1004.617
598.36,986.077,995.979,1011.877,1004.133
598.40,986.146,994.472,1012.125,1003.472
598.44,986.317,993.231,1012.215,1002.554
598.48,985.645,992.611,1011.740,1002.176
598.52,984.939,992.731,1010.708,1002.105
598.56,984.555,993.398,1010.994,1001.834
598.60,985.768,993.697,1011.760,1002.258
598.64,986.839,993.718,1012.823,1003.691
598.68,987.371,994.650,1013.197,1004.478
598.72,987.170,996.498,1012.642,1004.707
598.76,986.669,997.728,1012.682,1005.479
598.80,987.768,997.842,1013.273,1006.012
598.84,988.359,997.261,1014.181,1005.962
598.88,988.245,996.602,1013.666,1005.639
598.92,986.770,996.235,1012.274,1005.014
598.96,985.411,995.908,1011.362,1003.659
599.00,985.438,994.669,1011.454,1002.572
599.04,985.848,992.667,1012.074,1002.436
599.08,986.172,991.562,1012.021,1002.060
599.12,985.376,992.124,1011.591,1001.552
599.16,984.708,993.326,1010.729,1002.083
599.20,984.980,994.357,1010.965,1002.984
599.24,986.390,995.012,1012.719,1003.487
599.28,988.204,995.282,1013.657,1004.586
599.32,987.934,995.923,1013.776,1005.950
599.36,987.578,997.515,1012.805,1005.703
599.40,986.630,998.604,1012.452,1005.424
599.44,987.166,997.756,1012.955,1005.729
599.48,988.162,996.012,1013.719,1005.361
599.52,987.720,994.875,1013.847,1004.316
599.56,986.458,994.478,1011.577,1003.611
599.60,984.282,994.459,1010.803,1002.902
599.64,984.985,994.067,1010.822,1001.760
599.68,985.709,992.726,1012.137,1002.118
599.72,986.819,991.829,1012.818,1002.812
599.76,986.547,992.938,1012.077,1002.830
599.80,985.150,995.093,1011.584,1003.176
599.84,985.663,996.436,1010.878,1004.141
599.88,986.681,996.557,1013.202,1004.822
599.92,988.691,996.054,1014.121,1005.195
599.96,988.329,995.878,1013.656,1005.771
